{"type": "FeatureCollection", "features": [{"type": "Feature", "properties": {"zoneId": "AGO-cunene-cahama"}, "geometry": {"type": "Polygon", "coordinates": [[[14.279854546263095, -16.908410326242006], [14.415203288883163, -16.823647711462286], [14.41609356774785, -16.8230900452308], [14.438471856427952, -16.76953107622137], [14.475396032750155, -16.7063120860567], [14.486585176667518, -16.62591873990334], [14.615260336766823, -16.53905608255758], [14.63575884943208, -16.527085267636323], [14.641487691735733, -16.527085267589314], [14.642919901844436, -16.527085267589314], [14.644352111953026, -16.527085267589314], [14.645784322760903, -16.527085267636323], [14.647932638474117, -16.525712223530775], [14.650797059425258, -16.525025697817], [14.652945375138472, -16.523652639067734], [14.655093690851686, -16.52227957055686], [14.657958111802827, -16.52159303264108], [14.663686953360013, -16.517473753738216], [14.66726747989378, -16.51266781771608], [14.668699690087635, -16.509234933200673], [14.668699690087635, -16.502368980889173], [14.668699690087635, -16.49893591288651], [14.668699690087635, -16.497562669141473], [14.668699690087635, -16.496876043182795], [14.668699690087635, -16.496189414787125], [14.66798358513148, -16.496189415101128], [14.66726747989378, -16.492069595086207], [14.666551374475432, -16.49206959496638], [14.666551374475432, -16.49138294951507], [14.665835268972046, -16.49138294951507], [14.665119164180567, -16.49069630225688], [14.665119164180567, -16.490009652188064], [14.664403058863456, -16.49000965216527], [14.664403058863456, -16.4893229994056], [14.663686953360013, -16.4893229994056], [14.663686953360013, -16.488636345071427], [14.662254743229482, -16.48863634474236], [14.661538637747867, -16.483829692227687], [14.660822532753912, -16.483143017534587], [14.660822532753912, -16.479709608886083], [14.661538637991612, -16.479709608886083], [14.662254743229482, -16.479709608886083], [14.662970848754924, -16.479709608487212], [14.663686953360013, -16.479709608487212], [14.662254743229482, -16.47833622838351], [14.660106427516212, -16.47764953448052], [14.658674216632278, -16.476962838447946], [14.656525901020302, -16.47627613942143], [14.654377585408156, -16.47490273492747], [14.653661480376172, -16.474902734525642], [14.652945375138472, -16.47352931994368], [14.652945375138472, -16.47146917981729], [14.65222926979618, -16.470782461309113], [14.651513164292737, -16.47009574123956], [14.651513164292737, -16.46872229207753], [14.651513164292737, -16.468035563846627], [14.650797059425258, -16.468035564269826], [14.650797059425258, -16.465975365743304], [14.650797059425258, -16.465288628035296], [14.650080954183977, -16.464601887920196], [14.644352111953026, -16.39660258661462], [14.677292953222434, -16.314834622684543], [14.79974694871271, -16.194525585592714], [14.785335330970156, -16.168649537629904], [14.786454245076982, -16.166500212136043], [14.786454245076982, -16.161126794452798], [14.787573159645433, -16.161126794452798], [14.787573159645433, -16.157902674603008], [14.79428664615773, -16.14608044986386], [14.79540556072618, -16.14500566791702], [14.796524475294461, -16.14500566791702], [14.796524475294461, -16.143930879270783], [14.796524475294461, -16.142856084788548], [14.79764338974428, -16.142856084620803], [14.79764338974428, -16.128883227101483], [14.820021678424382, -16.12458368802828], [14.880443057860816, -16.09448430397765], [15.033734335057943, -16.05040197569997], [14.995691244222485, -15.947146678007527], [14.980026442060932, -15.954677512013973], [14.976669699185493, -15.953601695907707], [14.966599469036339, -15.951450045998172], [14.964361640411369, -15.950374212956888], [14.959885982524042, -15.949298373981208], [14.945340094930941, -15.939615561147264], [14.943102265793982, -15.939615561147264], [14.941983351731267, -15.938539664310213], [14.94086443729708, -15.93746376162602], [14.938626608418645, -15.93746376129019], [14.938626608418645, -15.936387853571091], [14.936388779281685, -15.935311939219162], [14.929675292769389, -15.933160093209722], [14.920723977120133, -15.92778037811587], [14.919605063050994, -15.92670441752523], [14.917367234183018, -15.925628451396904], [14.915129405176287, -15.923476501555115], [14.912891576039385, -15.923476501555115], [14.91177266201305, -15.921324529231526], [14.906178089527032, -15.919172533620383], [14.903940260974878, -15.917020514839521], [14.901702432106902, -15.917020514839521], [14.900583517583186, -15.915944496503812], [14.898345688446284, -15.914868473470221], [14.898345688446284, -15.913792443810621], [14.896107859936933, -15.913792443535272], [14.889394373332948, -15.907336145369584], [14.886037629990142, -15.907336145733211], [14.882680886284732, -15.90518400000525], [14.863659341316236, -15.90518400000525], [14.862540426747785, -15.904107918502802], [14.861421512179334, -15.904107918502802], [14.860302597610882, -15.904107918502802], [14.858064769180544, -15.903031831395197], [14.856945854746584, -15.903031831395197], [14.855826940235488, -15.901955738222341], [14.852470197010575, -15.901955738505194], [14.832329736993131, -15.88796600685805], [14.83009190833053, -15.88796600709378], [14.828972993896514, -15.88581365440325], [14.827854079462497, -15.884737469428899], [14.826735165028538, -15.884737469428899], [14.825616250480834, -15.88366127881335], [14.823378421343932, -15.88258508220531], [14.822259507292358, -15.881508879993362], [14.821140592858342, -15.881508879993362], [14.820021678424382, -15.879356458279346], [14.817783849400087, -15.879356457873257], [14.816664934831579, -15.87828023912499], [14.814427106254414, -15.878280238796378], [14.814427106254414, -15.877204013563187], [14.811070362887733, -15.876127782650201], [14.809951448319282, -15.876127782650201], [14.806594705216241, -15.875051545847555], [14.804356876348265, -15.875051545847555], [14.798762304178297, -15.872899055135349], [14.79540556072618, -15.872899054817424], [14.790929903140125, -15.871822801156327], [14.73498418121693, -15.87182280157316], [14.722676122665746, -15.86967027595432], [14.712605892543081, -15.859983627946804], [14.704773491462277, -15.854601956061572], [14.704773491462277, -15.852449246761694], [14.70253566285362, -15.851372883810768], [14.70141674841966, -15.851372883810768], [14.699178919518431, -15.850296515358707], [14.69806000494998, -15.84922014061317], [14.696941090381529, -15.84922014061317], [14.694703261815675, -15.848143759962625], [14.693584347381488, -15.848143759962625], [14.692465432947529, -15.847067373865286], [14.657779085493473, -15.847067373865286], [14.651065598465323, -15.84922014061317], [14.644352111953026, -15.84922014061317], [14.63987645454921, -15.850296514935735], [14.638757540008953, -15.851372883498811], [14.634281882379241, -15.851372883810768], [14.628687309791474, -15.853525604282765], [14.627568395775256, -15.853525604336085], [14.624211652415909, -15.854601956061572], [14.623092737847628, -15.854601956061572], [14.6208549091711, -15.855678301892567], [14.619735994737084, -15.856754642056671], [14.615260336766823, -15.856754642391309], [14.613022508133156, -15.857830976477544], [14.610784679264953, -15.857830976477544], [14.608546850254356, -15.858907304884099], [14.599595534605271, -15.858907304884099], [14.596238791623023, -15.857830976477544], [14.590644219452884, -15.854601955985572], [14.587287476148958, -15.853525604282765], [14.585049647012, -15.852449246761694], [14.580573989546906, -15.850296514935735], [14.57386050294275, -15.84922014031963], [14.571622673987406, -15.847067373900188], [14.569384845206798, -15.847067373865286], [14.568265930772782, -15.847067373865286], [14.566028101904806, -15.845990982027786], [14.56490918747079, -15.844914584450578], [14.563790272906601, -15.844914584226956], [14.56267135833832, -15.843838180781006], [14.560433529734837, -15.842761772078404], [14.55931461530065, -15.84168535728412], [14.557076786394475, -15.84060893687456], [14.554838957257573, -15.839532510474669], [14.552601128696665, -15.838456078472461], [14.551482214262705, -15.836303197244433], [14.5492443853135, -15.83522674836604], [14.547006556176768, -15.83522674836604], [14.54476872765872, -15.833073832378659], [14.542530898790574, -15.833073832378659], [14.540293069664472, -15.83199736590467], [14.53917415509602, -15.830920893613268], [14.538055241054565, -15.829844415892978], [14.535817412186589, -15.829844415892978], [14.535817412186589, -15.828767932261655], [14.531341754015216, -15.8266149479673], [14.527985011148644, -15.82661494779694], [14.52574718207137, -15.824461940310073], [14.52462826750292, -15.824461940310073], [14.523509353412464, -15.823385428099812], [14.521271524544488, -15.823385428099812], [14.520152610110472, -15.822308910068841], [14.519033695559074, -15.822308909721755], [14.517914780990623, -15.82123238669368], [14.51567695237452, -15.821232386305837], [14.514558037940503, -15.821232386305837], [14.514558037940503, -15.820155856811027], [14.438471856427952, -15.917020514839521], [14.337769557031038, -15.998780996051494], [14.266159033590895, -16.05147727038087], [14.13412713037809, -16.093409241538325], [14.125175814905901, -16.108459585928756], [14.124056900471942, -16.108459585928756], [14.121819071373181, -16.109534566470472], [14.119581242735933, -16.109534566854336], [14.112867755723926, -16.112759474683287], [14.112867755723926, -16.113834432435908], [14.111748841697988, -16.114909384100088], [14.111748841697988, -16.115984330070376], [14.110629927263801, -16.115984330070376], [14.110629927263801, -16.117059270213588], [14.108392098348588, -16.118134204315766], [14.10727318378008, -16.120284055721925], [14.106154269211629, -16.1213589726824], [14.105035355093833, -16.12243388351112], [14.102797526225856, -16.125658581542325], [14.102797526225856, -16.12780835107918], [14.100559697267784, -16.12995809763646], [14.099440782699332, -16.133182672743033], [14.098321868130881, -16.134257519734717], [14.096084039621871, -16.13533236076671], [14.096084039621871, -16.137482025325426], [14.094965125187684, -16.138556848854023], [14.091608381618528, -16.141781284470483], [14.091608381618528, -16.143930879270783], [14.089370553017716, -16.145005667490977], [14.089370553017716, -16.14608045017161], [14.088251638583756, -16.14608045017161], [14.086013809674682, -16.148229997972635], [14.082657065969329, -16.15360376521943], [14.081538151979771, -16.153603765486082], [14.081538151979771, -16.15467850146257], [14.079300323111568, -16.155753231599533], [14.079300323111568, -16.15790267435318], [14.078181408593935, -16.157902674603008], [14.077062494025483, -16.15897738734833], [14.075943579456975, -16.160052093389822], [14.074824665375615, -16.161126794678466], [14.073705750941599, -16.161126794678466], [14.073705750941599, -16.162201489770666], [14.07258683650764, -16.163276179020897], [14.07258683650764, -16.164350862428762], [14.068111178376228, -16.166500212136043], [14.063635521000833, -16.17079884024116], [14.062516606432382, -16.174022749735343], [14.059159863299499, -16.17402275013717], [14.053565290783126, -16.179395816742954], [14.053565290783126, -16.18154500175291], [14.04797071883928, -16.185843303316858], [14.046851804525545, -16.185843303161164], [14.045732889702379, -16.185843303316858], [14.043495061223382, -16.184768736672822], [14.042376146789422, -16.184768736672822], [14.041257232326984, -16.183694164232804], [14.039019403190025, -16.183694164232804], [14.037900488621574, -16.183694164232804], [14.036781574619397, -16.182619586148803], [14.03454374575142, -16.181545002113694], [14.030068088015469, -16.181545002113694], [14.016641114516176, -16.17617199407823], [13.997619569429048, -16.17402275013717], [13.99650065497923, -16.172948119657804], [13.990906082825063, -16.171873482669298], [13.988668253898481, -16.169724191765454], [13.98754933933003, -16.169724191765454], [13.985311510655094, -16.168649537629904], [13.983073681787118, -16.167574877594916], [13.981954767353102, -16.167574877594916], [13.979716938249226, -16.166500212136043], [13.97747910961698, -16.164350862428762], [13.976360195182963, -16.164350862428762], [13.975241280749003, -16.164350862428762], [13.975241280749003, -16.163276179020897], [13.97412236630538, -16.162201489674146], [13.97412236630538, -16.161126794452798], [13.973003451736929, -16.160052093389822], [13.97300345188097, -16.15897738696941], [13.973003451736929, -16.156827956017196], [13.973003451736929, -16.155753231591007], [13.973003451736929, -16.15360376521943], [13.971884537168478, -16.152529023274496], [13.971884537168478, -16.151454276353604], [13.97076562259997, -16.14930476327089], [13.969646708578978, -16.14715522701539], [13.969646708578978, -16.143930878973947], [13.967408879711002, -16.13963166654804], [13.967408879711002, -16.138556848854023], [13.967408879711002, -16.137482025325426], [13.965171050656124, -16.13533236089347], [13.965171050656124, -16.134257519734717], [13.964052136087673, -16.133182672743033], [13.964052136087673, -16.1321078199187], [13.96293322197505, -16.132107820179385], [13.961814307541033, -16.131032961651954], [13.959576478672886, -16.12995809729256], [13.952862992068901, -16.12780835107918], [13.94838733392612, -16.125658581369635], [13.94503059103073, -16.125658581542325], [13.934960360901528, -16.12350878825356], [13.906987500274568, -16.11275947467965], [13.900274013670582, -16.11275947467965], [13.899155099203028, -16.114909384362022], [13.898036184634577, -16.11598433046146], [13.895798355497618, -16.119209132932895], [13.890203783553773, -16.12995809763646], [13.890203783553773, -16.133182672743033], [13.887965954896458, -16.13640719596293], [13.886847040462499, -16.138556848854023], [13.886847040462499, -16.14178128443183], [13.884609211594466, -16.145005667490977], [13.883490297041476, -16.14930476327089], [13.883490297041476, -16.15037952273144], [13.88237138272649, -16.152529023670354], [13.881252467904517, -16.15360376521943], [13.881252467904517, -16.155753231591007], [13.870063323952365, -16.17402275013717], [13.867825494879924, -16.17724660748013], [13.865587666216413, -16.179395816499152], [13.861112008367627, -16.18691786408465], [13.858874179612258, -16.187992418588635], [13.856636350744225, -16.190141510614808], [13.855517436310265, -16.192290579237067], [13.853279607286822, -16.193365104967427], [13.852160692718371, -16.194439624778227], [13.85104177814992, -16.195514137874], [13.849922864140296, -16.197663148381935], [13.846566120774526, -16.198737644631535], [13.845447206206074, -16.201961098705112], [13.843209377536141, -16.20411003818907], [13.83761480512527, -16.208407847900673], [13.833139147630163, -16.21163114320052], [13.818593259988063, -16.232044123841263], [13.816355431019872, -16.233118432416575], [13.809641944507575, -16.248158139426096], [13.799571714289868, -16.259974244674368], [13.798452800175994, -16.263196696018326], [13.788382570269846, -16.273937817183935], [13.782787998099877, -16.279308157364653], [13.779431254752922, -16.280382208064793], [13.77831234018447, -16.282530290617046], [13.77719342561602, -16.282530290617046], [13.77719342561602, -16.284678350508784], [13.76712319602376, -16.29004839670654], [13.757052966079073, -16.297566213998948], [13.755934051510621, -16.299714109153058], [13.753696222373662, -16.30186198076217], [13.751458393947644, -16.302935907311905], [13.748101650645651, -16.305083743340333], [13.743625992909472, -16.308305453222317], [13.727961190833412, -16.3147487139737], [13.724604447187517, -16.316896420810167], [13.722366618663386, -16.317970264824623], [13.72012878979541, -16.320117935931876], [13.717890960675163, -16.32119176267787], [13.716772046106712, -16.32119176267787], [13.714534217625442, -16.322265583467924], [13.712296388731147, -16.32333939868539], [13.707820731021286, -16.323339398395944], [13.69215592894517, -16.329782164181097], [13.689918100057298, -16.329782164382607], [13.687680270920566, -16.330855938175546], [13.686561356352058, -16.330855938175546], [13.684323527907225, -16.33192970561271], [13.680966784408042, -16.331929705210086], [13.66418306767821, -16.339445914500686], [13.66418306767821, -16.340519635215003], [13.66306415366114, -16.341593350133508], [13.661945239226952, -16.34266705891963], [13.660826324792993, -16.34266705891963], [13.660826324792993, -16.34374076180586], [13.659707410302644, -16.343740761960248], [13.679847869839762, -16.38561056867627], [13.680966784408042, -16.387757496224197], [13.68208569897655, -16.38990439925243], [13.683204613473208, -16.390977842528287], [13.683204613473208, -16.3920512795562], [13.685442442341241, -16.39419813586386], [13.685442442341241, -16.397418375950338], [13.697750501115365, -16.417811992668646], [13.699988329983341, -16.428544616301394], [13.70222615851361, -16.42961784619888], [13.70222615851361, -16.431764288207262], [13.710058559594415, -16.444642440434393], [13.710058559594415, -16.44678871552236], [13.722366618663386, -16.460738929277966], [13.727961190833412, -16.46503110076759], [13.732436848268264, -16.46717715121332], [13.736912506305544, -16.469323177229057], [13.738031420739503, -16.47146917981729], [13.740269249349069, -16.471469179806604], [13.74138816391752, -16.47361515888747], [13.74138816391752, -16.476834082081325], [13.743625992909472, -16.480052952490098], [13.743625992909472, -16.48112589732949], [13.743625992909472, -16.483271769174678], [13.744744907343659, -16.485417617239534], [13.744744907343659, -16.50902037566061], [13.743625992909472, -16.511165938146405], [13.743625992909472, -16.516529740159683], [13.742507078475512, -16.517602482696475], [13.742507078475512, -16.5197479499015], [13.742507078475512, -16.520820674568995], [13.74138816391752, -16.52296610617958], [13.74138816391752, -16.527256897264408], [13.739150334780561, -16.532620252251945], [13.739150334780561, -16.53369290554042], [13.738031420739503, -16.535838194262112], [13.736912506305544, -16.53905608219975], [13.735793591871527, -16.541201311010695], [13.735793591871527, -16.54334651596713], [13.733555762836716, -16.545491697336274], [13.732436848268264, -16.547636853972165], [13.732436848268264, -16.550854545474238], [13.731317933699813, -16.5519270973752], [13.730199019701558, -16.55407218283608], [13.730199019701558, -16.556217244608035], [13.722366618663386, -16.568014657538072], [13.722366618663386, -16.571232008394986], [13.721247704229427, -16.57230444673462], [13.721247704229427, -16.57337687910075], [13.72012878979541, -16.575521725910846], [13.72012878979541, -16.576594140354246], [13.7190098752435, -16.5776665486531], [13.716772046106712, -16.585173240646384], [13.716772046106712, -16.589462647919106], [13.715653132059458, -16.59160731503823], [13.715653132059458, -16.616269271496662], [13.716772046106712, -16.617341458944907], [13.716772046106712, -16.63771187666714], [13.715653132059458, -16.638783943841077], [13.714534217625442, -16.64092806052014], [13.714534217625442, -16.644144190572035], [13.70558290215331, -16.66665558930555], [13.70558290215331, -16.68380535428463], [13.706701816587326, -16.685948966771605], [13.706701816587326, -16.687020764000522], [13.707820731021286, -16.689164340427737], [13.708939645025964, -16.691307892524094], [13.711177474162866, -16.692379659827736], [13.712296388731147, -16.695594925666114], [13.713415303191255, -16.696666668563807], [13.714534217625442, -16.69773840567592], [13.714534217625442, -16.69881013677457], [13.715653132059458, -16.69881013677457], [13.715653132059458, -16.69988186185924], [13.716772046106712, -16.702025294125576], [13.717890960675163, -16.703097001295248], [13.717890960675163, -16.706312085851152], [13.72012878979541, -16.708455445995924], [13.72012878979541, -16.71059878186719], [13.72012878979541, -16.711670440776516], [13.72012878979541, -16.715957016230675], [13.721247704229427, -16.717028645046696], [13.724604447187517, -16.73417388689279], [13.726842276324419, -16.738459956992585], [13.726842276324419, -16.749174708617886], [13.727961190833412, -16.75131758689895], [13.721292460806694, -16.77544472823024], [13.706254250813686, -16.793955840416288], [13.706254250813686, -16.794641402515197], [13.705538145456444, -16.796012519190754], [13.705538145456444, -16.79738362656599], [13.704822039953058, -16.79806917567936], [13.704822039953058, -16.80492453662697], [13.705538145456444, -16.80492453662697], [13.705538145456444, -16.806295579609923], [13.706254250813686, -16.806295579329117], [13.706970356051556, -16.806981096850336], [13.708402566526956, -16.809037634549384], [13.709834776680623, -16.80903763412772], [13.71126698747804, -16.809723142160635], [13.714131408429125, -16.81040864729397], [13.716279724142396, -16.811094149949668], [13.724156881360102, -16.811094150291012], [13.737762881275444, -16.806295579329117], [13.742059512658557, -16.806295579609923], [13.744207828270532, -16.8083521246445], [13.745640038890713, -16.809037634549384], [13.747072249366227, -16.809723142160635], [13.762110459359405, -16.813836135791973], [13.765690985289723, -16.815207113991562], [13.76712319602376, -16.81520711384394], [13.76712319602376, -16.815892599152278], [13.767839300901699, -16.815892599554218], [13.767839300901699, -16.820690926508973], [13.768555406405142, -16.820690926508973], [13.768555406405142, -16.821376392240893], [13.769271511736974, -16.821376392383968], [13.769271511736974, -16.846051497698795], [13.769987616974845, -16.84879297754611], [13.770703722017288, -16.849478341267172], [13.770703722017288, -16.852219771614784], [13.771419827450245, -16.85290512283092], [13.771419827450245, -16.853590471687255], [13.772135932688059, -16.854961161949348], [13.772135932688059, -16.855646503354933], [13.77285203762932, -16.856331842206657], [13.77285203762932, -16.857017178899014], [13.773568143132877, -16.857702512247954], [13.77428424840133, -16.858387844139656], [13.77571645874491, -16.85907317321295], [13.776432564114543, -16.859758499628015], [13.777864774357056, -16.85975849996936], [13.777864774357056, -16.860443823381786], [13.779296985065628, -16.86112914517929], [13.786458037443424, -16.863185094872904], [13.789322458394508, -16.86387040646821], [13.792902984539921, -16.864555715980714], [13.799347931376246, -16.866611628305805], [13.801496246988222, -16.867982223810372], [13.801496246988222, -16.870038098857208], [13.802928457911946, -16.870723385743645], [13.803644563149646, -16.871408670001415], [13.804360668103811, -16.873464508128905], [13.80579287886303, -16.874149782174413], [13.80579287886303, -16.874835054002574], [13.806508983715787, -16.876205590626284], [13.806508983715787, -16.890595619426847], [13.804360668103811, -16.898132816254133], [13.804360668103811, -16.90978061855992], [13.805076773607254, -16.91046576124188], [13.805076773607254, -16.912521173482844], [13.80579287886303, -16.912521173335108], [13.80579287886303, -16.91320630579895], [13.806508983715787, -16.913891435568416], [13.806508983715787, -16.914576563304024], [13.813670036055555, -16.921427701042376], [13.817250562667255, -16.924168086359657], [13.81868277278312, -16.924853176887495], [13.820114983618168, -16.925538264070326], [13.820114983618168, -16.9262233491865], [13.82154719389871, -16.9269084321391], [13.825843825122831, -16.931703940755085], [13.85305582437303, -16.94334966709107], [13.857352455597152, -16.944034686758528], [13.859500771695366, -16.94403468694958], [13.872390665975104, -16.94882975898804], [13.87453898139222, -16.94882975885747], [13.875971192163888, -16.950199757109658], [13.876687297004196, -16.950199757487383], [13.87740340250781, -16.950884752199045], [13.878119507877159, -16.950884752426475], [13.878835613114973, -16.952254735571785], [13.880267823590543, -16.952254735571785], [13.880983928828243, -16.952939723400164], [13.884564455017028, -16.95362470873215], [13.892441612632467, -16.957049597944035], [13.913924769709752, -16.97006360758337], [13.915356979818455, -16.972118368674785], [13.918221400933874, -16.973488197481174], [13.91893750642987, -16.97348819705502], [13.925382453273585, -16.97554292108896], [13.928962979758523, -16.976227823662725], [13.931111295471737, -16.976912724066437], [13.933975716422822, -16.978282517375533], [13.936840137373963, -16.978282517375533], [13.936840137373963, -16.97896741028063], [13.9504461368914, -16.97896741028063], [13.954026662632373, -16.976227823387035], [13.954026662632373, -16.974173107276783], [13.954742768135816, -16.974173107276783], [13.955458873555756, -16.97348819705502], [13.957607189251405, -16.972803284327426], [13.999141293059381, -16.97348819705502], [13.999857398297252, -16.972118368756867], [14.000573503289615, -16.972118368674785], [14.001289608772765, -16.971433450859536], [14.002005714010465, -16.971433450859536], [14.003437924405205, -16.97006360758337], [14.00845066113294, -16.967323890862417], [14.010598976744916, -16.966638955221697], [14.01990834469666, -16.959789464010044], [14.02993381815196, -16.939239492395643], [14.02993381815196, -16.934444175799285], [14.030649923521082, -16.93375912091551], [14.031366028758782, -16.930333807530246], [14.032798239234353, -16.926908431809863], [14.033514344472167, -16.9262233491865], [14.034946554879525, -16.924853176887495], [14.034946554879525, -16.92416808653161], [14.035662660185437, -16.92279789867854], [14.036378765423137, -16.92211280109933], [14.037094870660951, -16.921427701027824], [14.037810975898651, -16.920742598464017], [14.039243186374222, -16.920057493408024], [14.03995929160709, -16.9186872756772], [14.046404238443415, -16.915946810441653], [14.047836449227304, -16.915946810741787], [14.050700870178446, -16.91457656325315], [14.05284918589183, -16.91320630579895], [14.06215855398267, -16.909780618569584], [14.062874659220483, -16.908410326242006], [14.064306869696054, -16.908410326242006], [14.065022974933754, -16.90704002395222], [14.065739080171625, -16.90704002395222], [14.066455185353846, -16.90635486865051], [14.075048448262407, -16.906354869071663], [14.105840973486295, -16.91868727581999], [14.124459709575149, -16.922797898342196], [14.129472446302714, -16.92553826389127], [14.130188551570427, -16.9262233491865], [14.130904656411303, -16.9269084321391], [14.150955603321734, -16.931703940755085], [14.153103918933937, -16.933074063264655], [14.154536129654218, -16.93375912091551], [14.155968340049526, -16.934444175799285], [14.158832761080873, -16.93444417611147], [14.160264971273648, -16.9364993263261], [14.160981076777091, -16.9364993263261], [14.161697182032015, -16.93718437195463], [14.162413286885624, -16.937184371799788], [14.163129392389237, -16.9378694147793], [14.165993813458442, -16.938554454910843], [14.168142129116802, -16.939924527891606], [14.170290444728778, -16.939924527891606], [14.172438760340924, -16.941294590540338], [14.174587075952957, -16.941979618552182], [14.176735392024966, -16.941979618646485], [14.178167602500537, -16.943349666677022], [14.180315918184135, -16.944034686758528], [14.183180339164892, -16.94403468694958], [14.187476970523846, -16.9460897325082], [14.225430547834492, -16.94882975885747], [14.24619760008818, -16.95499467190689], [14.279854546263095, -16.908410326242006]]]}}, {"type": "Feature", "properties": {"zoneId": "AGO-cunene-curoca"}, "geometry": {"type": "Polygon", "coordinates": [[[14.065022974933754, -16.90704002395222], [14.065022975245313, -16.90772517642955], [14.064306869696054, -16.908410326242006], [14.062874659220483, -16.908410326242006], [14.06215855398267, -16.909780618569584], [14.05284918589183, -16.91320630579895], [14.050700870178446, -16.91457656325315], [14.047836449227304, -16.915946810741787], [14.046404238443415, -16.915946810441653], [14.03995929160709, -16.9186872756772], [14.039243186374222, -16.920057493408024], [14.037810975898651, -16.920742598464017], [14.037094870660951, -16.921427701027824], [14.036378765423137, -16.92211280109933], [14.035662660185437, -16.92279789867854], [14.034946554879525, -16.92416808653161], [14.034946554879525, -16.924853176887495], [14.033514344472167, -16.9262233491865], [14.032798239234353, -16.926908431809863], [14.031366028758782, -16.930333807530246], [14.030649923521082, -16.93375912091551], [14.02993381815196, -16.934444175799285], [14.02993381815196, -16.939239492395643], [14.01990834469666, -16.959789464010044], [14.010598976744916, -16.966638955221697], [14.00845066113294, -16.967323890862417], [14.003437924405205, -16.97006360758337], [14.002005714010465, -16.971433450859536], [14.001289608772765, -16.971433450859536], [14.000573503289615, -16.972118368674785], [13.999857398297252, -16.972118368756867], [13.999857398684469, -16.972803284327426], [13.999141293059381, -16.97348819705502], [13.957607189251405, -16.972803284327426], [13.955458873555756, -16.97348819705502], [13.954742768135816, -16.974173107276783], [13.954026662632373, -16.974173107276783], [13.954026662632373, -16.976227823387035], [13.9504461368914, -16.97896741028063], [13.936840137373963, -16.97896741028063], [13.936840137373963, -16.978282517375533], [13.933975716422822, -16.978282517375533], [13.931111295471737, -16.976912724066437], [13.928962979758523, -16.976227823662725], [13.925382453273585, -16.97554292108896], [13.91893750642987, -16.97348819705502], [13.918221400933874, -16.973488197481174], [13.915356979818455, -16.972118368674785], [13.913924769709752, -16.97006360758337], [13.892441612632467, -16.957049597944035], [13.878835613114973, -16.952254735571785], [13.878119507877159, -16.950884752426475], [13.87740340250781, -16.950884752199045], [13.876687297004196, -16.950199757487383], [13.875971192163888, -16.950199757109658], [13.87453898139222, -16.94882975885747], [13.872390665975104, -16.94882975898804], [13.859500771695366, -16.94403468694958], [13.857352455597152, -16.944034686758528], [13.85305582437303, -16.94334966709107], [13.833720982965986, -16.935814279217368], [13.825843825122831, -16.931703940755085], [13.82154719389871, -16.9269084321391], [13.820114983618168, -16.9262233491865], [13.820114983618168, -16.925538264070326], [13.81868277278312, -16.924853176887495], [13.817250562667255, -16.924168086359657], [13.813670036055555, -16.921427701042376], [13.806508983715787, -16.914576563304024], [13.806508983715787, -16.913891435568416], [13.80579287886303, -16.91320630579895], [13.80579287886303, -16.912521173335108], [13.805076773607254, -16.912521173482844], [13.805076773607254, -16.91046576124188], [13.804360668103811, -16.90978061855992], [13.804360668103811, -16.898132816254133], [13.806508983715787, -16.890595619426847], [13.806508983715787, -16.876205590626284], [13.80579287886303, -16.874835054002574], [13.80579287886303, -16.874149782174413], [13.804360668103811, -16.873464508128905], [13.803644563149646, -16.871408670001415], [13.802928457911946, -16.870723385743645], [13.801496246988222, -16.870038098857208], [13.801496246988222, -16.867982223810372], [13.799347931376246, -16.866611628305805], [13.797915721267486, -16.866611628305805], [13.792902984539921, -16.864555715980714], [13.789322458394508, -16.86387040646821], [13.786458037443424, -16.863185094872904], [13.779296985065628, -16.86112914517929], [13.777864774357056, -16.860443823381786], [13.777864774357056, -16.85975849996936], [13.776432564114543, -16.859758499628015], [13.77571645874491, -16.85907317321295], [13.77428424840133, -16.858387844139656], [13.773568143132877, -16.857702512247954], [13.77285203762932, -16.857017178899014], [13.77285203762932, -16.856331842206657], [13.772135932688059, -16.855646503354933], [13.772135932688059, -16.854961161949348], [13.771419827450245, -16.853590471687255], [13.771419827450245, -16.85290512283092], [13.770703722017288, -16.852219771614784], [13.770703722017288, -16.849478341267172], [13.769987616974845, -16.84879297754611], [13.769271511736974, -16.846051497698795], [13.769271511736974, -16.821376392383968], [13.768555406405142, -16.821376392240893], [13.768555406405142, -16.820690926508973], [13.767839300901699, -16.820690926508973], [13.767839300901699, -16.815892599554218], [13.76712319602376, -16.815892599152278], [13.76712319602376, -16.81520711384394], [13.765690985289723, -16.815207113991562], [13.762110459359405, -16.813836135791973], [13.747072249366227, -16.809723142160635], [13.745640038890713, -16.809037634549384], [13.744207828270532, -16.8083521246445], [13.742059512658557, -16.806295579609923], [13.737762881275444, -16.806295579329117], [13.724156881360102, -16.811094150291012], [13.716279724142396, -16.811094149949668], [13.714131408429125, -16.81040864729397], [13.71126698747804, -16.809723142160635], [13.709834776680623, -16.80903763412772], [13.708402566526956, -16.809037634549384], [13.706970356051556, -16.806981096850336], [13.706254250813686, -16.806295579329117], [13.705538145456444, -16.806295579609923], [13.705538145456444, -16.80492453662697], [13.704822039953058, -16.80492453662697], [13.704822039953058, -16.79806917567936], [13.705538145456444, -16.79738362656599], [13.705538145456444, -16.796012519190754], [13.706254250813686, -16.794641402515197], [13.706254250813686, -16.793955840416288], [13.721292460806694, -16.77544472823024], [13.727961190833412, -16.75131758689895], [13.726842276324419, -16.749174708617886], [13.726842276324419, -16.738459956992585], [13.724604447187517, -16.73417388689279], [13.72012878979541, -16.715957016230675], [13.72012878979541, -16.711670440776516], [13.72012878979541, -16.71059878186719], [13.72012878979541, -16.708455445995924], [13.717890960675163, -16.706312085851152], [13.717890960675163, -16.703097001295248], [13.716772046106712, -16.702025294125576], [13.715653132059458, -16.69988186185924], [13.715653132059458, -16.69881013677457], [13.714534217625442, -16.69881013677457], [13.714534217625442, -16.69773840567592], [13.713415303191255, -16.696666668563807], [13.712296388731147, -16.695594925666114], [13.711177474162866, -16.692379659827736], [13.708939645025964, -16.691307892524094], [13.707820731021286, -16.689164340427737], [13.706701816587326, -16.687020764000522], [13.706701816587326, -16.685948966771605], [13.70558290215331, -16.68380535428463], [13.70558290215331, -16.66665558930555], [13.714534217625442, -16.644144190572035], [13.714534217625442, -16.64092806052014], [13.715653132059458, -16.638783943841077], [13.716772046106712, -16.63771187666714], [13.716772046106712, -16.617341458944907], [13.715653132059458, -16.616269271496662], [13.715653132059458, -16.59160731503823], [13.716772046106712, -16.589462647919106], [13.716772046106712, -16.585173240646384], [13.7190098752435, -16.5776665486531], [13.72012878979541, -16.576594140354246], [13.72012878979541, -16.575521725910846], [13.721247704229427, -16.57337687910075], [13.721247704229427, -16.57230444673462], [13.722366618663386, -16.571232008394986], [13.722366618663386, -16.568014657538072], [13.730199019701558, -16.556217244608035], [13.730199019701558, -16.55407218283608], [13.731317933699813, -16.5519270973752], [13.732436848268264, -16.550854545474238], [13.732436848268264, -16.547636853972165], [13.733555762836716, -16.545491697336274], [13.735793591871527, -16.54334651596713], [13.735793591871527, -16.541201311010695], [13.736912506305544, -16.53905608219975], [13.738031420739503, -16.535838194262112], [13.739150334780561, -16.53369290554042], [13.739150334780561, -16.532620252251945], [13.74138816391752, -16.527256897264408], [13.74138816391752, -16.52296610617958], [13.742507078475512, -16.520820674568995], [13.742507078475512, -16.5197479499015], [13.742507078475512, -16.517602482696475], [13.743625992909472, -16.516529740159683], [13.743625992909472, -16.511165938146405], [13.744744907343659, -16.50902037566061], [13.744744907343659, -16.485417617239534], [13.743625992909472, -16.483271769174678], [13.743625992909472, -16.48112589732949], [13.743625992909472, -16.480052952490098], [13.742507078485971, -16.478980001736886], [13.74138816391752, -16.476834082081325], [13.74138816391752, -16.47361515888747], [13.740269249349069, -16.4725421723179], [13.740269249349069, -16.471469179806604], [13.738031420739503, -16.47146917981729], [13.736912506305544, -16.469323177229057], [13.732436848268264, -16.46717715121332], [13.727961190833412, -16.46503110076759], [13.722366618663386, -16.460738929277966], [13.715653132436557, -16.45430049356321], [13.710058559594415, -16.44678871552236], [13.710058559594415, -16.444642440434393], [13.70222615851361, -16.431764288207262], [13.70222615851361, -16.42961784619888], [13.699988329983341, -16.428544616301394], [13.697750501115365, -16.417811992668646], [13.685442442341241, -16.397418375950338], [13.685442442341241, -16.39419813586386], [13.683204613473208, -16.3920512795562], [13.683204613473208, -16.390977842528287], [13.68208569897655, -16.38990439925243], [13.680966784408042, -16.387757496224197], [13.679847869839762, -16.38561056867627], [13.659707410302644, -16.343740761960248], [13.632495411052446, -16.327892308359765], [13.63106320084853, -16.327892308212995], [13.628198779828324, -16.325830626573804], [13.626766569421875, -16.325830626329946], [13.621037727488613, -16.323081683436783], [13.620321622282006, -16.323081683350722], [13.619605517044306, -16.323081683350722], [13.619605517044306, -16.322394441570566], [13.618889411806435, -16.322394441570566], [13.617457201330865, -16.321019950768232], [13.617457201330865, -16.320332701746224], [13.616741096093222, -16.320332701746224], [13.616741096093222, -16.31964545031059], [13.615308885257605, -16.318958196741676], [13.615308885257605, -16.31827094022384], [13.61459278037978, -16.318270940198545], [13.61459278037978, -16.31758368152225], [13.61387667514208, -16.316896420432727], [13.613160569645402, -16.316896420810167], [13.613160569645402, -16.3162091570523], [13.611728359428866, -16.3148346226846], [13.611728359428866, -16.313460078787443], [13.610296148529812, -16.312085525555688], [13.608147832917837, -16.307961806342178], [13.608147832917837, -16.30589991460198], [13.605999517305861, -16.301776066005004], [13.605999517305861, -16.299714109153058], [13.605283412288998, -16.297652130467497], [13.602418991337913, -16.292840762583637], [13.601702886081569, -16.292153414492134], [13.600986780578125, -16.29146606477906], [13.600986780578125, -16.29077871179379], [13.600270675624643, -16.29009135648289], [13.599554570386772, -16.289403998933096], [13.599554570386772, -16.288716638973654], [13.598122359462536, -16.286654545003785], [13.596690149354004, -16.285967175151598], [13.595257938960344, -16.284592428619703], [13.594541833722474, -16.283217672561932], [13.593109623246903, -16.283217672561932], [13.593109623246903, -16.281155520409243], [13.592393518009203, -16.280468131541113], [13.592393518009203, -16.27978074026447], [13.591677412626382, -16.279093346726142], [13.590961307122825, -16.279093346726142], [13.590961307122825, -16.277718551621263], [13.589529097014236, -16.27634374774624], [13.588812991510792, -16.27634374774624], [13.588812991510792, -16.275656341765682], [13.588096886582548, -16.274968933898606], [13.588096886582548, -16.274281523357388], [13.585232465631464, -16.272906695052257], [13.580219728967165, -16.26397007637206], [13.573058676589596, -16.257095477575376], [13.568762045162941, -16.255720528948416], [13.56661372944967, -16.254345570700593], [13.563749308498586, -16.25297060283259], [13.562317097764037, -16.252283114976365], [13.560884887547502, -16.25159562534526], [13.558020466539915, -16.249533141468987], [13.557304361036472, -16.249533141468987], [13.556588256121017, -16.248845641515175], [13.555872150883147, -16.248845641515175], [13.554439940407633, -16.24815813954666], [13.553723835169933, -16.247470635173954], [13.53868562513287, -16.243345558272722], [13.535821204017282, -16.243345558272722], [13.533672888405306, -16.24265803768037], [13.530808467289717, -16.24265803768037], [13.52866015167757, -16.241970513822082], [13.512189731379522, -16.24197051365121], [13.512189731379522, -16.242658037254387], [13.510757520903951, -16.242658037254387], [13.509325310270526, -16.243345558272722], [13.505028679001953, -16.24334555845411], [13.503596468526382, -16.244033077250208], [13.502164257930929, -16.244720593971465], [13.500732047575298, -16.244720593642683], [13.500015942318782, -16.245408107352887], [13.49929983681534, -16.245408107352887], [13.498583731862084, -16.24609561921625], [13.497867626624213, -16.24609561921625], [13.497151521203193, -16.24678312862875], [13.495719310911, -16.247470635173954], [13.492138784475628, -16.248158139426096], [13.491422679484344, -16.248845641515175], [13.490706574246644, -16.248845641515175], [13.489990468863652, -16.249533141468987], [13.48855825853343, -16.249533141079326], [13.487126047748063, -16.250220638021347], [13.484977732135917, -16.250220638021347], [13.47781667996685, -16.254345570700593], [13.476384469491336, -16.254345570700593], [13.47495225868056, -16.25572052904647], [13.473520048540252, -16.25640800446456], [13.472087838064851, -16.257782948280806], [13.47137173282698, -16.257782948280806], [13.469939521952995, -16.259845345867518], [13.468507311844462, -16.261220266137798], [13.468507311844462, -16.26328262763593], [13.467791206341019, -16.264657522982986], [13.467075101400326, -16.266032409092304], [13.467075101400326, -16.267407285539775], [13.466358996162683, -16.268782152360245], [13.466358996232316, -16.270157009833156], [13.466358996162683, -16.272219277288457], [13.465642890728873, -16.272906694628034], [13.465642890728873, -16.283217672514297], [13.462778469613284, -16.29077871179379], [13.462778469613284, -16.295590130354412], [13.462062364736028, -16.296964799429816], [13.462062364736028, -16.297652130467497], [13.461346259498328, -16.298339459094393], [13.461346259498328, -16.300401430509794], [13.459914049022757, -16.301088749492862], [13.459914049022757, -16.30246338022539], [13.456333522777129, -16.304525308336736], [13.454901312358459, -16.306587214547108], [13.452752996645017, -16.307274511826222], [13.451320786049564, -16.30933638935005], [13.449888575694104, -16.3100236768218], [13.446308049321829, -16.310710961846667], [13.44344362820624, -16.312085525555688], [13.44057920760315, -16.312772803219502], [13.436998681370085, -16.313460078751973], [13.43198594464235, -16.31483462229704], [13.426973207914784, -16.3155218908812], [13.4233926818967, -16.3162091569298], [13.417663839963097, -16.3162091570523], [13.37102748638523, -16.350182855202718], [13.354243769875097, -16.356624736111428], [13.353124855380884, -16.358771982751477], [13.349768112139145, -16.359845596859316], [13.349768112139145, -16.36091920529799], [13.348649197705129, -16.36091920529799], [13.348649197705129, -16.36199280783086], [13.347530283271112, -16.3630664044573], [13.345292454300136, -16.363066404347705], [13.345292454300136, -16.36521358013863], [13.341935711101144, -16.365213579990325], [13.328508737570075, -16.37380204612191], [13.32738982389992, -16.37594910287794], [13.324033080194738, -16.378096136853003], [13.318438508250892, -16.383463617472955], [13.316200679113933, -16.38561056867627], [13.315081764545482, -16.386684035407313], [13.312843935408523, -16.388830951126693], [13.312843935408523, -16.38990439925243], [13.31060610694874, -16.3920512795562], [13.30948719251478, -16.394198135863917], [13.307249363464678, -16.395271555455395], [13.307249363464678, -16.396344968084804], [13.306130448896226, -16.397418375658845], [13.306130448896226, -16.3984917773152], [13.305011534778771, -16.39849177747783], [13.305011534778771, -16.399565173087296], [13.303892620344811, -16.399565173087296], [13.30389262065762, -16.400638562873667], [13.303892620344811, -16.401711946550904], [13.293822390438834, -16.410298803618957], [13.280395417230693, -16.416738697716994], [13.279276502796733, -16.418885281696248], [13.27703867392853, -16.419958564799344], [13.27591975949457, -16.419958564799344], [13.274800845060554, -16.419958564799344], [13.274800845060554, -16.421031841977594], [13.273681930626537, -16.421031841977594], [13.272563016192578, -16.421031841977594], [13.272563016192578, -16.422105113230714], [13.271444101766235, -16.42317837877647], [13.270325187197727, -16.42317837877647], [13.270325187197727, -16.42425163830717], [13.268087358060825, -16.42425163830717], [13.256898214116461, -16.429617846068652], [13.247946898523878, -16.431764288207262], [13.235638839870376, -16.43820347077275], [13.235638839870376, -16.439276647176428], [13.23451992543636, -16.439276647176428], [13.23451992543636, -16.442496140799733], [13.23451992543636, -16.44464244022231], [13.23451992543636, -16.445715581034563], [13.23451992543636, -16.44678871591384], [13.233401010930777, -16.44678871552236], [13.233401010930777, -16.447861844597185], [13.224449695281578, -16.455373581094364], [13.224449695281578, -16.456446662689416], [13.22333078071307, -16.45751973834797], [13.222211866662235, -16.45966587155999], [13.221092952228275, -16.460738929277966], [13.219974037794259, -16.462885026899983], [13.219974037906184, -16.46503110084484], [13.218855123337732, -16.466104128998836], [13.218855123337732, -16.47146270946041], [13.218855123337732, -16.47468813951508], [13.219974037794259, -16.47468813913906], [13.221092952228275, -16.47576111369534], [13.221092952228275, -16.477907044979474], [13.222211866662235, -16.477907044979474], [13.222211867042915, -16.478980001736886], [13.222211866662235, -16.480052952490098], [13.223330781096251, -16.480052952490098], [13.224449695281578, -16.482198836641487], [13.233401010930777, -16.48649053242457], [13.233401010930777, -16.487563441721193], [13.236757754304392, -16.488636344742474], [13.237876668306171, -16.48970924161347], [13.238995582874622, -16.48970924161347], [13.24235232647436, -16.490782133344283], [13.24347124090832, -16.491855018724095], [13.245709069386976, -16.49185501857835], [13.251303641946492, -16.49614650076137], [13.253541470467724, -16.496146501131307], [13.254660385036175, -16.497219356036055], [13.256898214116461, -16.49936504982378], [13.270325187197727, -16.504729178930177], [13.271444101766235, -16.50580198709008], [13.272563016192578, -16.507947585487557], [13.273681930626537, -16.507947585487557], [13.27703867371008, -16.51116593773702], [13.278157588278532, -16.51116593773702], [13.283752160222377, -16.518675218908754], [13.283752160222377, -16.52511151406958], [13.283752160222377, -16.528329580353898], [13.283752160222377, -16.529402257483753], [13.283752160222377, -16.53047492865386], [13.283752160222377, -16.531547593863763], [13.282633245653926, -16.532620252251945], [13.282633245653926, -16.53369290554042], [13.28151433166471, -16.53476555302541], [13.280395417230693, -16.53691082953702], [13.279276502796733, -16.53798345884968], [13.279276502796733, -16.54012869958683], [13.279276502796733, -16.541201311010695], [13.278157588278532, -16.542273916354247], [13.278157588278532, -16.544419109640103], [13.27703867392853, -16.546564278668654], [13.27591975949457, -16.546564278668654], [13.27591975949457, -16.547636854305665], [13.274800845060554, -16.547636854305665], [13.274800845060554, -16.54870942397696], [13.273681930626537, -16.549781987682195], [13.273681930626537, -16.55085454542109], [13.271444101758561, -16.55085454542109], [13.270325187197727, -16.5519270973752], [13.26696844402261, -16.55299964299843], [13.265849529588593, -16.554072182836194], [13.264730615154576, -16.554072182836194], [13.261373871548528, -16.55621724444444], [13.261373871548528, -16.557289766506813], [13.26025495698002, -16.557289766506813], [13.26025495698002, -16.5583622826004], [13.26025495698002, -16.559434792724858], [13.259136042984437, -16.559434792501918], [13.259136042984437, -16.560507296528158], [13.258017128550478, -16.560507296528158], [13.256898214116461, -16.573376879100863], [13.255779299604683, -16.573376879276793], [13.255779299604683, -16.57444930579777], [13.254660385036175, -16.575521725483668], [13.254660385036175, -16.576594140055818], [13.253541470467724, -16.576594140055818], [13.253541470467724, -16.578738951275113], [13.246827983955427, -16.585173240646384], [13.219974037794259, -16.59160731503823], [13.218855123337732, -16.592679639734], [13.217736208769225, -16.593751958666246], [13.216617294200773, -16.593751958666246], [13.215498379632322, -16.593751958666246], [13.21437946562429, -16.59589657829042], [13.212141636756314, -16.59589657829042], [13.197595749114157, -16.603402558696814], [13.195357920095375, -16.6055470704174], [13.194239005526924, -16.6055470704174], [13.194239005526924, -16.60661931756215], [13.192001176944018, -16.606619317696868], [13.190882262510058, -16.60769155872839], [13.188644433583079, -16.608763793897936], [13.187525519014628, -16.609836023088178], [13.18640660444612, -16.609836023088178], [13.185287690340033, -16.6109082459123], [13.185287690775965, -16.611980462650877], [13.181930947070782, -16.615197078388746], [13.181930947070782, -16.6162692716606], [13.180812032502274, -16.6162692716606], [13.180812032502274, -16.617341458944907], [13.180812032502274, -16.618413640241272], [13.179693117933823, -16.620557984007974], [13.178574203365372, -16.621630147338465], [13.178574203365372, -16.622702304679763], [13.177455289302088, -16.624846601059232], [13.176336374867901, -16.6259187403017], [13.174098545989978, -16.628063000673535], [13.174098545989978, -16.629135122071773], [13.172979631421526, -16.63020723747826], [13.172979631421526, -16.631279346892768], [13.171860716853075, -16.631279346892768], [13.171860716853075, -16.6323514503149], [13.170741802284567, -16.63342354688359], [13.170741802284567, -16.634495638319947], [13.169622888263973, -16.635567723862664], [13.169622888263973, -16.636639803183016], [13.168503974046132, -16.63771187666714], [13.167385059477681, -16.63771187666714], [13.16626614490923, -16.638783944127795], [13.165147230340722, -16.638783944127795], [13.165147230340722, -16.639856005593685], [13.16402831577227, -16.639856005593685], [13.161790487225971, -16.640928060520253], [13.160671572791784, -16.642000109866785], [13.159552658357825, -16.642000109866785], [13.156195914691523, -16.645216222128965], [13.157314829259974, -16.66558367801275], [13.156195915055832, -16.667727494658664], [13.155077000621816, -16.66879939400775], [13.153958086187856, -16.66879939400775], [13.153958086187856, -16.66987128735252], [13.153958086187856, -16.67094317469264], [13.150601342747677, -16.670943174539957], [13.148363513610718, -16.673086931462365], [13.146125685149684, -16.67308693135743], [13.143887856235324, -16.67415880091511], [13.141650027098422, -16.67630252094176], [13.13829328411174, -16.676302521311072], [13.137174369677723, -16.67737437261593], [13.143887856235324, -16.685948966700835], [13.208784893120026, -16.71381374037628], [13.259136042984437, -16.77381634965417], [13.258017128550478, -16.774887652918892], [13.255779299604683, -16.774887653210214], [13.254660385036175, -16.77595895056544], [13.252422556380452, -16.777030241333534], [13.251303641946492, -16.777030241333534], [13.247946898523878, -16.780244078738747], [13.247946898523878, -16.78345786123691], [13.249065813078516, -16.783457861636066], [13.249065813078516, -16.785600353413884], [13.25018472766061, -16.78667159022774], [13.250184727512476, -16.78774282102586], [13.251303641946492, -16.78774282102586], [13.251303641946492, -16.788814045768618], [13.251303641946492, -16.78988526446892], [13.252422556380452, -16.78988526446892], [13.252422556380452, -16.79095647712637], [13.253541470467724, -16.792027683511208], [13.254660385036175, -16.79309888421062], [13.255779299604683, -16.794170078866102], [13.255779299604683, -16.795241267477422], [13.256898214116461, -16.795241267320762], [13.256898214116461, -16.796312449758886], [13.258017128550478, -16.797383626151998], [13.258017128550478, -16.79845479649987], [13.259136042984437, -16.79845479649987], [13.259136042984437, -16.801668271268625], [13.26249278611698, -16.805952819363085], [13.289346732702654, -16.829516105377365], [13.292703475871633, -16.833800024000425], [13.292703475871633, -16.83487098873627], [13.292703475871633, -16.83594194741488], [13.293822390438834, -16.837012900020227], [13.293822390438834, -16.83808384645488], [13.293822390438834, -16.83915478683133], [13.294941304872623, -16.83915478683133], [13.29606021930681, -16.84129664940849], [13.297179133740826, -16.84236757160852], [13.297179133740826, -16.84343848774887], [13.298298047815479, -16.84450939788627], [13.29941696238393, -16.84450939788627], [13.29941696238393, -16.846651200123688], [13.300535876952381, -16.84772209129153], [13.300535876952381, -16.848792977257915], [13.301654791476778, -16.84986385732236], [13.302773705910795, -16.84986385732236], [13.302773705910795, -16.850934731036602], [13.303892620344811, -16.85200559868855], [13.303892620344811, -16.85307646027792], [13.306130448896226, -16.8541473161593], [13.306130448896226, -16.85628900841965], [13.307249363464678, -16.85628900841965], [13.307249363464678, -16.857359845883934], [13.31060610694874, -16.859501502480896], [13.318438507986912, -16.86913865637723], [13.319557422420871, -16.8723509317972], [13.340816796666957, -16.89269407398274], [13.341935711101144, -16.89697656136417], [13.343054625163177, -16.89804716763024], [13.343054625163177, -16.900188362963775], [13.345292454300136, -16.903400110379266], [13.345292454300136, -16.905541244069525], [13.346411368837153, -16.907682354390943], [13.346411368868587, -16.908752900296633], [13.346411368837153, -16.909823440044306], [13.347530283271112, -16.911964501373973], [13.347530283271112, -16.913035022916688], [13.347530283271112, -16.914105538377328], [13.347530283437038, -16.915176047706666], [13.347530283271112, -16.917317048264408], [13.348649197705129, -16.917317048264408], [13.348649197705129, -16.918387539393848], [13.348649197705129, -16.919458024439848], [13.349768112139145, -16.920528503401783], [13.349768112139145, -16.92266944307238], [13.350887026243981, -16.92373990390081], [13.350887026243981, -16.924810358652167], [13.35871942732473, -16.933373776690473], [13.360957256461688, -16.933373776690473], [13.365432914215205, -16.93872571457888], [13.366551828405534, -16.94086644687343], [13.367670742973985, -16.94086644687343], [13.37214640081919, -16.94942913439479], [13.37326531491783, -16.94942913416429], [13.374384229486282, -16.951569745274014], [13.374384229486282, -16.9526400416878], [13.375503144054733, -16.9526400416878], [13.375503144054733, -16.95478061623163], [13.3766220585552, -16.95478061581906], [13.3766220585552, -16.9558508938199], [13.3766220585552, -16.95692116572519], [13.3766220585552, -16.959061691247825], [13.3766220585552, -16.96120219238452], [13.3766220585552, -16.962272433807186], [13.3766220585552, -16.96334266913243], [13.3766220585552, -16.96441289835974], [13.375503144054733, -16.965483121468708], [13.375503144054733, -16.966553338627875], [13.375503144054733, -16.96869375464928], [13.374384229486282, -16.96976395265159], [13.374384229687166, -16.977255173331116], [13.378859887423346, -16.982605861923048], [13.390049031763283, -16.99330678126779], [13.399000347235415, -16.99865701193596], [13.402357090537407, -17.002937086509917], [13.41018949157558, -17.007217063317682], [13.45270824006775, -17.007217063317682], [13.460540641105695, -17.01042698175138], [13.470610871011843, -17.020056406927097], [13.475086528747795, -17.029685336723162], [13.48739458752192, -17.04038356630707], [13.496345902994108, -17.052150911719764], [13.504178304032052, -17.073544185842536], [13.508653961768005, -17.07782254638437], [13.510891790636208, -17.07782254638437], [13.524318763844121, -17.0863789730123], [13.523199849410162, -17.10990712059487], [13.517605277240193, -17.116323372158718], [13.51536744837216, -17.116323372158718], [13.5142485339382, -17.118462073514024], [13.512010705070168, -17.118462073514024], [13.509772876202192, -17.120600750281994], [13.512010705070168, -17.129155211425314], [13.5142485339382, -17.13022449139578], [13.516486362806177, -17.1345015497684], [13.535507908184286, -17.14305537119992], [13.537745737052262, -17.146262952694997], [13.544459223656418, -17.149470478789397], [13.545578138090377, -17.151608798736277], [13.56236185460051, -17.161230933672073], [13.570194255638455, -17.16764541309584], [13.574669913374464, -17.175128692031137], [13.583621228846596, -17.18368064092465], [13.585859057714572, -17.18368064092465], [13.593691458752744, -17.189025408553277], [13.597048202054737, -17.189025408553277], [13.620545405168798, -17.1986456016038], [13.626139977338937, -17.206127628350487], [13.636210207244915, -17.213609352547905], [13.636210207244915, -17.215746932446507], [13.63844803611289, -17.215746932446507], [13.642923693848843, -17.22109077408095], [13.655231752622967, -17.226434461235897], [13.656350667056984, -17.228571892834168], [13.65858849592496, -17.228571892834168], [13.659707410359147, -17.23177799386923], [13.670896554699084, -17.23605270869234], [13.688799185643177, -17.24780766422049], [13.701107244417301, -17.248876259422502], [13.724156881757779, -17.26503266458002], [13.728453513184434, -17.26503266458002], [13.740627302226528, -17.271187113243627], [13.762110459359405, -17.28759797134512], [13.76783930126146, -17.295802851928556], [13.776432564114714, -17.30263997295424], [13.792186879345593, -17.309476839831234], [13.804360668387517, -17.312895177936582], [13.82154719409391, -17.32109893000211], [13.835869298849218, -17.330669511085375], [13.855204140268881, -17.340923151539755], [13.872390665975104, -17.34434090438549], [13.879551718352673, -17.350492699049198], [13.879551718352673, -17.352543251416137], [13.882416139303757, -17.35596078773517], [13.899602665010207, -17.362112192556765], [13.90103487548572, -17.36757993461498], [13.90962813833886, -17.37373094936629], [13.91106034881443, -17.379198344593874], [13.915356980241086, -17.386032359004275], [13.933259611185179, -17.3990162831808], [13.933259611185179, -17.41678226423943], [13.94901392641583, -17.429080777447894], [13.970497083548935, -17.429080777447894], [13.97407760973772, -17.431813667861377], [13.995560766870597, -17.431813667861377], [14.017760029241344, -17.41609898921763], [14.020624450192429, -17.41609898921763], [14.034230449709867, -17.422931624399325], [14.037810975898651, -17.422931624399325], [14.040675396849736, -17.420881860688667], [14.047120343989661, -17.421565117815646], [14.057145817318485, -17.429080777447894], [14.06931960636041, -17.429080777447894], [14.09295107920667, -17.437279325895474], [14.10226044729751, -17.437279325895474], [14.107273183961809, -17.435229723321072], [14.115150341577248, -17.425664606882947], [14.119446973003903, -17.425664606882947], [14.124459709668258, -17.429080777447894], [14.151671708703304, -17.428397548449993], [14.15740055060553, -17.425664606882947], [14.163845497745399, -17.420198601004984], [14.173154865836182, -17.41814880661468], [14.181748128689492, -17.414049148816048], [14.189625286304931, -17.414049148816048], [14.198934654395714, -17.411315992499908], [14.208960127724424, -17.410632697032042], [14.208960127724424, -17.40243295212514], [14.222566127242033, -17.3990162831808], [14.218269495815377, -17.390132645150516], [14.217553390577677, -17.390132645150516], [14.216837285339864, -17.3887658933117], [14.216837285339864, -17.388082513563518], [14.216837285339864, -17.387399131262725], [14.216121179882578, -17.386715746533923], [14.216121179882578, -17.386032358875013], [14.215405074864464, -17.385348969046674], [14.215405074864464, -17.384665576536975], [14.214688969626593, -17.38398218147529], [14.214688969626593, -17.379881757517296], [14.215405074864464, -17.379198344593874], [14.215405074864464, -17.377831511093177], [14.217553390577677, -17.375097813478703], [14.218985600998167, -17.374414382544273], [14.219701706290948, -17.373047513484096], [14.221850022004162, -17.37099719053481], [14.223282232222346, -17.370313744490772], [14.226146653337935, -17.36689647541027], [14.226146653337935, -17.366213014630603], [14.227578863906388, -17.364846083981718], [14.22829496914403, -17.364846083981718], [14.229011074381901, -17.364846083981718], [14.229727179619601, -17.36416261494952], [14.231875495333043, -17.36416261494952], [14.232591600174032, -17.363479143443726], [14.235456021289622, -17.362795669059267], [14.23688823199734, -17.362795669236903], [14.238320442405211, -17.36211219298292], [14.248345915801565, -17.362112192556765], [14.249062021039265, -17.361428713327427], [14.251210336752479, -17.361428713327427], [14.251926441581077, -17.36074523146806], [14.25335865246592, -17.36006174722189], [14.269112967376145, -17.35869477093638], [14.269112967376145, -17.358011278709228], [14.269829072879588, -17.358011278709228], [14.269829072879588, -17.35732778479081], [14.272693493885527, -17.357327784425024], [14.27412570410371, -17.35664428746645], [14.275557914836668, -17.356644287354356], [14.2769901252193, -17.35596078759363], [14.279854546263095, -17.35596078773517], [14.29274444054289, -17.351176219052547], [14.300621597850466, -17.351176218850753], [14.301337703353909, -17.350492699451138], [14.314943702529945, -17.347758593805054], [14.329265807668946, -17.34023959333109], [14.332846333828229, -17.3361381908299], [14.338575175759956, -17.332720284997322], [14.345020122895562, -17.330669510992095], [14.346452333004265, -17.329985914344206], [14.347168438507708, -17.32930231600875], [14.34860064908861, -17.329302315751818], [14.349316754119684, -17.328618714270988], [14.350032859623298, -17.328618714270988], [14.35146506973183, -17.328618714270988], [14.352181175235273, -17.327935109988346], [14.352897280515094, -17.32793511023857], [14.35432949084742, -17.32656789464636], [14.355761701466179, -17.326567894546372], [14.356477806459452, -17.32588428272976], [14.358626122071598, -17.325200668268565], [14.362206648606048, -17.325200668675848], [14.362922753843918, -17.324517051924033], [14.364354964302606, -17.32451705212071], [14.365071069557132, -17.32383343262785], [14.366503279914753, -17.323833432570893], [14.367219385270403, -17.32383343262785], [14.368651595526899, -17.323149810476878], [14.370083806221487, -17.322466186403062], [14.372232121934701, -17.322466186403062], [14.38010927955014, -17.317680744483653], [14.385838121321797, -17.315629802980254], [14.38727033192788, -17.31426249537958], [14.38870254240345, -17.31426249537958], [14.390134752545919, -17.313578838355625], [14.391566963354535, -17.312895177936582], [14.392283068157894, -17.312895178108988], [14.392999173661508, -17.312211515319575], [14.393715279067806, -17.31221151540069], [14.393715279067806, -17.31152785032225], [14.395863594777097, -17.31152784998733], [14.397295804885687, -17.310844182970186], [14.398011910389073, -17.310844182970186], [14.398728015732104, -17.31016051253738], [14.411617909564939, -17.31016051255284], [14.412334015068552, -17.309476839593003], [14.415914541687584, -17.309476839593003], [14.417346751796117, -17.309476839593003], [14.41806285729956, -17.309476839593003], [14.418778962389467, -17.309476839831234], [14.419495067408263, -17.308793164948497], [14.420211172864981, -17.308109486791977], [14.420927278102852, -17.308109486791977], [14.421643383020296, -17.30742580631744], [14.422359488523682, -17.30742580631744], [14.423791698632442, -17.306058438375544], [14.424507804135885, -17.306058438375544], [14.424507804135885, -17.305374750162912], [14.42737222524272, -17.30469105970701], [14.42952054086345, -17.302639972752274], [14.430952751431505, -17.30263997295424], [14.430952751431505, -17.30195627228693], [14.431668856475596, -17.301956272688926], [14.431668856475596, -17.301272569226455], [14.433101067144776, -17.301272569078264], [14.433817172087743, -17.300588863222742], [14.434533277591186, -17.300588863222742], [14.43524938285799, -17.299905155036868], [14.43739769857143, -17.299905155036868], [14.438829908815308, -17.299221444449415], [14.441694329930726, -17.299221444449415], [14.441694329930726, -17.298537730822318], [14.443842645542873, -17.297854014654263], [14.448139276767051, -17.297854014654263], [14.448139276767051, -17.29717029680296], [14.451719803326739, -17.296486575465337], [14.470338539289685, -17.296486575553217], [14.481796223312756, -17.292384196137448], [14.486092854739354, -17.292384196137448], [14.48680895958114, -17.291700457385787], [14.489673380696729, -17.29101671581293], [14.493970011920851, -17.29101671581293], [14.50685990649157, -17.286914214754404], [14.521898116627597, -17.279392725066202], [14.526194747898614, -17.27460616227279], [14.526194747898614, -17.27323855050014], [14.526910853291895, -17.27255474059251], [14.527626958529765, -17.271870928186786], [14.527626958529765, -17.270503295762865], [14.52834306351076, -17.269819475373595], [14.52834306351076, -17.269135653422325], [14.534071905669634, -17.269135653189608], [14.535504115850529, -17.269819475373595], [14.536220221353915, -17.269819475373595], [14.537652431462504, -17.27050329564537], [14.538368536965947, -17.27050329564537], [14.539800747972947, -17.27050329564537], [14.541949063584923, -17.27050329564537], [14.544097378998345, -17.270503295762865], [14.54982622052978, -17.27050329564537], [14.550542326033394, -17.27118711337971], [14.551258431375913, -17.271187113243627], [14.55269064164537, -17.27255474037827], [14.553406747089298, -17.27255474059251], [14.554122852326998, -17.27460616258361], [14.556271168040212, -17.27528996483835], [14.556271168040212, -17.275973764555033], [14.557703378372935, -17.27734135622046], [14.559135588991353, -17.27734135637428], [14.559135588991353, -17.278025148476615], [14.567728851828292, -17.278025148576546], [14.57130937803339, -17.27870893804061], [14.572025483052414, -17.279392724815693], [14.579902640895568, -17.279392724815693], [14.584199272119747, -17.279392724815693], [14.586347587731893, -17.279392724815693], [14.587063693235336, -17.279392724815693], [14.58777979850197, -17.279392725066202], [14.58777979850197, -17.27870893804061], [14.589212008847483, -17.27870893839429], [14.590644219453054, -17.27734135637428], [14.591360324459458, -17.27734135622046], [14.592076429928625, -17.276657561733714], [14.592792535166268, -17.275973764555033], [14.592792535166268, -17.27528996483835], [14.593508640071605, -17.27392235808429], [14.594224745575048, -17.27323855050014], [14.596612526889032, -17.249920843948132], [14.57130937803339, -17.200740599583185], [14.520465906152026, -17.14669062604196], [14.447423171900084, -17.100838441179576], [14.415203288883163, -16.823647711462286], [14.279854546263095, -16.908410326242006], [14.24619760008818, -16.95499467190689], [14.225430547834492, -16.94882975885747], [14.187476970523846, -16.9460897325082], [14.183180339164892, -16.94403468694958], [14.180315918184135, -16.944034686758528], [14.178167602500537, -16.943349666677022], [14.176735392024966, -16.941979618646485], [14.174587075952957, -16.941979618552182], [14.172438760340924, -16.941294590540338], [14.170290444728778, -16.939924527891606], [14.168142129116802, -16.939924527891606], [14.165993813458442, -16.938554454910843], [14.163129392389237, -16.9378694147793], [14.162413286885624, -16.937184371799788], [14.161697182032015, -16.93718437195463], [14.160981076777091, -16.9364993263261], [14.160264971273648, -16.9364993263261], [14.158832761080873, -16.93444417611147], [14.155968340049526, -16.934444175799285], [14.154536129654218, -16.93375912091551], [14.153103918933937, -16.933074063264655], [14.150955603321734, -16.931703940755085], [14.130904656411303, -16.9269084321391], [14.130188551570427, -16.9262233491865], [14.129472446302714, -16.92553826389127], [14.124459709575149, -16.922797898342196], [14.105840973486295, -16.91868727581999], [14.075048448262407, -16.906354869071663], [14.066455185353846, -16.90635486865051], [14.065739080171625, -16.90704002395222], [14.065022974933754, -16.90704002395222]]]}}, {"type": "Feature", "properties": {"zoneId": "AGO-cunene-ombadja"}, "geometry": {"type": "Polygon", "coordinates": [[[14.652945375138472, -16.47352931994368], [14.65366148080301, -16.474216028598676], [14.653661480376172, -16.474902734525642], [14.654377585408156, -16.47490273492747], [14.656525901020302, -16.47627613942143], [14.658674216632278, -16.476962838447946], [14.660106427516212, -16.47764953448052], [14.662254743229482, -16.47833622838351], [14.663686953360013, -16.479709608487212], [14.662970848754924, -16.479709608487212], [14.662254743229482, -16.479709608886083], [14.661538637991612, -16.479709608886083], [14.660822532753912, -16.479709608886083], [14.660822532753912, -16.483143017534587], [14.661538637747867, -16.483829692227687], [14.662254743229482, -16.48863634474236], [14.663686953360013, -16.488636345071427], [14.663686953360013, -16.4893229994056], [14.664403058863456, -16.4893229994056], [14.664403058863456, -16.49000965216527], [14.665119164180567, -16.490009652188064], [14.665119164180567, -16.49069630225688], [14.665835268972046, -16.49138294951507], [14.666551374475432, -16.49138294951507], [14.666551374475432, -16.49206959496638], [14.66726747989378, -16.492069595086207], [14.668699690087635, -16.496189414787125], [14.668699690087635, -16.496876043182795], [14.668699690087635, -16.497562669141473], [14.668699690087635, -16.49893591288651], [14.668699690087635, -16.502368980889173], [14.668699690087635, -16.509234933200673], [14.66726747989378, -16.51266781771608], [14.663686953360013, -16.517473753738216], [14.657958111802827, -16.52159303264108], [14.655093690851686, -16.52227957055686], [14.652945375138472, -16.523652639067734], [14.650797059425258, -16.525025697817], [14.645784322760903, -16.527085267636323], [14.644352111953026, -16.527085267589314], [14.642919901844436, -16.527085267589314], [14.641487691735733, -16.527085267589314], [14.63575884943208, -16.527085267636323], [14.615260336766823, -16.53905608255758], [14.486585176667518, -16.62591873990334], [14.475396032750155, -16.7063120860567], [14.438471856427952, -16.76953107622137], [14.41609356774785, -16.8230900452308], [14.415203288883163, -16.823647711462286], [14.447423171900084, -17.100838441179576], [14.520465906152026, -17.14669062604196], [14.57130937803339, -17.200740599583185], [14.596612526889032, -17.249920843948132], [14.594224745575048, -17.27323855050014], [14.593508640071605, -17.27392235808429], [14.592792535166268, -17.27528996483835], [14.592792535166268, -17.275973764555033], [14.592076429928625, -17.276657561733714], [14.591360324459458, -17.27734135622046], [14.590644219453054, -17.27734135637428], [14.589212008847483, -17.27870893839429], [14.58777979850197, -17.27870893804061], [14.58777979850197, -17.279392725066202], [14.587063693235336, -17.279392724815693], [14.586347587731893, -17.279392724815693], [14.584199272119747, -17.279392724815693], [14.579902640895568, -17.279392724815693], [14.572025483052414, -17.279392724815693], [14.57130937803339, -17.27870893804061], [14.569877167440438, -17.27870893839429], [14.569161061936825, -17.27870893839429], [14.567728851828292, -17.278025148576546], [14.559135588991353, -17.278025148476615], [14.559135588991353, -17.27734135637428], [14.557703378372935, -17.27734135622046], [14.556271168040212, -17.275973764555033], [14.556271168040212, -17.27528996483835], [14.554122852326998, -17.27460616258361], [14.553406747089298, -17.27255474059251], [14.55269064164537, -17.27255474037827], [14.551258431375913, -17.271187113243627], [14.550542326033394, -17.27118711337971], [14.54982622052978, -17.27050329564537], [14.544097378998345, -17.270503295762865], [14.541949063584923, -17.27050329564537], [14.539800747972947, -17.27050329564537], [14.538368536965947, -17.27050329564537], [14.537652431462504, -17.27050329564537], [14.536220221353915, -17.269819475373595], [14.535504115850529, -17.269819475373595], [14.534071905669634, -17.269135653189608], [14.52834306351076, -17.269135653422325], [14.52834306351076, -17.269819475373595], [14.527626958529765, -17.270503295762865], [14.527626958529765, -17.271870928186786], [14.526910853291895, -17.27255474059251], [14.526194747898614, -17.27323855050014], [14.526194747898614, -17.27460616227279], [14.521898116627597, -17.279392725066202], [14.50685990649157, -17.286914214754404], [14.493970011920851, -17.29101671581293], [14.489673380696729, -17.29101671581293], [14.48680895958114, -17.291700457385787], [14.486092854739354, -17.292384196137448], [14.481796223312756, -17.292384196137448], [14.470338539289685, -17.296486575553217], [14.451719803326739, -17.296486575465337], [14.450287593277494, -17.29717029680296], [14.448855382270494, -17.29717029680296], [14.448139276767051, -17.29717029680296], [14.448139276767051, -17.297854014654263], [14.443842645542873, -17.297854014654263], [14.441694329930726, -17.298537730822318], [14.441694329930726, -17.299221444449415], [14.438829908815308, -17.299221444449415], [14.43739769857143, -17.299905155036868], [14.43524938285799, -17.299905155036868], [14.434533277591186, -17.300588863222742], [14.433817172087743, -17.300588863222742], [14.433101067144776, -17.301272569078264], [14.431668856475596, -17.301272569226455], [14.431668856475596, -17.301956272688926], [14.430952751431505, -17.30195627228693], [14.430952751431505, -17.30263997295424], [14.42952054086345, -17.302639972752274], [14.42737222524272, -17.30469105970701], [14.424507804135885, -17.305374750162912], [14.424507804135885, -17.306058438375544], [14.423791698632442, -17.306058438375544], [14.422359488523682, -17.30742580631744], [14.421643383020296, -17.30742580631744], [14.420927278102852, -17.308109486791977], [14.420211172864981, -17.308109486791977], [14.419495067408263, -17.308793164948497], [14.418778962389467, -17.309476839831234], [14.41806285729956, -17.309476839593003], [14.417346751796117, -17.309476839593003], [14.415914541687584, -17.309476839593003], [14.412334015068552, -17.309476839593003], [14.411617909564939, -17.31016051255284], [14.398728015732104, -17.31016051253738], [14.398011910389073, -17.310844182970186], [14.397295804885687, -17.310844182970186], [14.395863594777097, -17.31152784998733], [14.393715279067806, -17.31152785032225], [14.393715279067806, -17.31221151540069], [14.392999173661508, -17.312211515319575], [14.392283068157894, -17.312895178108988], [14.391566963354535, -17.312895177936582], [14.390134752545919, -17.313578838355625], [14.38870254240345, -17.31426249537958], [14.38727033192788, -17.31426249537958], [14.385838121321797, -17.315629802980254], [14.38010927955014, -17.317680744483653], [14.372232121934701, -17.322466186403062], [14.370083806221487, -17.322466186403062], [14.368651595526899, -17.323149810476878], [14.367219385270403, -17.32383343262785], [14.366503279914753, -17.323833432570893], [14.365071069557132, -17.32383343262785], [14.364354964302606, -17.32451705212071], [14.362922753843918, -17.324517051924033], [14.362206648606048, -17.325200668675848], [14.358626122071598, -17.325200668268565], [14.356477806459452, -17.32588428272976], [14.355761701466179, -17.326567894546372], [14.35432949084742, -17.32656789464636], [14.352897280515094, -17.32793511023857], [14.352181175235273, -17.327935109988346], [14.35146506973183, -17.328618714270988], [14.350032859623298, -17.328618714270988], [14.349316754119684, -17.328618714270988], [14.34860064908861, -17.329302315751818], [14.347168438507708, -17.32930231600875], [14.346452333004265, -17.329985914344206], [14.345020122895562, -17.330669510992095], [14.338575175759956, -17.332720284997322], [14.337142965052408, -17.33408745519614], [14.332846333828229, -17.3361381908299], [14.329265807668946, -17.34023959333109], [14.314943702529945, -17.347758593805054], [14.301337703353909, -17.350492699451138], [14.300621597850466, -17.351176218850753], [14.29274444054289, -17.351176219052547], [14.279854546263095, -17.35596078773517], [14.2769901252193, -17.35596078759363], [14.275557914836668, -17.356644287354356], [14.27412570410371, -17.35664428746645], [14.272693493885527, -17.357327784425024], [14.269829072879588, -17.35732778479081], [14.269829072879588, -17.358011278709228], [14.269112967376145, -17.358011278709228], [14.269112967376145, -17.35869477093638], [14.25335865246592, -17.36006174722189], [14.251926441581077, -17.36074523146806], [14.251210336752479, -17.361428713327427], [14.249062021039265, -17.361428713327427], [14.248345915801565, -17.362112192556765], [14.238320442405211, -17.36211219298292], [14.23688823199734, -17.362795669236903], [14.235456021289622, -17.362795669059267], [14.232591600174032, -17.363479143443726], [14.231875495333043, -17.36416261494952], [14.229727179619601, -17.36416261494952], [14.229011074381901, -17.364846083981718], [14.22829496914403, -17.364846083981718], [14.227578863906388, -17.364846083981718], [14.226146653337935, -17.366213014630603], [14.226146653337935, -17.36689647541027], [14.223282232222346, -17.370313744490772], [14.221850022004162, -17.37099719053481], [14.219701706290948, -17.373047513484096], [14.218985600998167, -17.374414382544273], [14.217553390577677, -17.375097813478703], [14.215405074864464, -17.377831511093177], [14.215405074864464, -17.379198344593874], [14.214688969626593, -17.379881757517296], [14.214688969626593, -17.38398218147529], [14.215405074864464, -17.384665576536975], [14.215405074864464, -17.385348969046674], [14.216121179882578, -17.386032358875013], [14.216121179882578, -17.386715746533923], [14.216837285339864, -17.387399131262725], [14.216837285339864, -17.388082513563518], [14.216837285339864, -17.3887658933117], [14.217553390577677, -17.390132645150516], [15.390885214389698, -17.38461599742095], [15.375003237691999, -17.30336640212863], [15.337255540187698, -17.153533265875467], [15.2698843597542, -17.057165714832593], [15.19646925030878, -16.950884752199045], [15.195753145364051, -16.950884752426475], [15.195037040126351, -16.948144756183638], [15.19360482965078, -16.946774743087587], [15.19288872441291, -16.938554454910843], [15.195753145364051, -16.93581427902126], [15.197185355812223, -16.931703940755085], [15.197901461077436, -16.931703940365253], [15.197901461077436, -16.931018875194525], [15.198617565920756, -16.930333807411785], [15.198617565920756, -16.929648736999923], [15.199333671424199, -16.92896366495421], [15.199333671424199, -16.92827858955576], [15.201481987036345, -16.92553826389127], [15.201481987036345, -16.920057493773697], [15.198617565920756, -16.908410326583407], [15.192172619084658, -16.898818001266534], [15.190740408699696, -16.89813281628807], [15.187875987748612, -16.892651248617994], [15.187159882356923, -16.892651248269317], [15.187159882356923, -16.886484294561853], [15.194320934696634, -16.87963188715929], [15.194320934696634, -16.878946632482098], [15.19646925030878, -16.87689085439024], [15.19646925030878, -16.876205590626284], [15.197185355812223, -16.876205590626284], [15.197185355812223, -16.87552032351641], [15.197901461077436, -16.875520323344574], [15.197901461077436, -16.874149782174413], [15.198617565920756, -16.874149781837673], [15.199333671424199, -16.873464508128905], [15.199333671424199, -16.87277923107422], [15.199333671424199, -16.872093951533714], [15.203630302648321, -16.865926326395822], [15.205062513455005, -16.865241022204373], [15.205062513455005, -16.864555715578717], [15.20649472376391, -16.863870406615888], [15.20649472376391, -16.863185094766322], [15.207210829168218, -16.86249978079303], [15.207210829168218, -16.861814464228473], [15.207210829168218, -16.86112914517929], [15.207210829168218, -16.860443823645824], [15.207210829168218, -16.859073173125978], [15.207210829168218, -16.855646503355047], [15.206494723930575, -16.855646503355047], [15.206494723930575, -16.83782681986304], [15.207210829168218, -16.830972648706904], [15.205062513455005, -16.828230910785408], [15.205062513455005, -16.827545470104383], [15.205062513455005, -16.826860026943393], [15.204346408151764, -16.82686002711523], [15.198617565920756, -16.820690926508973], [15.198617565920756, -16.81931998846784], [15.197185355812223, -16.817949040510655], [15.19646925030878, -16.815207113991562], [15.195753145364051, -16.81452162605723], [15.195037040126351, -16.813836135792087], [15.195037040126351, -16.812465147827027], [15.19360482965078, -16.81177965012739], [15.19360482965078, -16.811094149949668], [15.19360482965078, -16.810408647294082], [15.19288872441291, -16.810408647294082], [15.192172619084658, -16.809723141993175], [15.192172619084658, -16.80903763412772], [15.191456513581045, -16.80903763412772], [15.191456513581045, -16.8083521246445], [15.187159882356923, -16.806295579609923], [15.184295461241334, -16.803553484595398], [15.183579356322127, -16.80218242218166], [15.182863251084257, -16.80218242218166], [15.182863251084257, -16.8008113499842], [15.180714935371043, -16.798754723113802], [15.180714935371043, -16.798069175871035], [15.179998830017155, -16.79738362656599], [15.179998830017155, -16.796012519190754], [15.179282724513712, -16.796012519190754], [15.179282724513712, -16.794641402771674], [15.178566619657602, -16.794641402515197], [15.17785051440518, -16.793270275589578], [15.17785051440518, -16.791899139365114], [15.177134408901566, -16.791213567109708], [15.177134408901566, -16.78984241603297], [15.176418303944388, -16.78984241583703], [15.176418303944388, -16.78847125450835], [15.175702198706688, -16.78778567013154], [15.175702198706688, -16.786414493953316], [15.17498609328959, -16.785728902541962], [15.17498609328959, -16.78092969058872], [15.174269987786147, -16.78092969058872], [15.174269987786147, -16.776130357409897], [15.173553882993303, -16.77544472823024], [15.173553882993303, -16.772702187854122], [15.172837777677444, -16.771330903036244], [15.172121672174, -16.76995960761053], [15.16496061983429, -16.758303201545573], [15.245880512007545, -16.651991321385765], [15.316774930546273, -16.545620407173544], [15.529458186162401, -16.47764953448052], [15.530890396459426, -16.47627613942143], [15.531606501875615, -16.475589438165684], [15.531606501875615, -16.474902734525642], [15.531606501875615, -16.47421602845162], [15.531606501875615, -16.472842609001987], [15.530890396459426, -16.47215589587063], [15.530890396459426, -16.47009574123956], [15.530174290955983, -16.47009574123956], [15.530174290955983, -16.46940901787525], [15.530174290955983, -16.46872229207753], [15.529458186162401, -16.468722292246014], [15.52874208084728, -16.46597536541708], [15.52874208084728, -16.461854902873654], [15.525877659731862, -16.45017978297517], [15.511555555052382, -16.437817126241725], [15.511555555052382, -16.43300921353392], [15.512271660456008, -16.432322358789918], [15.512271660456008, -16.429574916991783], [15.512271660456008, -16.42820118152389], [15.512271660456008, -16.427514310148126], [15.511555555052382, -16.427514310198035], [15.51083944954894, -16.42682743613949], [15.51083944954894, -16.413776373036455], [15.511555555052382, -16.412402525419395], [15.511555555052382, -16.411715598833894], [15.512271660456008, -16.411028668995982], [15.512987765693651, -16.40896786558818], [15.512987765693651, -16.40415923941947], [15.510123344742738, -16.401411399691256], [15.508691133936793, -16.400724433286598], [15.507258923791653, -16.400724433697917], [15.505826713316083, -16.40003746528049], [15.505826713316083, -16.396602586831875], [15.507975029029353, -16.391793655209085], [15.510123344742738, -16.389732648165136], [15.51083944954894, -16.388358631525932], [15.51083944954894, -16.387671619231753], [15.518224285244969, -16.366287158896], [15.519227005706853, -16.366324593573154], [15.524445449498046, -16.357440692527234], [15.529458186162401, -16.303838001312386], [15.531606501875615, -16.299714109115655], [15.534470922826756, -16.28734191182633], [15.534470922826756, -16.281155520409243], [15.53661923853997, -16.274968933898606], [15.53733534377784, -16.273594110408624], [15.538051448799138, -16.272906694628034], [15.545212501138906, -16.24059545889537], [15.545212501138906, -16.204840672598152], [15.545928606630923, -16.20415301674734], [15.545928606630923, -16.202090035389915], [15.546644711868623, -16.20071470249411], [15.546644711868623, -16.196588646258476], [15.547360816750881, -16.195213275073172], [15.547360816750881, -16.19383789457777], [15.548076922254324, -16.193150200302966], [15.548076922254324, -16.19246250363136], [15.548793027582064, -16.19039940008531], [15.548793027582064, -16.1890239856819], [15.549509132819708, -16.187648561692754], [15.55022523786647, -16.18696084570354], [15.55022523786647, -16.185585407689587], [15.550941343295278, -16.184209959787324], [15.551657448533149, -16.182834502254025], [15.553805764246363, -16.180771297987235], [15.553805764246363, -16.179395816499323], [15.555954079959633, -16.17733257630391], [15.555954079959633, -16.175957070865763], [15.556670185197504, -16.17458155584876], [15.557386290206182, -16.173893794676303], [15.557386290206182, -16.172518265644896], [15.56168292143036, -16.163577091377874], [15.563115132337373, -16.162889291563886], [15.563115132337373, -16.16013807003435], [15.56454734254595, -16.15807462886221], [15.567411763661312, -16.149820648022853], [15.567411763661312, -16.14775709921946], [15.569560079273515, -16.144317803683293], [15.569560079273515, -16.142254197501984], [15.579585552728815, -16.119553108514253], [15.580301658043595, -16.119553108902664], [15.580301658043595, -16.118865156535435], [15.581017762837348, -16.118177201744913], [15.581017762837348, -16.11748924434812], [15.581733868340791, -16.116801285427357], [15.581733868340791, -16.116113323256627], [15.582449973756809, -16.115425358893106], [15.582449973756809, -16.114737392204177], [15.58316607899468, -16.114737392204177], [15.58316607899468, -16.111297522962218], [15.583882183952937, -16.110609541700285], [15.583882183952937, -16.108545584459705], [15.58459828945638, -16.10785759365342], [15.58459828945638, -16.098225476223888], [15.583882183952937, -16.09547335645226], [15.37334724408754, -16.09272119853557], [15.36332177063241, -16.10992155891472], [15.362605665763112, -16.109921558561723], [15.36188956052365, -16.114049423287213], [15.361173455020207, -16.114049423287213], [15.36117345528777, -16.115425358893106], [15.36117345528777, -16.11611332319535], [15.361173455020207, -16.118177201744913], [15.360457350049899, -16.118177201780895], [15.360457350049899, -16.120929006475535], [15.359741244812199, -16.120929006475535], [15.359741244812199, -16.12368077297134], [15.359025139408061, -16.12368077325135], [15.359025139574328, -16.125056641892797], [15.359025139574328, -16.126432501262343], [15.358309033904618, -16.12712042719528], [15.358309033904618, -16.137439032470184], [15.36188956052365, -16.144317803683293], [15.361889560525412, -16.146381388276268], [15.361889560525412, -16.147757099498392], [15.36188956052365, -16.148444951499243], [15.362605665763112, -16.148444951522947], [15.362605665763112, -16.156698989289282], [15.357592929098814, -16.167016052067254], [15.35258019243446, -16.173206031253812], [15.35186408706852, -16.173893794676303], [15.350431876721245, -16.175269314554555], [15.348999665952931, -16.175957070696313], [15.346851350340785, -16.178020325164084], [15.34613524529459, -16.178020325430737], [15.34613524529459, -16.179395816499323], [15.34541914005689, -16.179395816499323], [15.34541914005689, -16.180083558440856], [15.34470303472881, -16.180083558077058], [15.34470303472881, -16.186273128325922], [15.34183861361322, -16.19865168478998], [15.341122508630235, -16.198651685165828], [15.341122509008073, -16.1993393598857], [15.340406403392535, -16.200027032449213], [15.340406403392535, -16.209654194829966], [15.341122508630235, -16.21034183129518], [15.341122508630235, -16.2117170970277], [15.34183861361322, -16.212404726708712], [15.34183861361322, -16.213092352968886], [15.346851350340785, -16.21928088735632], [15.346851350340785, -16.220656090338764], [15.347567455770104, -16.220656090313696], [15.347567455770104, -16.221343688380273], [15.347567455770104, -16.222031284046125], [15.348283561007975, -16.222718877311195], [15.348283561007975, -16.223406468175426], [15.349715771456374, -16.224781642531582], [15.349715771456374, -16.225469226447785], [15.349715771456374, -16.226844386213827], [15.349715771456374, -16.228907108283465], [15.347567455770104, -16.23372004297329], [15.346851350340785, -16.233720042670313], [15.346851350340785, -16.234407595363564], [15.34613524529459, -16.235095145446905], [15.34613524529459, -16.236470238310687], [15.34470303472881, -16.237845321928944], [15.34470303472881, -16.238532859343763], [15.343986929225366, -16.23922039521824], [15.343986929225366, -16.239907928689604], [15.343270824343449, -16.239907928421474], [15.342554719105806, -16.24197051365121], [15.331097035301582, -16.25159562534526], [15.33038093004933, -16.252970602772734], [15.328948719588311, -16.253658087969086], [15.328232614350497, -16.255033051027056], [15.32751650893374, -16.255033050869997], [15.326800403430298, -16.25778294828166], [15.326084298637227, -16.257782948280806], [15.325368193321765, -16.258470416836644], [15.325368193399356, -16.259157882475108], [15.325368193399356, -16.260532807046786], [15.324652087818322, -16.261220266137798], [15.324652087818322, -16.26946958218531], [15.323935982924013, -16.270844434538674], [15.323219877686142, -16.271531857117168], [15.323219877709562, -16.273594110239515], [15.321787667210572, -16.278405950486217], [15.321787667210572, -16.28802927660479], [15.323935982924013, -16.29009135648289], [15.323935982924013, -16.29215341467335], [15.324652087818322, -16.292840762657363], [15.324652087818322, -16.293528108412602], [15.268795879209165, -16.295590130354412], [15.248028827693588, -16.258470416836644], [15.248028827693588, -16.256408004817615], [15.247312722189974, -16.25572052904647], [15.246596617245416, -16.255033051027056], [15.244448301531975, -16.250908132994482], [15.244448301531975, -16.23372004297329], [15.243732196294332, -16.232344930890292], [15.243732196294332, -16.231657371245603], [15.243016090966023, -16.23028224489667], [15.243016090966023, -16.22821953723684], [15.24229998546241, -16.22821953723684], [15.240151669850434, -16.222031283718877], [15.238003354238288, -16.21171709718641], [15.236571143916535, -16.21034183129518], [15.235855038626312, -16.208278914448044], [15.234422828203321, -16.206903624978906], [15.234422828203321, -16.205528325660282], [15.232990617510723, -16.20552832524794], [15.232990617510723, -16.204153016687258], [15.232274512490108, -16.203465358693165], [15.231558407252237, -16.202090035389915], [15.222249039161397, -16.19521327499956], [15.220100723448013, -16.191087103692155], [15.215087986783658, -16.15738681022293], [15.215087986783658, -16.13950268873299], [15.212939671070444, -16.129184191342915], [15.211507460491532, -16.12712042719528], [15.211507460491532, -16.12574457295443], [15.210791354988089, -16.125056641820436], [15.21007525011936, -16.12436870862598], [15.21007525011936, -16.122304894498654], [15.2093591448795, -16.12161695205822], [15.2093591448795, -16.120929006597635], [15.208643039376113, -16.120241058749684], [15.208643039376113, -16.118177201744913], [15.207926934406089, -16.116801285110796], [15.207926934406089, -16.115425358893106], [15.207210829168218, -16.114049423128677], [15.207210829168218, -16.112673477818134], [15.205062513455005, -16.107169601129556], [15.205062513455005, -16.105105608006227], [15.205062513455005, -16.103729600663826], [15.205062513455005, -16.102353583780825], [15.204346408151764, -16.102353583915033], [15.204346408151764, -16.10097755698149], [15.204346408151764, -16.099601521371937], [15.204346408151764, -16.09891349955865], [15.203630302979434, -16.09753744956822], [15.20291419774179, -16.096849420856927], [15.20219809250392, -16.094097282170083], [15.20219809250392, -16.075519348669786], [15.20291419774179, -16.07414313636417], [15.20291419774179, -16.070702563929785], [15.203630302648321, -16.070014442519437], [15.203630302648321, -16.051434258925326], [15.20291419774179, -16.050746070439118], [15.20291419774179, -16.047305093494572], [15.20076588202835, -16.04111118520717], [15.20004977679065, -16.040422961289664], [15.199333671424199, -16.039734735202444], [15.199333671424199, -16.039046506276065], [15.198617565920756, -16.039046506276065], [15.198617565920756, -16.03835827497312], [15.197901461077436, -16.038358275276778], [15.197185355812223, -16.037670042157004], [15.19646925030878, -16.037670042157004], [15.19646925030878, -16.03698180610104], [15.195753145364051, -16.036981806052097], [15.195753145364051, -16.036293567875248], [15.184295461241334, -16.04592868598752], [15.053248202616203, -16.0486814914795], [15.033734335057943, -16.05040197569997], [14.880443057860816, -16.09448430397765], [14.820021678424382, -16.12458368802828], [14.79764338974428, -16.128883227101483], [14.79764338974428, -16.142856084620803], [14.796524475294461, -16.142856084788548], [14.796524475294461, -16.143930879270783], [14.796524475294461, -16.14500566791702], [14.79540556072618, -16.14500566791702], [14.79428664615773, -16.14608044986386], [14.787573159645433, -16.157902674603008], [14.787573159645433, -16.161126794452798], [14.786454245076982, -16.161126794452798], [14.786454245076982, -16.166500212136043], [14.785335330970156, -16.168649537629904], [14.79974694871271, -16.194525585592714], [14.677292953222434, -16.314834622684543], [14.644352111953026, -16.39660258661462], [14.650080954183977, -16.464601887920196], [14.650797059425258, -16.465288628035296], [14.650797059425258, -16.465975365743304], [14.650797059425258, -16.468035564269826], [14.651513164292737, -16.468035563846627], [14.651513164292737, -16.46872229207753], [14.651513164292737, -16.47009574123956], [14.65222926979618, -16.470782461309113], [14.652945375138472, -16.47146917981729], [14.652945375138472, -16.47352931994368]]]}}, {"type": "Feature", "properties": {"zoneId": "AGO-namibe-camucuio"}, "geometry": {"type": "Polygon", "coordinates": [[[13.573830727505594, -13.917446726243156], [13.576161799074043, -13.913675630546777], [13.576938822930174, -13.913675630546777], [13.576938822930174, -13.912921404028396], [13.576938822930174, -13.91216717505057], [13.576938822930174, -13.911412943613414], [13.576938822930174, -13.909904472489757], [13.576938822930174, -13.906133253831342], [13.573830727505594, -13.90160771031799], [13.573830727505594, -13.900099176151627], [13.573053703634912, -13.900099175773676], [13.573053703649464, -13.899344905382293], [13.573053703649464, -13.89859063128381], [13.573053703634912, -13.897082077734922], [13.569945607984891, -13.894064940386613], [13.566837511902008, -13.89406494033011], [13.565283464189633, -13.89406494033011], [13.563729416477429, -13.893310649906539], [13.562175368764997, -13.893310649906539], [13.561398344908923, -13.892556357026763], [13.559067273209848, -13.892556356973728], [13.558290249297272, -13.891802061583064], [13.55673620147229, -13.891802061583064], [13.555182153647252, -13.89104776373648], [13.554405129305337, -13.89104776389894], [13.552851081592962, -13.890293463651119], [13.549742986168553, -13.890293463651119], [13.527986316399847, -13.881241668292887], [13.521770125409603, -13.876715638175881], [13.520216077584621, -13.876715638175881], [13.51866202975964, -13.875961291235342], [13.516330957659477, -13.875206941408635], [13.511668814522523, -13.875206941408635], [13.510114766721983, -13.873698235693439], [13.507783694984596, -13.873698235693439], [13.502344527350601, -13.87143515791513], [13.496128336296977, -13.870680793962208], [13.494574288471995, -13.869926427397786], [13.492243216322436, -13.869172058385914], [13.491466192466191, -13.869172058385914], [13.484472977609357, -13.865400176514186], [13.472817618921738, -13.854838581261333], [13.46737845112915, -13.85182089479548], [13.465824403416946, -13.85182089479548], [13.46427035570457, -13.851066466139685], [13.46349333184844, -13.850312035906711], [13.462716307992366, -13.850312035906711], [13.462716307992366, -13.849557603224412], [13.461162260234346, -13.849557603540973], [13.458831188496731, -13.847294290635887], [13.45727714067175, -13.847294290635887], [13.456500116759116, -13.846539848103248], [13.454169044676405, -13.845785403079049], [13.4526149969642, -13.845785403079049], [13.451060949251826, -13.845030955703976], [13.449506901539621, -13.843522053608865], [13.447952853721688, -13.843522053487561], [13.447175829809112, -13.842013141490497], [13.446398805896706, -13.841258681820023], [13.444067734159091, -13.839749755135983], [13.443290710246686, -13.839749755135983], [13.443290710246686, -13.83899528812259], [13.423088088521467, -13.83899528812259], [13.421534040696486, -13.839749755135983], [13.419979992871447, -13.839749755135983], [13.416871896886619, -13.842013141721168], [13.416094873030545, -13.842013141721168], [13.415317849174414, -13.842013141721168], [13.415317849174414, -13.843522053608865], [13.412986777605909, -13.845030955703976], [13.411432729833848, -13.848803168354834], [13.409878682008866, -13.848803168354834], [13.40910165809646, -13.849557603540973], [13.408324634183884, -13.849557603540973], [13.406770586358846, -13.849557603540973], [13.40599356200238, -13.850312035906711], [13.405216538146249, -13.851066466139685], [13.403662490433874, -13.851066466139685], [13.402885466577743, -13.85182089479548], [13.399777371146456, -13.851820894403943], [13.399000347233823, -13.851066466565612], [13.397446299408841, -13.851066466565612], [13.396669275496436, -13.850312036277899], [13.393561179405708, -13.850312035906711], [13.385790940721222, -13.845785403121909], [13.383459868983834, -13.842013141490497], [13.382682845071201, -13.836731872398673], [13.381905821158796, -13.836731872398673], [13.381905821158796, -13.835222916347448], [13.381128796809037, -13.835222916198404], [13.378797725240759, -13.82164187154774], [13.378797725240759, -13.80579631860138], [13.377243677528384, -13.803532580367118], [13.377243677528384, -13.80277799519996], [13.377243677528384, -13.801268819285951], [13.37568962981618, -13.798250438164075], [13.374135582033603, -13.796741232932732], [13.374135582033603, -13.795986626614138], [13.373358558121197, -13.795986626614138], [13.373358558121197, -13.795232017855255], [13.372581534208791, -13.795232017855255], [13.372581534208791, -13.794477406655972], [13.371027486383582, -13.792968176937336], [13.370250462471176, -13.792968176937336], [13.36947343855877, -13.792213558418098], [13.36947343855877, -13.79145893745914], [13.368696414212593, -13.791458937867617], [13.368696414212593, -13.790704313651247], [13.367919390356292, -13.790704313651247], [13.366365342644087, -13.789195059644953], [13.365588318788014, -13.788440428982938], [13.365588318788014, -13.7876857958816], [13.363257247219508, -13.785421881944103], [13.363257247219508, -13.784667239087469], [13.362480223346154, -13.783912593708749], [13.361703199433578, -13.78315794592038], [13.361703199507303, -13.782403295886638], [13.360926175521172, -13.781648643028916], [13.360926175521172, -13.78089398792605], [13.360926175521172, -13.780139330385168], [13.35937212769619, -13.780139330385168], [13.355487007759848, -13.774856659216027], [13.350047840745958, -13.771837936568602], [13.343831649019307, -13.762026818274819], [13.335284386408546, -13.760517379016164], [13.335284386408546, -13.759762655697955], [13.33450736249597, -13.759762655697955], [13.333730338583337, -13.759762655697955], [13.333730338583337, -13.759007929945199], [13.332176290758525, -13.758253201758123], [13.330622242566506, -13.758253201957984], [13.330622242566506, -13.75749847139133], [13.328291170998227, -13.756743738390696], [13.328291170998227, -13.755989002956085], [13.327514147142097, -13.755989002956085], [13.327514147142097, -13.755234265087552], [13.326737123286023, -13.754479523912721], [13.326737123286023, -13.753724781176857], [13.323629027720926, -13.751460538548827], [13.320520932436864, -13.751460538368804], [13.318966883826135, -13.751460538368804], [13.318189859970062, -13.751460538368804], [13.317412836113931, -13.751460538368804], [13.316635812257687, -13.75070578589964], [13.316635812257687, -13.749951030997579], [13.315858788401556, -13.749951030997579], [13.315081764545482, -13.749951030997579], [13.313527716833278, -13.748441513894818], [13.311973669033307, -13.748441513855937], [13.311196645120901, -13.747686751600838], [13.310419621208325, -13.746931986913182], [13.308865573383287, -13.74542245024088], [13.308865573383287, -13.74466767825652], [13.308088549470881, -13.743912903840112], [13.306534501229692, -13.743158127413892], [13.304203429661186, -13.736365025984242], [13.300318310345688, -13.733345806717296], [13.299541286433282, -13.73108136678161], [13.2979872386083, -13.730326548610037], [13.295656166870685, -13.726552421309009], [13.290216999352367, -13.708526351878504], [13.28872511326108, -13.699829863664206], [13.285244046313665, -13.693548867312927], [13.285244046313665, -13.690649888658527], [13.286238636741814, -13.689200385931429], [13.287233227659158, -13.689200386028688], [13.287233227659158, -13.688717216526186], [13.28773052283293, -13.68823404610879], [13.28773052283293, -13.687750874272467], [13.289222408875162, -13.686784528592113], [13.289222408875162, -13.686301354127863], [13.290216999352367, -13.685335001951898], [13.290714294787222, -13.684368646348503], [13.291211589780346, -13.684368646252722], [13.291708885395167, -13.683885466923357], [13.292206180699282, -13.68340228650601], [13.292703475871633, -13.683402286584965], [13.292703475871633, -13.682919104826624], [13.29320077130717, -13.68243592269522], [13.29320077130717, -13.681952739301835], [13.299665610259183, -13.677120850815527], [13.301654791475187, -13.671805658947733], [13.301654791475187, -13.66793998952221], [13.302152086779358, -13.667456776384086], [13.302152086779358, -13.665040695829248], [13.302649381948811, -13.664557477179017], [13.302649381948811, -13.664074256755612], [13.302649381948811, -13.663591035341426], [13.31010881150678, -13.652959921487934], [13.310606106947318, -13.652959921574961], [13.310606106947318, -13.652476677731272], [13.311600697555264, -13.651510187073711], [13.312097992859378, -13.651510187073711], [13.312097992859378, -13.650543692456495], [13.312595288026216, -13.65054369237015], [13.313589878454195, -13.64764418441456], [13.313589878454195, -13.646194417948834], [13.314087174075212, -13.64571115998416], [13.314584469379383, -13.644744641614238], [13.314584469780641, -13.643778119551143], [13.314584469379383, -13.64329485663842], [13.315081764545482, -13.643294856554007], [13.315081764545482, -13.639911990492806], [13.315081764545482, -13.63846217566487], [13.315081764545482, -13.63797890178654], [13.315081764545482, -13.637495627792134], [13.315081764545482, -13.63701235193571], [13.314087174075212, -13.635079240274308], [13.314087174075212, -13.630729680614365], [13.312097992859378, -13.62686333814031], [13.312097992859378, -13.625413443405193], [13.311600697555264, -13.624930143183633], [13.311600697555264, -13.623963539776355], [13.310606106947318, -13.622030321105115], [13.310606106947318, -13.621063705841607], [13.31010881150678, -13.62009708637413], [13.31010881150678, -13.61188066371676], [13.310606106947318, -13.611397335915058], [13.310606106947318, -13.610914007050667], [13.310606106947318, -13.610430677198906], [13.310606106947318, -13.609464014534126], [13.310606106947318, -13.608014013133698], [13.310606106947318, -13.605113983684305], [13.30961151633926, -13.596413682212074], [13.30662774451531, -13.589646560141091], [13.306130448896226, -13.589646559722496], [13.298727385029053, -13.578620345615377], [13.20733424688683, -13.587105505914849], [13.201076824200527, -13.58507806345682], [13.190647785362842, -13.581023126164041], [13.18230455505568, -13.581023126011189], [13.17604713197835, -13.578995630998065], [13.169789708959172, -13.576968119238074], [13.16770390121627, -13.574940589553421], [13.16561809397507, -13.574940589553421], [13.163532285835345, -13.574940589553421], [13.163532285835345, -13.572913043279527], [13.161446478227958, -13.572913043156746], [13.161446478227958, -13.570885479131448], [13.159360670454362, -13.570885478810055], [13.159360670454362, -13.568857897893906], [13.157274862862494, -13.568857897786245], [13.155189055073265, -13.566830298787067], [13.153103247832007, -13.566830298787067], [13.151017439692282, -13.566830298787067], [13.151017439692282, -13.56480268323827], [13.148931632131507, -13.564802683145729], [13.144760016765986, -13.564802683145729], [13.140588401400294, -13.562775049855134], [13.13015936278714, -13.56277504950367], [13.13015936278714, -13.560747399331888], [13.052984478687506, -13.560747399331888], [13.046727055676115, -13.564802683145729], [13.042555440310593, -13.564802683145729], [13.042555440310593, -13.566830299123524], [13.040469632544443, -13.568857897893906], [13.038383824945129, -13.568857897786245], [13.030040594213915, -13.576968119238074], [13.027954786401438, -13.57696811937592], [13.027954786401438, -13.578995630998065], [13.02586897884845, -13.578995631289388], [13.02586897884845, -13.581023126011189], [13.023783171020455, -13.581023126164041], [13.023783171020455, -13.583050603124946], [13.021697363482929, -13.58507806345682], [13.019611555639528, -13.585078063624792], [13.019611555639528, -13.587105505914849], [13.017525748117407, -13.587105506175988], [13.017525748117407, -13.589132931556094], [13.015439940258375, -13.589132931738959], [13.015439940258375, -13.591160339348562], [13.011268324877392, -13.595215103407213], [13.007096709496466, -13.595215103407213], [13.007096709496466, -13.597242459851373], [13.0050109020209, -13.597242459638323], [13.002925094115312, -13.597242459851373], [13.002925094115312, -13.599269798071418], [13.000839286655435, -13.599269798287423], [13.000839286655435, -13.601297119583137], [12.998753478734386, -13.601297119811363], [12.998753478734386, -13.603324423322249], [12.994581863353403, -13.603324423322249], [12.994581863353403, -13.605351710348259], [12.99249605592422, -13.605351710105083], [12.988324440558756, -13.609406231184835], [12.986238632591323, -13.609406231443018], [12.984152825193235, -13.61143346567792], [12.982067017210397, -13.611433465507105], [12.977895401829244, -13.615487882402931], [12.967466363731262, -13.619542229949502], [12.957037324924272, -13.619542229808815], [12.957037324924272, -13.621569377883532], [12.954951517634584, -13.621569377580158], [12.950779902269062, -13.621569377580158], [12.94660828690354, -13.621569377580158], [12.940350863855201, -13.62562362070031], [12.934093440777758, -13.625623621018804], [12.925750210015849, -13.62967779461627], [12.923664402393229, -13.629677794282827], [12.919492787027536, -13.631704854991483], [12.91740697925377, -13.631704854895986], [12.915321171662072, -13.633731898308554], [12.90906374849169, -13.633731898657004], [12.906977940931029, -13.637785932758334], [12.904892133110707, -13.639812923820955], [12.90072051772978, -13.639812923820955], [12.896548902348627, -13.643866853886209], [12.892377286967701, -13.645893793247637], [12.892377286967701, -13.647920714327768], [12.888205671586718, -13.647920714327768], [12.888205671586718, -13.649947618870272], [12.886119864103534, -13.64994761846151], [12.884034056205564, -13.651974505126589], [12.881948248737842, -13.651974505146882], [12.879862440824638, -13.654001374840618], [12.877776633372378, -13.656028226268859], [12.875690825443485, -13.656028226263686], [12.875690825443485, -13.658055060266634], [12.869433402641391, -13.65805506070069], [12.869433402641391, -13.660081877709956], [12.86526178727587, -13.6621086772941], [12.863175979300479, -13.662108676875164], [12.861090171910348, -13.66413545945096], [12.852746941179362, -13.66413545945096], [12.84857532581367, -13.66413545945096], [12.844403710448205, -13.66413545945096], [12.844403710448205, -13.6621086772941], [12.842317902395507, -13.662108676875164], [12.842317902395507, -13.66008187771979], [12.840232095082683, -13.660081877709956], [12.840232095082683, -13.65805506070069], [12.838146287014354, -13.658055060266634], [12.836060479717162, -13.656028226268859], [12.836060479717162, -13.654001374416794], [12.831888864351697, -13.654001374416794], [12.829803056252445, -13.651974505126589], [12.801853233719783, -13.651974505126589], [12.794344325962868, -13.651974505126589], [12.790172710581942, -13.656028226263686], [12.788086903013664, -13.656028226268859], [12.788086903013664, -13.65805506070069], [12.786001095200959, -13.658055060266634], [12.783915287648142, -13.6621086772941], [12.781829479819862, -13.662108676875164], [12.781829479819862, -13.664135459475915], [12.779743672282677, -13.66413545945096], [12.77765786443888, -13.664135459475915], [12.77765786443888, -13.666162223774108], [12.775572056917156, -13.666162224178038], [12.775572056917156, -13.668188971473], [12.773486249057953, -13.668188971512961], [12.773486249057953, -13.670215700944368], [12.7693146336768, -13.674269108366957], [12.767228826185999, -13.674269108740816], [12.767228826185999, -13.67629578628322], [12.767228826185999, -13.678322446381515], [12.765143018295873, -13.678322446022719], [12.765143018295873, -13.680349089118465], [12.763057210820477, -13.682375714236287], [12.76097140291489, -13.682375713892498], [12.76097140291489, -13.686428911957421], [12.758885595455013, -13.686428912286033], [12.758885595673462, -13.688455485243367], [12.758885595455013, -13.692508578434683], [12.756799787533737, -13.694535098595793], [12.756799787533737, -13.696561602033796], [12.754713980089491, -13.698588087414748], [12.75262817215281, -13.702641005785324], [12.75054236472397, -13.706693854792377], [12.748456556771657, -13.708720253133606], [12.746370749358334, -13.71074663361162], [12.742199133992813, -13.714799342492256], [12.742199133992813, -13.716825670699734], [12.740113326009748, -13.716825670920343], [12.740113326009748, -13.718851981207138], [12.735941710628822, -13.718851981207138], [12.735941710628822, -13.720878274872405], [12.733855903261826, -13.722904550361761], [12.733855903387393, -13.724930808838508], [12.733855903387393, -13.726957049134398], [12.733855903387393, -13.733035666735702], [12.733855903261826, -13.743166344776853], [12.738027518627291, -13.743166344776853], [12.738027518627291, -13.745192427882557], [12.740113326009748, -13.74519242820844], [12.742199133992813, -13.747218493463038], [12.742199133992813, -13.74924454151602], [12.744284941390731, -13.749244541856967], [12.746370749358334, -13.74924454151602], [12.746370749358334, -13.751270572039118], [12.748456556771657, -13.751270571951238], [12.748456556771657, -13.753296585385897], [12.75054236472397, -13.753296585029887], [12.75054236472397, -13.755322580485995], [12.75054236472397, -13.757348558405113], [12.75262817215281, -13.757348558776187], [12.754713980089491, -13.759374518784853], [12.754713980089491, -13.763426386916365], [12.756799787533737, -13.765452295064506], [12.756799787533737, -13.769504057924507], [12.758885595455013, -13.769504057508414], [12.758885595455013, -13.771529912601409], [12.758885595455013, -13.775581570117026], [12.758885595455013, -13.783684674398728], [12.758885595455013, -13.799890039431887], [12.756799787533737, -13.801915630597705], [12.756799787533737, -13.8059667608386], [12.754713980089491, -13.805966761159482], [12.75262817215281, -13.807992300001558], [12.75262817215281, -13.81001782069319], [12.75054236472397, -13.812043324518186], [12.75054236472397, -13.814068810433469], [12.748456556771657, -13.814068810142658], [12.748456556771657, -13.818119729167961], [12.746370749358334, -13.818119729443652], [12.738027518627291, -13.826221356115127], [12.738027518627291, -13.828246718738171], [12.735941710628822, -13.828246718936157], [12.735941710628822, -13.830272063507834], [12.733855903261826, -13.830272063738448], [12.733855903261826, -13.832297391113627], [12.731770095247668, -13.834322700645828], [12.731770095247668, -13.840398524559248], [12.727598479866742, -13.846474188867603], [12.727598479866742, -13.848499375600227], [12.727598479866742, -13.850524543814174], [12.727598479866742, -13.852549695251355], [12.725512672530783, -13.852549694963159], [12.725512672530783, -13.85659994399441], [12.721341057165318, -13.86065012240175], [12.717169441799797, -13.86065012240175], [12.717169441799797, -13.86267518511545], [12.712997826434105, -13.864700230166022], [12.710912018342754, -13.86672525745604], [12.7067404029616, -13.86875026761686], [12.704654595703119, -13.868750267268581], [12.704654595703119, -13.870775259315621], [12.702568787580617, -13.870775259235415], [12.700482980337654, -13.872800233690043], [12.700482980337654, -13.87685012941165], [12.69839717265478, -13.87685012941165], [12.69839717265478, -13.897098546855545], [12.694225557289315, -13.903172726978994], [12.694225557289315, -13.911271385850682], [12.690053941923793, -13.917345193951917], [12.690053941923793, -13.921394310720586], [12.685882326558271, -13.927467852878124], [12.685882326558271, -13.931516792291688], [12.683796518815257, -13.931516792437037], [12.683796518815257, -13.937590068059478], [12.681710711192807, -13.939614458174105], [12.681710711192807, -13.94163883026738], [12.679624903434274, -13.943663184795355], [12.677539095827285, -13.94366318460493], [12.677539095827285, -13.945687521184539], [12.67545328805312, -13.947711840209138], [12.671281672672194, -13.94973614083716], [12.671281672672194, -13.951760424571717], [12.669195865096299, -13.953784689874851], [12.66711005729104, -13.955808937864276], [12.66711005729104, -13.957833167417391], [12.665024249730777, -13.957833167610204], [12.665024249730777, -13.959857379817038], [12.662938441910114, -13.959857380067604], [12.662938441910114, -13.961881574069082], [12.660852634365085, -13.963905750897368], [12.660852634365085, -13.984146539014773], [12.658766826529131, -13.984146539355493], [12.658766826529131, -13.986170519848088], [12.658766826529131, -13.988194483404413], [12.65668101899962, -13.990218428351511], [12.654595211148035, -13.990218428279036], [12.652509403634099, -13.992242355841825], [12.652509403634099, -13.99426626551724], [12.650423595767052, -13.994266265459771], [12.648337788268634, -13.99426626551724], [12.648337788268634, -13.99629015737537], [12.646251980386126, -13.996290157761166], [12.642080365005143, -14.00033788803114], [12.635822942171956, -14.002361726022286], [12.631651326806434, -14.006409349323633], [12.631651326806434, -14.008433134228255], [12.62956551886191, -14.008433134659128], [12.627479711440913, -14.010456901298994], [12.625393903480983, -14.010456901301552], [12.623308096075448, -14.012480650533575], [12.6212222881, -14.012480650107875], [12.6212222881, -14.014504381947063], [12.619136480709926, -14.014504381929385], [12.617050672718904, -14.016528095073738], [12.614964865344405, -14.016528095484432], [12.61079324997894, -14.018551791196046], [12.598278403882262, -14.030693590623002], [12.598278403882262, -14.032717161364985], [12.596192595813932, -14.032717161014489], [12.592020980432835, -14.036764248924271], [12.592020980432835, -14.038787766515668], [12.589935173151275, -14.038787766407836], [12.589935173151275, -14.040811265686443], [12.587849365051852, -14.040811265366074], [12.583677749670926, -14.044858210320854], [12.583677749670926, -14.04688165642051], [12.581591942420232, -14.046881656282665], [12.581591942420232, -14.048905084060209], [12.579506134289772, -14.048905083769853], [12.579506134289772, -14.050928494109371], [12.577420327048344, -14.050928494109371], [12.575334519371893, -14.056998616334681], [12.573248711667418, -14.059021954865443], [12.57116290442616, -14.06104527489208], [12.569077096286435, -14.063068577894853], [12.569077096286435, -14.065091862128327], [12.566991288640907, -14.065091862358543], [12.566991288640907, -14.067115129120168], [12.564905480905509, -14.069138377764034], [12.562819673275385, -14.069138377979243], [12.560733865524526, -14.07318482178033], [12.55864805790992, -14.073184821980533], [12.556562250143429, -14.075208017361035], [12.554476442544399, -14.075208017117916], [12.552390634762446, -14.0772311941584], [12.525275134985577, -14.077231194343483], [12.523189327095224, -14.075208017361035], [12.519017711714298, -14.075208017361035], [12.516931904254534, -14.073184821980533], [12.516931904254534, -14.071161608933494], [12.514846096333315, -14.071161609161493], [12.502331250190082, -14.059021954865443], [12.500245442792561, -14.054975260096057], [12.498159634809156, -14.052951885693972], [12.49607382742704, -14.052951885969321], [12.49607382742704, -14.050928493956519], [12.493988019428173, -14.050928494109371], [12.491902212186801, -14.050928494109371], [12.487730596805818, -14.050928494109371], [12.479387365964897, -14.050928493956519], [12.475215750599375, -14.052951885969321], [12.473129942523087, -14.052951885693972], [12.473129942523087, -14.054975260264087], [12.471044135233853, -14.054975260096057], [12.471044135233853, -14.056998616334681], [12.468958327142104, -14.056998616074395], [12.466872519868389, -14.056998616334681], [12.466872519868389, -14.059021954682578], [12.464786711761178, -14.059021954865443], [12.464786711761178, -14.06104527489208], [12.462700904502867, -14.061045275137417], [12.458529289137175, -14.065091862358543], [12.458529289137175, -14.067115129120168], [12.456443481454528, -14.067115129120168], [12.45435767375767, -14.069138377764034], [12.45435767375767, -14.071161609161493], [12.452271866089006, -14.071161608933494], [12.450186058376687, -14.07318482178033], [12.44601444299576, -14.0772311941584], [12.44392863535802, -14.077231194343483], [12.44392863535802, -14.079254353654676], [12.441842827614607, -14.079254353912802], [12.441842827614607, -14.081277494879089], [12.439757019992328, -14.081277495049221], [12.439757019992328, -14.083300618524731], [12.437671212233681, -14.083300618797807], [12.437671212233681, -14.085323723923807], [12.435585404626863, -14.085323724078819], [12.433499596852698, -14.087346811997236], [12.433499596852698, -14.089369881273342], [12.431413789261342, -14.089369881413404], [12.429327981471602, -14.091392933492159], [12.429327981471602, -14.093415966908935], [12.427242173895877, -14.093415967033991], [12.425156366090619, -14.095438983263762], [12.423070558530355, -14.09746198092165], [12.423070558530355, -14.099484960959842], [12.420984750709465, -14.099484961293058], [12.420984750709465, -14.101507922962696], [12.418898943164663, -14.101507923057625], [12.418898943164663, -14.103530867212783], [12.416813135328539, -14.105553793343006], [12.416813135328539, -14.127804796253997], [12.418898943164663, -14.12780479668686], [12.418898943164663, -14.129827507372397], [12.420984750709465, -14.129827507382629], [12.420984750709465, -14.13185019966437], [12.423070558530355, -14.13185020008217], [12.423070558530355, -14.135895531565211], [12.425156366090619, -14.135895531162419], [12.425156366090619, -14.137918170373837], [12.429327981471602, -14.141963393967899], [12.429327981471602, -14.143985978345654], [12.431413789261342, -14.143985978718433], [12.431413789261342, -14.146008545531913], [12.433499596852698, -14.146008545602228], [12.433499596852698, -14.148031093993154], [12.435585404626863, -14.148031094350927], [12.435585404626863, -14.150053625172916], [12.439757019992328, -14.154098632816442], [12.439757019992328, -14.156121109633318], [12.441842827614607, -14.156121109305559], [12.441842827614607, -14.158143568559126], [12.44392863535802, -14.160166009245415], [12.44601444299576, -14.16016600893272], [12.44601444299576, -14.162188432166317], [12.44601444299576, -14.164210836515338], [12.448100250723542, -14.166233223574181], [12.448100251135315, -14.168255592034598], [12.448100250723542, -14.17027794303948], [12.450186058376687, -14.170277943199949], [12.450186058376687, -14.182411669015096], [12.450186058376687, -14.188478288018416], [12.450186058376687, -14.190500458848305], [12.450186058376687, -14.192522610760818], [12.450186058376687, -14.194544745495307], [12.448100250723542, -14.196566861485053], [12.448100250723542, -14.198588959671724], [12.448100250723542, -14.200611039802538], [12.44601444299576, -14.20061103964008], [12.44601444299576, -14.202633102155517], [12.44392863535802, -14.202633101874994], [12.44392863535802, -14.206677171835508], [12.441842827614607, -14.208699179586517], [12.441842827614607, -14.210721169845101], [12.441842827614607, -14.212743141162775], [12.441842827614607, -14.214765095278835], [12.439757019992328, -14.214765094953236], [12.439757019992328, -14.218808948072706], [12.437671212233681, -14.220830847427067], [12.435585404626863, -14.220830847514435], [12.435585404992253, -14.222852729229771], [12.435585404626863, -14.22487459214966], [12.433499596852698, -14.226896437709286], [12.433499596852698, -14.228918264381377], [12.431413789261342, -14.228918264438676], [12.431413789261342, -14.230940073447357], [12.429327981471602, -14.232961864320202], [12.427242173895877, -14.232961864362494], [12.427242173895877, -14.234983637181585], [12.427242173895877, -14.2370053919023], [12.425156366090619, -14.237005391875016], [12.425156366090619, -14.239027128937835], [12.423070558530355, -14.239027128522196], [12.423070558530355, -14.243070547450657], [12.420984750709465, -14.24509222975712], [12.418898943164663, -14.247113893947926], [12.418898943468264, -14.249135540046836], [12.418898943164663, -14.253178777844255], [12.416813135328539, -14.253178777877054], [12.416813135328539, -14.275415289455168], [12.418898943164663, -14.277436682034079], [12.420984750709465, -14.277436682156917], [12.420984750709465, -14.281479412244153], [12.423070558530355, -14.283500749914879], [12.423070558530355, -14.285522069568515], [12.425156366090619, -14.28552206972148], [12.425156366090619, -14.287543370790104], [12.427242173895877, -14.289564654401886], [12.429327981471602, -14.289564654569858], [12.429327981471602, -14.291585919317129], [12.431413789261342, -14.293607166587663], [12.433499596852698, -14.293607166770585], [12.437671212233681, -14.297649606304788], [12.439757019992328, -14.297649606106916], [12.439757019992328, -14.299670798610748], [12.441842827614607, -14.299670798380873], [12.441842827614607, -14.301691973153766], [12.44601444299576, -14.301691973153766], [12.44601444299576, -14.30371312888019], [12.448100250723542, -14.303713129094945], [12.450186058376687, -14.305734267298703], [12.450186058376687, -14.307755386665917], [12.452271866089006, -14.307755386865665], [12.45435767375767, -14.309776488720559], [12.456443481454528, -14.30977648847761], [12.456443481454528, -14.311797571904094], [12.458529289137175, -14.313818637142731], [12.460615096380025, -14.313818637400743], [12.462700904502867, -14.315839684191303], [12.464786711761178, -14.315839684021569], [12.464786711761178, -14.317860713320442], [12.466872519868389, -14.317860713047423], [12.466872519868389, -14.319881723708704], [12.466872519868389, -14.321902716172644], [12.468958327142104, -14.321902716460727], [12.471044135233853, -14.321902716172644], [12.471044135233853, -14.323923690437255], [12.475215750599375, -14.323923690437255], [12.475215750599375, -14.325944646499806], [12.477301558282022, -14.325944646499806], [12.479387365964897, -14.325944646499806], [12.512176262737853, -14.338474167678555], [12.51618101348879, -14.337180830155773], [12.524190514750671, -14.3371808301697], [12.525525431907568, -14.338474167678555], [12.526860348824528, -14.338474167678555], [12.529530182546239, -14.341060820225266], [12.530865099575408, -14.34106082033611], [12.530865099575408, -14.342354135469748], [12.532200016492368, -14.343647443139105], [12.533534933409442, -14.343647443139105], [12.538874600963766, -14.346234036095268], [12.540209517994185, -14.347527321355415], [12.541544434911145, -14.348820599161456], [12.542879351585952, -14.35011386938811], [12.544214268745122, -14.350113869500206], [12.54554918593277, -14.351407132507461], [12.545549185662082, -14.352700387773268], [12.546884102207912, -14.352700388158155], [12.546884102207912, -14.353993635469351], [12.549553936412963, -14.356580109162223], [12.550888853329923, -14.356580109162223], [12.55222377000348, -14.357873334322164], [12.5535586871639, -14.357873334683916], [12.55489360408086, -14.359166552733996], [12.557563437798876, -14.35916655262065], [12.558898354972257, -14.360459763446897], [12.55889835483174, -14.361752966416589], [12.561568188421006, -14.361752966800282], [12.561568188421006, -14.363046161809962], [12.562903105582677, -14.363046162047965], [12.562903105582677, -14.364339350205228], [12.564238022499637, -14.364339350205228], [12.564238022499637, -14.366925704094967], [12.565572939042966, -14.366925703731965], [12.565572939042966, -14.368218869711598], [12.565572939042966, -14.369512028214729], [12.566907856216403, -14.369512028214729], [12.566907856216403, -14.37080517924062], [12.568242773250518, -14.37080517885812], [12.568242773250518, -14.37209832215774], [12.568242773250518, -14.374684586320939], [12.569577690167478, -14.37727082056557], [12.570912606838533, -14.377270820449894], [12.570912606838533, -14.378563926599611], [12.570912606838533, -14.38115011558375], [12.57224752401197, -14.38115011558375], [12.573582440918415, -14.382443199279066], [12.573582440918415, -14.399252602983324], [12.574917357460492, -14.39925260274049], [12.574917357460492, -14.400545581620804], [12.574917357460492, -14.401838553009156], [12.574917357460492, -14.405717421346253], [12.57625227463393, -14.405717421346253], [12.57625227463393, -14.408303295809901], [12.577587191669295, -14.408303296053873], [12.578922108586255, -14.413474955774689], [12.58025702525606, -14.413474955654351], [12.581591942420232, -14.416060740648845], [12.585596693051627, -14.418646495528833], [12.59093636083901, -14.425110751446766], [12.593606194295546, -14.425110751821933], [12.600280779257787, -14.428989214960495], [12.600280779257787, -14.430282021121513], [12.601615696174747, -14.430282021121513], [12.601615696174747, -14.431574819776529], [12.60428552988651, -14.431574819653747], [12.60428552988651, -14.43286761105037], [12.605620446925627, -14.434160394565708], [12.605620446925627, -14.435453170698622], [12.60829028050864, -14.43545317045107], [12.60829028050864, -14.436745939323828], [12.609625197676564, -14.438038700438256], [12.610960114593524, -14.439331454043668], [12.612295031130657, -14.439331453671343], [12.612295031130657, -14.440624200014724], [12.613629948304037, -14.440624200014724], [12.614964865344405, -14.443209669794953], [12.614964865344405, -14.444502393355094], [12.616299782261365, -14.444502393355094], [12.616299782261365, -14.44579510940224], [12.617634698926224, -14.4457951094019], [12.617634698926224, -14.447087818184059], [12.618969616095342, -14.447087817935994], [12.618969616095342, -14.448380518955616], [12.618969616095342, -14.449673212460596], [12.620304533012302, -14.449673212460596], [12.620304533012302, -14.450965898450136], [12.621639449548354, -14.452258577295424], [12.621639449548354, -14.453551247631026], [12.622974366721792, -14.453551247631026], [12.622974366721792, -14.454843911319244], [12.624309283763182, -14.456136567242993], [12.624309283763182, -14.457429215646755], [12.625644200680142, -14.458721856531497], [12.626979117343751, -14.46001449001858], [12.630983867965881, -14.472940409829278], [12.636323535761278, -14.478110567223212], [12.636323535761278, -14.479403087968478], [12.637658452932726, -14.48069560056814], [12.637658452932726, -14.481988106005645], [12.638993369849857, -14.481988106005645], [12.638993369849857, -14.483280603912476], [12.640328286383408, -14.483280604155652], [12.641663203683834, -14.484573094288066], [12.641663203556845, -14.485865577001732], [12.642998120600737, -14.485865577131676], [12.642998120600737, -14.487158052442794], [12.644333037517697, -14.487158052442794], [12.644333037517697, -14.488450520220795], [12.645667954178805, -14.488450520587492], [12.647002871351503, -14.489742980464996], [12.647002871351503, -14.49103543317483], [12.652342539019514, -14.494912746092155], [12.652342539019514, -14.496205168658548], [12.657682206687412, -14.500082391130377], [12.657682206687412, -14.50137478354327], [12.659017123218462, -14.501374783784058], [12.6603520403919, -14.50395954561651], [12.661686957438292, -14.505251915540157], [12.663021874355252, -14.506544277789885], [12.664356791013859, -14.509128979652814], [12.665691708187467, -14.509128979652814], [12.669696458809426, -14.513005975757437], [12.67103137585707, -14.513005975890906], [12.67103137585707, -14.5142982928773], [12.67236629277403, -14.515590602317673], [12.673701209431385, -14.515590602680845], [12.673701209431385, -14.51688290395333], [12.675036126604994, -14.51688290395333], [12.676371043524966, -14.518175198558083], [12.677705960053572, -14.518175198548136], [12.677705960053572, -14.5194674855951], [12.679040877226953, -14.52075976422401], [12.681710711192807, -14.520759764606964], [12.681710711192807, -14.522052036308082], [12.68438054502235, -14.522052036173477], [12.68438054502235, -14.523344300573115], [12.727097886369563, -14.545311635335736], [12.728432803286694, -14.545311635335736], [12.728432803286694, -14.544019499623062], [12.729767719936774, -14.54272735670969], [12.731102637110212, -14.54272735670969], [12.731102637110212, -14.541435205629057], [12.732437554037631, -14.541435205517814], [12.735107387732171, -14.540143046989499], [12.73644230478834, -14.540143047126492], [12.737777221705471, -14.53885088117704], [12.740447055527738, -14.538850880791756], [12.744451806149698, -14.536266526593181], [12.747121640124249, -14.53626652660546], [12.747121640124249, -14.534974337984806], [12.752461307393844, -14.532389938188942], [12.755131141625895, -14.532389938076506], [12.756466058543026, -14.531097726790108], [12.757800975189411, -14.529805507565584], [12.760470809293736, -14.529805507949789], [12.760470809293736, -14.528513281556002], [12.764475560044673, -14.527221047609487], [12.765810476961803, -14.52592880611087], [12.78716914761543, -14.525928805851436], [12.789838981063951, -14.524636557422582], [12.795178648859519, -14.524636557422582], [12.796513566032957, -14.523344300573115], [12.803188150636913, -14.523344300459542], [12.803188150636913, -14.522052036308082], [12.807192901387623, -14.520759764606964], [12.81520240286801, -14.52075976422401], [12.8232119041121, -14.518175198548136], [12.827216654734116, -14.51688290395333], [12.831221405893245, -14.515590602317673], [12.835226156643955, -14.515590602317673], [12.836561073151643, -14.51429829299218], [12.839230907394892, -14.513005975890906], [12.844570575062733, -14.511713651359003], [12.84857532581367, -14.509128979661511], [12.852580076538175, -14.509128979652814], [12.87393874682175, -14.498789990922319], [12.876608581070002, -14.498789991178114], [12.889957750208453, -14.491035433168577], [12.889957750208453, -14.48974298021028], [12.892627583657031, -14.48974298021028], [12.893962500830412, -14.488450520587492], [12.896632334824517, -14.485865577131676], [12.897967251452371, -14.485865577001732], [12.900637085575397, -14.484573094288066], [12.903306919247939, -14.483280604155652], [12.904641836326334, -14.483280603912476], [12.907311669869955, -14.480695600314618], [12.919325922412952, -14.4755255035235], [12.920660838909612, -14.472940409829278], [12.92199575608305, -14.472940409829278], [12.923330673163889, -14.471647851698094], [12.926000506705009, -14.470355286406402], [12.92867034083173, -14.466477543906251], [12.930005257327139, -14.463892344865258], [12.934010008499627, -14.46259973406552], [12.935344925122536, -14.458721856405191], [12.936679842296144, -14.457429215272043], [12.936679842296144, -14.456136567489807], [12.938014759250507, -14.453551247880853], [12.939349675744666, -14.452258577295424], [12.940684592918103, -14.447087818184059], [12.940684592918103, -14.436745939323828], [12.935344925122536, -14.427696401295918], [12.935344925122536, -14.426403579876023], [12.934010008499627, -14.42640358012244], [12.932675091582666, -14.425110751446653], [12.932675091582666, -14.423817915267307], [12.931340174500576, -14.422525071463383], [12.930005257327139, -14.422525071463383], [12.930005257327139, -14.421232220030106], [12.92867034083173, -14.4212322204001], [12.927335423878446, -14.417353621592042], [12.926000506705009, -14.41606074102532], [12.926000506705009, -14.409596222233517], [12.92466559008085, -14.408303296053873], [12.923330673163889, -14.405717421217048], [12.923330673163889, -14.404424472556741], [12.92199575608305, -14.40442447243754], [12.92199575608305, -14.401838553009156], [12.920660838909612, -14.401838553009156], [12.919325922412952, -14.400545581615233], [12.919325922412952, -14.399252602983324], [12.919325922412952, -14.397959616860021], [12.917991005460863, -14.397959617238882], [12.916656088287482, -14.388908504670951], [12.915321171662072, -14.387615458258836], [12.915321171662072, -14.386322404741065], [12.913986254745112, -14.385029343738097], [12.913986254745112, -14.382443199279066], [12.912651337665523, -14.38115011558375], [12.911316420492085, -14.379857025267768], [12.911316420492085, -14.37468458657861], [12.908646587043336, -14.373391457987964], [12.908646587043336, -14.369512028214729], [12.908646587043336, -14.368218869711598], [12.907311670160368, -14.36692570409491], [12.905976753243294, -14.365632530887808], [12.905976753243294, -14.363046162047965], [12.904641836326334, -14.363046162047965], [12.904641836326334, -14.361752966416589], [12.899302168625809, -14.356580109422282], [12.899302168625809, -14.355286876181026], [12.897967251452371, -14.355286876181026], [12.897967251452371, -14.353993635469351], [12.896632334824517, -14.352700387773268], [12.896632334824517, -14.351407132371037], [12.893962500830412, -14.35011386938811], [12.893962500830412, -14.348820598800955], [12.892627583657031, -14.348820598800955], [12.892627583657031, -14.346234036095268], [12.892627583657031, -14.344940743107884], [12.89129266715662, -14.344940743343614], [12.89129266715662, -14.34106082033611], [12.88595299948878, -14.328127258600375], [12.88595299948878, -14.3126060001822], [12.888622833034844, -14.307432009311242], [12.89129266715662, -14.30484496860106], [12.89129266715662, -14.303551437271551], [12.892627583657031, -14.302257898763514], [12.892627583657031, -14.3009643522945], [12.897967251452371, -14.297083669093013], [12.897967251452371, -14.294496509163878], [12.899302168625809, -14.294496509163878], [12.899302168625809, -14.293202918907298], [12.903306919247939, -14.289322101753783], [12.905976753243294, -14.286734852645395], [12.907311669869955, -14.285441216778736], [12.908646587043336, -14.282853923812354], [12.909981504216944, -14.281560265739756], [12.911316420492085, -14.281560265739756], [12.911316420492085, -14.27897292815976], [12.917991005460863, -14.273798162925345], [12.919325922412952, -14.27121073575546], [12.92199575608305, -14.26991701118311], [12.92199575608305, -14.267329538958165], [12.92466559008085, -14.267329539308037], [12.92466559008085, -14.266035792301068], [12.926000506705009, -14.266035792573234], [12.926000506705009, -14.264742037889732], [12.927335423878446, -14.263448275778956], [12.92867034083173, -14.263448276003942], [12.92867034083173, -14.262154506715092], [12.930005257327139, -14.262154507112086], [12.936679842296144, -14.256979355578665], [12.938014759250507, -14.256979355305305], [12.939349675744666, -14.255685548917029], [12.940684592918103, -14.255685548917029], [12.942019510001444, -14.254391735056458], [12.943354426918404, -14.254391735056458], [12.94602426071367, -14.253097914196417], [12.948694094162192, -14.253097914196417], [12.951363928420221, -14.251804085118124], [12.954033762254255, -14.251804085118124], [12.955368679131197, -14.251804085267793], [12.955368679131197, -14.25051024891809], [12.95803851257972, -14.25051024891809], [12.95803851257972, -14.249216405147934], [12.964713097548724, -14.249216405147934], [12.968717848170684, -14.246628696219204], [12.971387682517559, -14.246628696219204], [12.974057515966251, -14.246628696219204], [12.97806226658821, -14.246628696219204], [12.979397183676554, -14.245334830413867], [12.983401934383778, -14.245334830191155], [12.988741602095331, -14.244040957216441], [12.999420937431069, -14.244040957216441], [13.006095522015983, -14.244040957216441], [13.01010027276675, -14.244040957216441], [13.012770106600726, -14.244040957216441], [13.014105023084937, -14.24404095761588], [13.015439940258375, -14.242747076752437], [13.018109774268623, -14.242747076601631], [13.019444690880505, -14.242747076752437], [13.020779608053942, -14.241453188472178], [13.0274541926874, -14.241453188570006], [13.0274541926874, -14.240159293122133], [13.03012402647147, -14.24015929277573], [13.032793859919991, -14.236277562066334], [13.035463694189218, -14.236277562287853], [13.038133527715559, -14.23239576463368], [13.040803361857058, -14.232395764730256], [13.043473195510956, -14.231101817041235], [13.044808112607996, -14.231101817386502], [13.044808112607996, -14.229807862631503], [13.047477946133142, -14.22851390049425], [13.048812863306523, -14.22851390049425], [13.051482696755102, -14.22851390049425], [13.055487448275528, -14.22851390049425], [13.066166782968196, -14.22851390049425], [13.087525454150125, -14.22851390049425], [13.127572961268982, -14.22851390049425], [13.14359196446361, -14.234983637181585], [13.155606216521562, -14.242747076752437], [13.159610967143692, -14.242747076752437], [13.162280801301165, -14.244040957216441], [13.163615718218125, -14.245334830413867], [13.166285552051932, -14.245334830413867], [13.174295053356616, -14.25051024891809], [13.17696488738784, -14.250510249017111], [13.178299803978575, -14.253097914196417], [13.179634721152183, -14.253097914196417], [13.18230455505568, -14.254391735056458], [13.183639471774143, -14.254391734832552], [13.184974388889486, -14.256979355305305], [13.18764422239633, -14.256979355578665], [13.18897913956971, -14.25956694575973], [13.191648973474457, -14.25956694585983], [13.198323557987237, -14.267329538958165], [13.199658474976104, -14.267329539308037], [13.202328308609253, -14.268623278785185], [13.203663225727041, -14.27121073575546], [13.206333059231383, -14.271210736151318], [13.218347311813659, -14.280266600707762], [13.21968222873079, -14.280266600707762], [13.222352062564596, -14.282853923791208], [13.227691730232436, -14.285441217130938], [13.235701231657401, -14.286734852541656], [13.24371073290149, -14.290615714331011], [13.250385317820928, -14.290615714559635], [13.251720234738059, -14.291909320319292], [13.253055151319018, -14.2919093203393], [13.255724985488769, -14.29320291863877], [13.2570599024059, -14.29320291863877], [13.259729736239706, -14.294496509517273], [13.262399569736601, -14.295790092849472], [13.265069403907546, -14.295790092954462], [13.267739237532169, -14.297083669093013], [13.270409071575386, -14.298377237501768], [13.273078905327509, -14.298377237893874], [13.27841857307726, -14.300964352275741], [13.279753489994164, -14.30225789849618], [13.279753489994164, -14.303551437271551], [13.282423323745093, -14.303551436916905], [13.286428074367223, -14.304844968494933], [13.287762991496038, -14.306138492484195], [13.299777243406709, -14.307432009311242], [13.305116911202276, -14.310019019466495], [13.318466080241762, -14.3113125138064], [13.3198009974152, -14.312605999826417], [13.35317392042748, -14.3126060001822], [13.355843753911927, -14.3113125138064], [13.35851358809532, -14.311312513540315], [13.35984850501228, -14.310019019449044], [13.382542092600715, -14.310019019449044], [13.383877009164507, -14.308725517677829], [13.386546843351653, -14.308725517908726], [13.386546843351653, -14.307432008920273], [13.39055159410259, -14.307432008920273], [13.391886511019493, -14.306138492484195], [13.394556344755642, -14.304844968494933], [13.394556344755642, -14.303551436916905], [13.39589126177043, -14.303551437271551], [13.39722617868739, -14.30225789849618], [13.398561095377602, -14.302257898763514], [13.399896012521367, -14.299670798610748], [13.40123092943827, -14.299670798610748], [13.402565845999789, -14.298377237893874], [13.40390076317317, -14.298377237893874], [13.40390076317317, -14.297083669093013], [13.405235680189207, -14.297083668949426], [13.405235680189207, -14.295790092954462], [13.410575347857048, -14.290615714559635], [13.413245181590696, -14.289322101753783], [13.414580098607985, -14.288028480722062], [13.417249932212712, -14.286734852541656], [13.421254682834842, -14.282853923812354], [13.42258960000828, -14.281560265739756], [13.423924517026762, -14.280266600707762], [13.42659435063024, -14.27897292815976], [13.4279292677777, -14.277679247885658], [13.429264184694603, -14.276385560324059], [13.430599101252369, -14.27509186560053], [13.43326893544554, -14.273798162903006], [13.4346038523625, -14.272504453044746], [13.435938769047766, -14.271210736151318], [13.435938769047766, -14.26991701118311], [13.437273686196477, -14.268623278886594], [13.43860860311338, -14.267329539308037], [13.43860860311338, -14.266035792301068], [13.439943519669896, -14.264742037889732], [13.441278436843334, -14.264742037889732], [13.441278436843334, -14.262154507112086], [13.443948270781277, -14.25956694585983], [13.445283187465293, -14.256979355578665], [13.447953021532157, -14.255685548892359], [13.447953021532157, -14.253097913798229], [13.449287938087423, -14.251804085267793], [13.45062285526086, -14.251804085267793], [13.451957772283095, -14.250510249017111], [13.451957772283095, -14.249216405495474], [13.453292689200055, -14.247922554553952], [13.45462760588299, -14.247922554828506], [13.455962523034032, -14.245334830413867], [13.457297439950935, -14.242747076601631], [13.45863235650495, -14.242747076752437], [13.459967273678387, -14.241453188472178], [13.461302190701872, -14.240159293122133], [13.461302190701872, -14.238865390258809], [13.463972024300347, -14.23757148000766], [13.465306941452809, -14.236277562287853], [13.466641858369712, -14.23368970466214], [13.467976774922477, -14.23368970481414], [13.469311692095914, -14.231101817041235], [13.473316442717874, -14.229807862908444], [13.474651359871586, -14.22592595390529], [13.47598627678849, -14.224631969511506], [13.586487732692603, -14.221325086849617], [13.588860918322837, -14.221325086849617], [13.591234103915042, -14.219024618154606], [13.593607289402485, -14.219024618154606], [13.593607289402485, -14.21672412624605], [13.59598047488953, -14.21672412624605], [13.59598047488953, -14.214423610936194], [13.59598047488953, -14.212123072228223], [13.59598047488953, -14.20752192376142], [13.59598047488953, -14.200620026969034], [13.593607289402485, -14.198319347945926], [13.593607289402485, -14.196018644678304], [13.593607289402485, -14.193717918911204], [13.591234103915042, -14.193717918911204], [13.591234103915042, -14.189116397280372], [13.588860918322837, -14.189116397274177], [13.588860918322837, -14.186815601278681], [13.586487732692603, -14.184514781926907], [13.586487732692603, -14.182213939222265], [13.58411454706254, -14.182213939222265], [13.58411454706254, -14.179913073168166], [13.581741361067827, -14.17991307285763], [13.581741361067827, -14.177612183596239], [13.579368175580385, -14.175311270992324], [13.57699499009317, -14.175311270992324], [13.57699499009317, -14.173010335049469], [13.574621804541778, -14.170709375527451], [13.574621804605954, -14.168408393160632], [13.574621804605954, -14.166107386350745], [13.574621804541778, -14.161505304574234], [13.572248618911772, -14.161505304574234], [13.572248618911772, -14.147698498670024], [13.569875433281538, -14.147698498670024], [13.569875433281538, -14.145397282791919], [13.567502247245898, -14.143096043784396], [13.567502247245898, -14.14079478146067], [13.565129061758682, -14.138493494979116], [13.565129061758682, -14.136192186085168], [13.56275587627124, -14.133890853911453], [13.56275587627124, -14.131589498461267], [13.558009505130713, -14.126986717482225], [13.55563631950065, -14.124685292085132], [13.55563631950065, -14.122383843425496], [13.553263133424025, -14.122383843094838], [13.553263133424025, -14.120082371314709], [13.550889947936753, -14.117780876279141], [13.550889947936753, -14.115479357991433], [13.548516762449538, -14.113177816455163], [13.546143576962152, -14.113177816455163], [13.546143576962152, -14.110876251673801], [13.543770391349824, -14.110876251311424], [13.54377039147488, -14.106273051518258], [13.543770391349824, -14.10166975925], [13.546143576962152, -14.09936807834066], [13.546143576962152, -14.09706637416167], [13.548516762449538, -14.09706637416167], [13.548516762449538, -14.094764645890677], [13.548516762449538, -14.092462895273627], [13.550889947936753, -14.092462895273627], [13.550889947936753, -14.087859324401734], [13.553263133424025, -14.087859324401734], [13.553263133424025, -14.085557504153826], [13.55563631950065, -14.0855575040095], [13.55563631950065, -14.083255660419582], [13.560382690760946, -14.083255660419582], [13.560382690784024, -14.080953794051368], [13.560382690760946, -14.078651903643674], [13.56275587627124, -14.078651903332457], [13.56275587627124, -14.076349990292101], [13.567502247245898, -14.076349990292101], [13.567502247245898, -14.074048054062189], [13.569875433281538, -14.074048054096124], [13.569875433281538, -14.071746094541652], [13.572248618911772, -14.071746094541652], [13.572248618911772, -14.069444111804785], [13.57699499009317, -14.069444112048188], [13.57699499009317, -14.067142106270865], [13.579368175580385, -14.067142106270865], [13.581741361067827, -14.067142106270865], [13.581741361067827, -14.064840076446785], [13.586487732692603, -14.064840076797623], [13.591234103915042, -14.060235949028822], [13.593607289402485, -14.060235949028822], [13.59598047488953, -14.057933850570521], [13.5983536608436, -14.057933850505435], [13.5983536608436, -14.05563172874696], [13.600726846473663, -14.053329583830418], [13.600726846473663, -14.048725224536895], [13.603100032103896, -14.046423010167018], [13.603100032103896, -14.044120772652946], [13.605473217733959, -14.044120772652946], [13.605473217736971, -14.039516228509058], [13.605473217733959, -14.034911591225125], [13.607846403224187, -14.032609237889687], [13.607846403224187, -14.025702040032627], [13.61021958871163, -14.023399594516775], [13.61021958871163, -14.021097125020106], [13.61021958871163, -14.018794633289247], [13.61021958871163, -14.016492118455972], [13.61021958871163, -14.009584435377178], [13.61021958871163, -13.995768445056228], [13.631330497072781, -13.966465371414756], [13.628999425335394, -13.965711317306102], [13.62822240102878, -13.964957260762162], [13.62822240102878, -13.964203201772307], [13.625891329460273, -13.963449140314765], [13.6251143056042, -13.961941009996735], [13.623560257891825, -13.961186941136589], [13.622783234035353, -13.959678795598961], [13.622006210122777, -13.959678795598961], [13.622006210122777, -13.958170640499475], [13.6212291862102, -13.958170640499475], [13.6212291862102, -13.95666247553288], [13.618898114472756, -13.952892019954106], [13.61812109056018, -13.952892019954106], [13.61812109056018, -13.952137921439999], [13.616567042288409, -13.952137921530834], [13.616567042288409, -13.951383820605713], [13.602580611979363, -13.949875611358493], [13.600249540411085, -13.947613278997324], [13.59869549269871, -13.947613278997324], [13.59869549269871, -13.946859162408145], [13.597918468835132, -13.946105044569322], [13.597141444922556, -13.946105044569322], [13.597141444922556, -13.945350923867522], [13.594033349272536, -13.944596800700936], [13.59325632536013, -13.943088546974309], [13.592479301849494, -13.943088546849708], [13.591702277095123, -13.943088546849708], [13.591702277095123, -13.942334416344465], [13.587817157814413, -13.942334416344465], [13.584709062322531, -13.944596800700936], [13.580823942759935, -13.944596800700936], [13.580046918847529, -13.943842675069845], [13.579269894498452, -13.943088546849708], [13.578492870642378, -13.943088546849708], [13.577715846786248, -13.942334416344465], [13.576938822930174, -13.941580283375117], [13.575384775217799, -13.940072010044275], [13.574607751361668, -13.935547130923283], [13.573830727505594, -13.93479297490967], [13.573053703634912, -13.932530494937737], [13.573053703649464, -13.92574292113136], [13.573053703649464, -13.921971959892176], [13.573053703649464, -13.920463558518065], [13.573053703649464, -13.919709354140082], [13.573053703634912, -13.918955147419354], [13.573830727505594, -13.918955147301403], [13.573830727505594, -13.917446726243156]]]}}, {"type": "Feature", "properties": {"zoneId": "AGO-namibe-virei"}, "geometry": {"type": "Polygon", "coordinates": [[[13.274800845060554, -16.419958564799344], [13.279276502796733, -16.418885281696248], [13.280395417230693, -16.416738697716994], [13.293822390438834, -16.410298803618957], [13.303892620344811, -16.401711946550904], [13.30389262065762, -16.400638562873667], [13.303892620344811, -16.399565173087296], [13.305011534778771, -16.399565173087296], [13.305011534778771, -16.39849177747783], [13.306130448896226, -16.3984917773152], [13.306130448896226, -16.397418375658845], [13.307249363464678, -16.396344968084804], [13.307249363464678, -16.395271555455395], [13.30948719251478, -16.394198135863917], [13.31060610694874, -16.3920512795562], [13.312843935408523, -16.38990439925243], [13.312843935408523, -16.388830951126693], [13.315081764545482, -16.386684035407313], [13.316200679113933, -16.38561056867627], [13.318438508250892, -16.383463617472955], [13.324033080194738, -16.378096136853003], [13.32738982389992, -16.37594910287794], [13.328508737570075, -16.37380204612191], [13.341935711101144, -16.365213579990325], [13.345292454300136, -16.36521358013863], [13.345292454300136, -16.363066404347705], [13.347530283271112, -16.3630664044573], [13.348649197705129, -16.36199280783086], [13.348649197705129, -16.36091920529799], [13.349768112139145, -16.36091920529799], [13.349768112139145, -16.359845596859316], [13.353124855380884, -16.358771982751477], [13.354243769875097, -16.356624736111428], [13.37102748638523, -16.350182855202718], [13.417663839963097, -16.3162091570523], [13.4233926818967, -16.3162091569298], [13.426973207914784, -16.3155218908812], [13.43198594464235, -16.31483462229704], [13.436998681370085, -16.313460078751973], [13.44057920760315, -16.312772803219502], [13.44344362820624, -16.312085525555688], [13.446308049321829, -16.310710961846667], [13.449888575694104, -16.3100236768218], [13.451320786049564, -16.30933638935005], [13.452752996645017, -16.307274511826222], [13.454901312358459, -16.306587214547108], [13.456333522777129, -16.304525308336736], [13.459914049022757, -16.30246338022539], [13.459914049022757, -16.301088749492862], [13.461346259498328, -16.300401430509794], [13.461346259498328, -16.298339459094393], [13.462062364736028, -16.297652130467497], [13.462062364736028, -16.296964799429816], [13.462778469613284, -16.295590130354412], [13.462778469613284, -16.29077871179379], [13.465642890728873, -16.283217672514297], [13.465642890728873, -16.272906694628034], [13.466358996162683, -16.272219277288457], [13.466358996232316, -16.270157009833156], [13.466358996162683, -16.268782152360245], [13.467075101400326, -16.267407285539775], [13.467075101400326, -16.266032409092304], [13.467791206341019, -16.264657522982986], [13.468507311844462, -16.26328262763593], [13.468507311844462, -16.261220266137798], [13.469939521952995, -16.259845345867518], [13.47137173282698, -16.257782948280806], [13.472087838064851, -16.257782948280806], [13.473520048540252, -16.25640800446456], [13.47495225868056, -16.25572052904647], [13.476384469491336, -16.254345570700593], [13.479964995408352, -16.252970602772734], [13.466024830105539, -16.230532060204723], [13.466024830105539, -16.22907374950313], [13.467543668908888, -16.22907374950313], [13.467543668908888, -16.226157095688393], [13.469062507520903, -16.22469875261089], [13.469062507520903, -16.223240398371843], [13.473619024051743, -16.2203236583552], [13.473619024051743, -16.21886527171671], [13.475137862925237, -16.218865272125186], [13.476656701439595, -16.217406875142842], [13.478175540531936, -16.217406875014944], [13.478175540531936, -16.215948467107523], [13.484250895358116, -16.21157317829625], [13.484250895358116, -16.210114727745065], [13.485769734501105, -16.210114727745065], [13.485769734501105, -16.208656265538366], [13.487288573351691, -16.208656265642617], [13.487288573351691, -16.20719779297019], [13.487288573351691, -16.205739309506612], [13.488807411888956, -16.20428081503252], [13.49032625095839, -16.204280815252787], [13.49032625095839, -16.20282231020957], [13.49032625095839, -16.201363794377812], [13.491845089761739, -16.201363794377812], [13.494882767368267, -16.195529623182665], [13.494882767562785, -16.194071053505127], [13.494882767368267, -16.192612472876476], [13.496401605807478, -16.191153881843206], [13.496401605807478, -16.189695279408], [13.497920444950466, -16.18677804305895], [13.497920444950466, -16.18531940828416], [13.497920444950466, -16.183860763593884], [13.497920444950466, -16.18240210726367], [13.497920444950466, -16.1780260744805], [13.497920444950466, -16.170732471331235], [13.497920444950466, -16.16343859894471], [13.497920444950466, -16.160520974800477], [13.497920444950466, -16.159062146151427], [13.497920444950466, -16.157603306739645], [13.496401605807478, -16.15614445742915], [13.496401605807478, -16.15176784321028], [13.494882767368267, -16.15176784309847], [13.494882767368267, -16.150308950213287], [13.493363928419626, -16.150308949998873], [13.493363928419626, -16.148850046892846], [13.491845089761739, -16.14885004657077], [13.491845089761739, -16.14739113217172], [13.49032625095839, -16.145932207016983], [13.49032625095839, -16.144473271107586], [13.488807411888956, -16.14447327131353], [13.488807411888956, -16.14301432432393], [13.487288573351691, -16.143014324444266], [13.479694379335285, -16.134260418680867], [13.478175540531936, -16.128424266537195], [13.476656701439595, -16.126965201379676], [13.475137862925237, -16.126965201638257], [13.475137862925237, -16.12404703961056], [13.473619024051743, -16.122587942109078], [13.473619024051743, -16.12112883477795], [13.472100184908754, -16.119669715843713], [13.472100184908754, -16.118210587033445], [13.470581346515416, -16.116751446575904], [13.469062507520903, -16.11529229547267], [13.467543668908888, -16.112373961899095], [13.464505990990233, -16.110914778472647], [13.464505990990233, -16.1094555852456], [13.46298715249884, -16.107996380608768], [13.46298715249884, -16.106537165379848], [13.461468313602381, -16.10653716573006], [13.461468313602381, -16.105077939443333], [13.459949474459393, -16.105077939443333], [13.459949474459393, -16.103618702426047], [13.458430636088963, -16.103618702728568], [13.456911797071541, -16.103618702426047], [13.456911797071541, -16.1007001970666], [13.4523552805407, -16.091944422683923], [13.4523552805407, -16.045240445648574], [13.453874119679085, -16.045240446061314], [13.453874119679085, -16.043780770167984], [13.453874119679085, -16.042321083580646], [13.453874119679085, -16.040861386300207], [13.455392958482435, -16.039401678327465], [13.455392958482435, -16.036482230308593], [13.456911797071541, -16.033562739959564], [13.458430636088963, -16.033562739531078], [13.45843063621453, -16.03210297821198], [13.458430636088963, -16.030643206001855], [13.459949474459393, -16.02918342351984], [13.461468313602381, -16.002905506176774], [13.466024830105539, -15.992685382879756], [13.469062507520903, -15.991225322142839], [13.473619024051743, -15.983924860663251], [13.475137862925237, -15.983924860975947], [13.476656701439595, -15.982464736906934], [13.478175540531936, -15.982464736682743], [13.479694379725572, -15.981004601629536], [13.479694379335285, -15.979544456124586], [13.481213217970264, -15.979544455695589], [13.482732056941813, -15.978084299861393], [13.484250895358116, -15.978084299969396], [13.484250895358116, -15.97662413272485], [13.485769734501105, -15.97662413272485], [13.487288573351691, -15.975163955371329], [13.487288573351691, -15.973703767146276], [13.488807411888956, -15.97370376713809], [13.49032625095839, -15.972243568268766], [13.491845089761739, -15.972243568268766], [13.491845089761739, -15.97078335874005], [13.493363928419626, -15.970783358942299], [13.493363928419626, -15.969323138436323], [13.494882767368267, -15.967862907731728], [13.496401605807478, -15.967862908144355], [13.496401605807478, -15.966402666340002], [13.500958122338318, -15.96494241388774], [13.500958122338318, -15.963482151652045], [13.502476961481307, -15.96202187790658], [13.503995800624295, -15.96056159351582], [13.505514638868988, -15.959101299344297], [13.507033477794721, -15.957640993811879], [13.50855231625684, -15.956180678207716], [13.510071155399828, -15.95326001364026], [13.511589994204769, -15.951799665985277], [13.51310883278768, -15.948878937854374], [13.51614651017536, -15.945958167762967], [13.520703026706201, -15.938656055992908], [13.522221865827873, -15.937195601796816], [13.523740704630995, -15.935735136895914], [13.525259543237041, -15.932814175552778], [13.528297220624665, -15.931353678439052], [13.528297220624665, -15.929893170698165], [13.529816059767654, -15.92843265319516], [13.531334898647572, -15.926972124299311], [13.531334898647572, -15.925511585009417], [13.532853737155506, -15.925511584586388], [13.532853737155506, -15.924051035210084], [13.53437257625427, -15.924051035096056], [13.53437257625427, -15.922590474559968], [13.53589141505745, -15.922590474559968], [13.53589141505745, -15.921129903402175], [13.537410253686346, -15.919669321621427], [13.537410253686346, -15.91820872889599], [13.538929092664148, -15.918208729224773], [13.540447931074027, -15.91528751245238], [13.540447931074027, -15.912366253539233], [13.541966770217016, -15.912366253539233], [13.541966770217016, -15.910905607726761], [13.541966770217016, -15.909444952163483], [13.543485609074025, -15.909444951860962], [13.545004447604867, -15.907984285122325], [13.545004447604867, -15.905062920065575], [13.546523286680724, -15.905062919879242], [13.546523286680724, -15.902141512166907], [13.548042125484073, -15.902141512166907], [13.548042125484073, -15.900680792395974], [13.549560964135708, -15.900680792465948], [13.551079803090602, -15.899220062016298], [13.552598641523389, -15.897759321309309], [13.554117480666378, -15.896298569388136], [13.557155158054229, -15.893377034592561], [13.557155158054229, -15.891916250855786], [13.558673997107178, -15.891916251018245], [13.558673997107178, -15.890455457004862], [13.560192835910527, -15.890455457004862], [13.560192835910527, -15.888994652388817], [13.56171167458507, -15.888994652436793], [13.56171167458507, -15.887533836892374], [13.56171167458507, -15.88607301161096], [13.563230513517055, -15.88607301135255], [13.56626819111591, -15.881690470442777], [13.567787029926933, -15.877307833872521], [13.56930586850359, -15.87584693357178], [13.56930586850359, -15.872925102001659], [13.570824707533632, -15.872925102091983], [13.570824707533632, -15.871464170313175], [13.570824707533632, -15.870003227943073], [13.570824707533632, -15.868542274982588], [13.570824707533632, -15.86562033729399], [13.572343545891442, -15.865620337297969], [13.572343545891442, -15.864159352244883], [13.572343545891442, -15.862698357468958], [13.572343545891442, -15.861237351243062], [13.573862385034431, -15.861237351243062], [13.573862385034431, -15.85977633529609], [13.575381223943452, -15.859776334871185], [13.57538122417742, -15.858315307900682], [13.575381223943452, -15.856854270150677], [13.576900062422283, -15.856854269921996], [13.576900062422283, -15.855393222224961], [13.578418901550151, -15.855393221916302], [13.578418901565271, -15.853932163082106], [13.578418901550151, -15.85247109370357], [13.57993774035333, -15.85101001372692], [13.581456578952952, -15.851010013919279], [13.581456578952952, -15.849548923036707], [13.582975417960029, -15.848087822037428], [13.582975418096112, -15.846626710402404], [13.582975417960029, -15.84516558803898], [13.584494256340804, -15.84516558778813], [13.584494256340804, -15.830553783593473], [13.582975417960029, -15.829092545085757], [13.582975417960029, -15.827631295949857], [13.581456578952952, -15.827631296098104], [13.581456578952952, -15.826170036070323], [13.57993774035333, -15.826170036248868], [13.57993774035333, -15.824708765983814], [13.576900062422283, -15.824708766342724], [13.576900062422283, -15.823247485187437], [13.575381223943452, -15.823247485155548], [13.573862385034431, -15.821786193469848], [13.572343545891442, -15.821786193469848], [13.572343545891442, -15.820324892055055], [13.570824707533632, -15.818863579299546], [13.567787029926933, -15.818863579299546], [13.56626819111591, -15.817402255815637], [13.564749351972921, -15.817402255815637], [13.564749351972921, -15.815940922721552], [13.563230513517055, -15.815940922595246], [13.563230513517055, -15.814479578405667], [13.56171167458507, -15.814479578204953], [13.560192835910527, -15.813018223658787], [13.558673997107178, -15.813018223658787], [13.558673997107178, -15.8115568583558], [13.557155158054229, -15.811556858365748], [13.55563631950048, -15.8115568583558], [13.55563631950048, -15.810095482497331], [13.554117480666378, -15.810095482180316], [13.554117480666378, -15.80863409630473], [13.552598641523389, -15.807172699011232], [13.551079803090602, -15.807172699117643], [13.551079803090602, -15.80571129159813], [13.549560964135708, -15.80571129202923], [13.548042125484073, -15.804249873526771], [13.548042125484073, -15.802788444904365], [13.546523286680724, -15.802788444904365], [13.546523286680724, -15.801327005731764], [13.545004447604867, -15.80132700604662], [13.543485609074025, -15.801327005731764], [13.543485609074025, -15.79986555600999], [13.541966770217016, -15.798404095400656], [13.541966770217016, -15.79694262512038], [13.540447931074027, -15.79694262512038], [13.538929092664148, -15.795481143557424], [13.537410253686346, -15.795481143429015], [13.529531277568594, -15.74578450815062], [13.527158092165735, -15.745784508144482], [13.52241172029295, -15.745784508144482], [13.520038534805735, -15.745784508144482], [13.51766534931835, -15.745784508144482], [13.515292163787763, -15.743500362988641], [13.510545792527466, -15.743500362988641], [13.508172606471078, -15.7412161924251], [13.505799420983863, -15.738931996063002], [13.50342623549659, -15.736647773172251], [13.50342623549659, -15.734363525485776], [13.501053050006703, -15.734363525668755], [13.501053050006703, -15.732079252187532], [13.49867986437664, -15.732079252187532], [13.496306678746407, -15.729794953052362], [13.496306678746407, -15.722941901757565], [13.493933493116174, -15.722941901757565], [13.493933493116174, -15.697812073381044], [13.496306678746407, -15.695527389839754], [13.496306678746407, -15.690957945959497], [13.49867986437664, -15.68867318562718], [13.498679864521932, -15.684103588444316], [13.498679864521932, -15.68181875148889], [13.49867986437664, -15.679533888428864], [13.501053050006703, -15.67724900017862], [13.501053050006703, -15.674964086354862], [13.501053050006703, -15.672679146960832], [13.50342623549659, -15.670394182209918], [13.50342623549659, -15.668109191823135], [13.505799420983863, -15.66582417501138], [13.505799420983863, -15.65896897384323], [13.508172606471078, -15.65896897384323], [13.510545792527466, -15.656683855518793], [13.510545792527466, -15.654398711683768], [13.51291897815753, -15.652113542308712], [13.51291897815753, -15.649828347396806], [13.515292163787763, -15.649828347396806], [13.515292163787763, -15.647543126951689], [13.515292163787763, -15.645257880976487], [13.520038534805735, -15.645257880969893], [13.520038534805735, -15.64297260960575], [13.52241172029295, -15.64297260960575], [13.52241172029295, -15.640687312718114], [13.524784906308298, -15.638401989904366], [13.524784906308298, -15.636116641842648], [13.527158091938531, -15.636116641842648], [13.527158091938531, -15.633831268267556], [13.529531277568594, -15.633831268267556], [13.529531277568594, -15.63154586918273], [13.529531277568594, -15.629260444591182], [13.531904463140393, -15.629260444682927], [13.531904463140393, -15.626974994725856], [13.531904463140393, -15.62468951926894], [13.531904463140393, -15.617832939067455], [13.534277648627437, -15.615547361644701], [13.534277648627437, -15.606404796290917], [13.53665083411488, -15.604119091486211], [13.53665083411488, -15.56297205091471], [13.534277648627437, -15.558399649329886], [13.534277648627437, -15.551540855601445], [13.534277648627437, -15.546968200074957], [13.534277648627437, -15.544681834236371], [13.531904463140393, -15.544681834236371], [13.531904463140393, -15.542395443018734], [13.529531277568594, -15.542395442888107], [13.529531277653007, -15.540109026425455], [13.529531277653007, -15.537822584459718], [13.529531277568594, -15.535536116581397], [13.524784906308298, -15.528676561984184], [13.524784906308298, -15.526389993069643], [13.52241172029295, -15.524103399169462], [13.520038534805735, -15.52181677882595], [13.51766534931835, -15.517243463837133], [13.515292163787763, -15.51724346392291], [13.515292163787763, -15.514956768281024], [13.51291897815753, -15.514956768281024], [13.51291897815753, -15.5126700473038], [13.510545792527466, -15.510383300994533], [13.508172606471078, -15.505809732130444], [13.50342623549659, -15.505809732130444], [13.501053050006703, -15.501236062504574], [13.49867986437664, -15.501236062504574], [13.49867986437664, -15.49894918958563], [13.496306678746407, -15.49894918958563], [13.496306678746407, -15.496662291354937], [13.491560307161933, -15.494375368241322], [13.489187121674718, -15.492088418669084], [13.484440750595581, -15.489801444825389], [13.479694379335115, -15.485227420641536], [13.479694379335115, -15.482940370610379], [13.47732119334006, -15.482940370858898], [13.47732119334006, -15.4806532956772], [13.472574822365573, -15.4806532956772], [13.47020163681458, -15.476079068800914], [13.467828451184346, -15.476079068800914], [13.465455265554283, -15.473791917636788], [13.46308207951813, -15.473791917570452], [13.46308207951813, -15.4715047412692], [13.458335708543643, -15.4715047412692], [13.458335708543643, -15.469217539696615], [13.453589337403457, -15.469217539487545], [13.453589337403457, -15.466930312509078], [13.451216151773224, -15.466930312509078], [13.451216151773224, -15.464643060265928], [13.448842965696258, -15.464643059884736], [13.446469780208986, -15.464643059884736], [13.446469780208986, -15.462355782517818], [13.44409659472177, -15.460068479893096], [13.441723409234498, -15.460068479893096], [13.439350223622398, -15.455493798713292], [13.434603852362102, -15.455493798713292], [13.429857480899841, -15.450919016015291], [13.427484295412626, -15.448631587150999], [13.425111109841339, -15.448631587433965], [13.425111109841339, -15.446344133194202], [13.422737924211333, -15.446344133194202], [13.422737924211333, -15.444056653719883], [13.420364738950752, -15.444056653712437], [13.417991552565184, -15.444056653712437], [13.417991552565184, -15.441769149144818], [13.415618367077968, -15.441769149144818], [13.415618367077968, -15.439481619349522], [13.413245181590696, -15.437194064329958], [13.413245181590696, -15.434906483223472], [13.410871996060507, -15.434906483545888], [13.406125624800211, -15.430331247139918], [13.403752438743311, -15.425755910119108], [13.401379253256039, -15.425755910119108], [13.401379253256039, -15.4234682038242], [13.399006067768823, -15.4234682038242], [13.399006067768823, -15.421180471462662], [13.396632882279448, -15.421180471824528], [13.396632882279448, -15.416604932969165], [13.394259696649385, -15.414317125753882], [13.394259696794336, -15.400589753659347], [13.394259696794336, -15.393725728218783], [13.394259696794336, -15.391437668554204], [13.394259696649385, -15.389149584767438], [13.396632882279448, -15.386861475527382], [13.396632882279448, -15.384573341140594], [13.396632882279448, -15.382285181610428], [13.396632882279448, -15.379996996940122], [13.396632882279448, -15.375420552192793], [13.396632882279448, -15.370844006925779], [13.396632882279448, -15.368555696605767], [13.32781049865929, -15.368555696814497], [13.306451828333252, -15.368555696605767], [13.304078642703018, -15.366267361165967], [13.299332271015487, -15.366267361512485], [13.296959085528272, -15.3639790002278], [13.292212714552193, -15.363979000609731], [13.292212714552193, -15.361690614940414], [13.28983952892213, -15.361690614940414], [13.28983952892213, -15.359402204161427], [13.285093157661663, -15.35482530728791], [13.282719971706399, -15.354825307457133], [13.282719971706399, -15.352536821507044], [13.280346786219127, -15.352536821507044], [13.280346786219127, -15.350248309594633], [13.277973600731912, -15.347959773455557], [13.277973600731912, -15.345671212227103], [13.275600415141128, -15.34567121237285], [13.275600415141128, -15.325073031608781], [13.277973600731912, -15.32507303183695], [13.280346786219127, -15.322784219899802], [13.280346786219127, -15.320495382044044], [13.282719971706399, -15.320495382044044], [13.282719971706399, -15.318206520005731], [13.285093157661663, -15.315917633008723], [13.285093157661663, -15.306761833734242], [13.285093157661663, -15.302183783911744], [13.285093157661663, -15.299894721465932], [13.282719971706399, -15.299894721477358], [13.282719971706399, -15.297605634150955], [13.280346786219127, -15.297605634150955], [13.277973600731912, -15.295316521809411], [13.277973600731912, -15.293027384456138], [13.258988115730006, -15.29302738403112], [13.258988115730006, -15.29073822153157], [13.254241744062597, -15.290738221227969], [13.251868558575325, -15.290738221227969], [13.24949537308811, -15.290738221227969], [13.24949537308811, -15.288449033861298], [13.244749001948946, -15.28844903402711], [13.240002630240838, -15.286159821493072], [13.225763516907648, -15.286159821521096], [13.223390330931522, -15.283870584126646], [13.216270774387056, -15.283870584016825], [13.213897588756822, -15.281581321517763], [13.206778031622378, -15.281581321765373], [13.206778031622378, -15.27929203441272], [13.202031660605996, -15.27929203402715], [13.202031660605996, -15.27700272154857], [13.199658474975934, -15.27700272154857], [13.1972852893457, -15.274713384085203], [13.19491210328789, -15.274713383879941], [13.19491210328789, -15.272424021573215], [13.192538917800675, -15.272424021573215], [13.192538917800675, -15.270134634288581], [13.190165732313233, -15.270134634288581], [13.190165732313233, -15.267845222029337], [13.185419361194874, -15.267845221821062], [13.185419361194874, -15.265555784452829], [13.183046175564641, -15.265555784452829], [13.18304617585153, -15.263266321734307], [13.18304617585153, -15.260976834571693], [13.18304617585153, -15.258687322448168], [13.18304617585153, -15.251818636345547], [13.183046175564641, -15.240370326274103], [13.185419361194874, -15.240370326274103], [13.185419361338802, -15.235790828235906], [13.185419361194874, -15.2335010412217], [13.187792546824937, -15.231211229692235], [13.187792546824937, -15.228921393245855], [13.187792546824937, -15.226631531885744], [13.187792546824937, -15.224341645615539], [13.190165732313233, -15.224341645843367], [13.192538917800675, -15.222051734804097], [13.192538917800675, -15.219761797994579], [13.19491210328789, -15.219761797994579], [13.19491210328789, -15.217471837151834], [13.1972852893457, -15.217471837377218], [13.1972852893457, -15.215181851499892], [13.199658474975934, -15.215181851499892], [13.199658474975934, -15.212891840729299], [13.202031660605996, -15.212891840729299], [13.204404846135162, -15.210601805257113], [13.206778031622378, -15.210601805257113], [13.206778031622378, -15.20831174484806], [13.172960136636902, -15.185266625887209], [13.164950635135028, -15.185266625887209], [13.162280801301165, -15.185266625887209], [13.159610967467188, -15.185266625887209], [13.158276050550285, -15.185266625887209], [13.158276050550285, -15.186554928758255], [13.154271299799348, -15.187843223766265], [13.147596715214377, -15.187843223766265], [13.146261798104035, -15.189131511307892], [13.142257047481905, -15.189131511307892], [13.140922130308468, -15.190419789968644], [13.136917379686508, -15.190419789968644], [13.136917379686508, -15.191708061631573], [13.13558246251307, -15.191708061631573], [13.132912629064322, -15.192996325429078], [13.128907878376822, -15.192996325156344], [13.126238044095544, -15.19428458049373], [13.126238044095544, -15.195572828558682], [13.123568210646795, -15.195572828558682], [13.120898376875175, -15.196861068607916], [13.118228542851398, -15.198149301086175], [13.116893625678017, -15.198149301086175], [13.114223792229268, -15.199437524680832], [13.114223792229268, -15.200725741273232], [13.111553958456398, -15.200725741249073], [13.108884124433871, -15.202013949996058], [13.10754920726049, -15.203302149981766], [13.1062142907885, -15.203302150329478], [13.103544456638303, -15.20587852807381], [13.10087462312066, -15.20587852792653], [13.099539706016344, -15.20716670531209], [13.098204788842736, -15.20716670531209], [13.096869872369723, -15.20845487403534], [13.071506450763763, -15.208454873810808], [13.070171533590155, -15.20716670531209], [13.05815728172405, -15.20716670531209], [13.05815728172405, -15.20587852807381], [13.055487447943733, -15.20587852792653], [13.05281761392871, -15.204590342963456], [13.047477946133142, -15.204590342963456], [13.046143029858001, -15.204590342963456], [13.044808112684564, -15.204590342963456], [13.043473195510956, -15.204590342963456], [13.043473195510956, -15.203302149981766], [13.040803361857058, -15.203302150329478], [13.039468444888996, -15.203302149981766], [13.038133527715559, -15.203302149981766], [13.038133527715559, -15.202013949996058], [13.034128777093429, -15.202013949996058], [13.034128777093429, -15.200725741273232], [13.031458943438281, -15.200725741249073], [13.031458943438281, -15.199437524904226], [13.0274541926874, -15.199437524904226], [13.0274541926874, -15.198149300690261], [13.02611927584951, -15.198149301086175], [13.023449441502464, -15.196861068756391], [13.022114525019504, -15.195572828657703], [13.020779608053942, -15.195572828558682], [13.015439940258375, -15.190419789968644], [13.012770106600726, -15.189131510910613], [13.012770106600726, -15.187843223766265], [13.011435189636416, -15.187843223915934], [13.011435189636416, -15.186554928660371], [13.010100272462978, -15.186554928660371], [13.010100272462978, -15.185266625541885], [13.008765355849846, -15.183978315153922], [13.007430438932886, -15.183978315153922], [13.007430438932886, -15.182689996558736], [13.006095521840848, -15.182689996585225], [13.003425688181949, -15.18011333578545], [13.002090771218889, -15.180113336183808], [13.002090771218889, -15.17882499375935], [12.999420937431069, -15.178824993608544], [12.999420937431069, -15.177536643572296], [12.998086020514108, -15.177536643572296], [12.996751103423321, -15.176248285332974], [12.995416186249884, -15.176248285332974], [12.994081269763171, -15.17495991992405], [12.97672734941483, -15.174959920199285], [12.97272259879287, -15.176248285332974], [12.970052765257776, -15.176248285677218], [12.970052765257776, -15.177536643572296], [12.968717848170684, -15.177536643475548], [12.968717848170684, -15.17882499375935], [12.967382930997303, -15.17882499375935], [12.967382930997303, -15.180113336183808], [12.962043263755959, -15.182689996558736], [12.962043263755959, -15.183978315153922], [12.960708346838999, -15.185266625887209], [12.959373429753157, -15.186554928660371], [12.95803851257972, -15.186554928660371], [12.95803851257972, -15.187843223915934], [12.956703596088062, -15.190419790190845], [12.956703596088062, -15.191708061606334], [12.955368679131197, -15.191708061631573], [12.952698845337181, -15.194284580840304], [12.940684592918103, -15.199437524680832], [12.936679842296144, -15.199437524680832], [12.92199575608305, -15.212319333798973], [12.865929245577831, -15.212319333798973], [12.864594328404394, -15.211031188921766], [12.860589577782264, -15.211031188921766], [12.855249909986867, -15.20716670531209], [12.84590549156934, -15.19428458049373], [12.839230907394892, -15.187843223766265], [12.83789599032525, -15.187843223915934], [12.836561073151643, -15.186554928660371], [12.835226156643955, -15.186554928758255], [12.835226156643955, -15.185266625887209], [12.833891239727052, -15.185266625887209], [12.832556322810149, -15.185266625887209], [12.831221405893245, -15.185266625887209], [12.831221405893245, -15.186554928758255], [12.829886488976115, -15.186554928758255], [12.827216654734116, -15.187843223915934], [12.825881738225178, -15.187843223766265], [12.824546821285537, -15.192996325429078], [12.821876987474468, -15.194284580840304], [12.820542070557337, -15.198149300690261], [12.817872236316532, -15.198149301086175], [12.813867485694573, -15.202013949996058], [12.81119765213856, -15.20201394972446], [12.81119765213856, -15.203302150329478], [12.809862735072613, -15.203302149981766], [12.808527817899005, -15.204590342963456], [12.808527817899005, -15.20587852807381], [12.807192901387623, -15.20587852792653], [12.805857984450483, -15.20587852807381], [12.805857984450483, -15.20716670531209], [12.803188150636913, -15.207166704917313], [12.795178648859519, -15.211031188921766], [12.791173898237389, -15.214895601661397], [12.789838981063951, -15.214895601661397], [12.78716914761543, -15.217471837151834], [12.781829479819862, -15.21875994351467], [12.780494562646425, -15.220048041999348], [12.77915964613129, -15.220048041730138], [12.777824729197903, -15.220048041999348], [12.777824729197903, -15.221336131738553], [12.74311688897626, -15.221336131738553], [12.74311688897626, -15.22262421446527], [12.735107387732171, -15.22262421446527], [12.725762969314644, -15.230352543593767], [12.721758218692685, -15.235504605639903], [12.719088384867916, -15.235504605867959], [12.716418550897117, -15.238080589783237], [12.681710711192807, -15.238080589516414], [12.680375794275847, -15.236792601635443], [12.679040877226953, -15.236792601654827], [12.677705960053572, -15.235504605639903], [12.675036126604994, -15.235504605639903], [12.67236629277403, -15.232928590675897], [12.67103137585707, -15.232928590675897], [12.67103137585707, -15.231640571252512], [12.669696458809426, -15.231640571148773], [12.669696458809426, -15.230352543593767], [12.668361541635988, -15.230352543593767], [12.667026625106189, -15.229064508754107], [12.665691708187467, -15.2277764657008], [12.664356791013859, -15.226488414497169], [12.663021874355252, -15.225200355886273], [12.663021874355252, -15.223912289167288], [12.661686957438292, -15.223912289167288], [12.661686957438292, -15.22262421456793], [12.657682206687412, -15.221336132088709], [12.65634728976977, -15.217471837151834], [12.655012372596332, -15.217471837151834], [12.655012372596332, -15.2161837237785], [12.653677455936474, -15.216183723384916], [12.652342539019514, -15.214895601515309], [12.652342539019514, -15.213607471769421], [12.651007621974372, -15.212319333798973], [12.649672704800935, -15.211031188921766], [12.647002871351503, -15.207166704917313], [12.645667954178805, -15.202013949996058], [12.644333037517697, -15.20201394972446], [12.642998120600737, -15.200725741249073], [12.642998120600737, -15.199437524904226], [12.642998120600737, -15.198149300690261], [12.641663203556845, -15.196861068756391], [12.640328286383408, -15.195572828558682], [12.638993369849857, -15.194284580840304], [12.638993369849857, -15.192996325156344], [12.636323535761278, -15.191708061631573], [12.628314034513949, -15.178824993608544], [12.626979117343751, -15.17882499375935], [12.626979117343751, -15.177536643475548], [12.625644200680142, -15.177536643572296], [12.624309283763182, -15.176248285677218], [12.622974366721792, -15.174959920199285], [12.621639449548354, -15.173671546340927], [12.620304533012302, -15.173671546313301], [12.618969616095171, -15.172383164845598], [12.617634698926224, -15.169806378493718], [12.616299782261365, -15.169806378341661], [12.614964865344405, -15.168517973306734], [12.613629948304037, -15.16851797321118], [12.612295031130657, -15.16722956007419], [12.610960114593524, -15.16722956041724], [12.60829028050864, -15.165941139950178], [12.600280779257787, -15.165941139673805], [12.598945862091114, -15.16722956007419], [12.59627602850685, -15.16722956041724], [12.59627602850685, -15.168517973306734], [12.594941111469154, -15.16851797321118], [12.593606194295546, -15.16851797321118], [12.59227127775597, -15.169806378341661], [12.59227127775597, -15.171094775521453], [12.59093636083901, -15.171094775521453], [12.589601443673587, -15.172383164625671], [12.58426177587802, -15.172383164625671], [12.582926859337192, -15.173671546313301], [12.58025702525606, -15.173671546340927], [12.578922108586255, -15.17495991992405], [12.570912606838533, -15.174959920199285], [12.570912606838533, -15.176248285332974], [12.55222377000348, -15.176248285332974], [12.550888853329923, -15.17495991992405], [12.542879351585952, -15.174959920199285], [12.54196159644772, -15.203302150329478], [12.539875788619383, -15.207327726154801], [12.539875788619383, -15.217391330621865], [12.537789981082256, -15.219403993596302], [12.537789981082256, -15.235504605867959], [12.539875788619383, -15.235504605639903], [12.539875788619383, -15.237517096001625], [12.539875788619383, -15.2395295662418], [12.54196159644772, -15.239529566454962], [12.54196159644772, -15.24556686289992], [12.544047404000366, -15.245566863142585], [12.546133211813242, -15.247579256522954], [12.548219019381293, -15.247579256339748], [12.548219019381293, -15.249591631137093], [12.550304827178707, -15.249591630879536], [12.552390634762446, -15.251603985799022], [12.554476442544399, -15.253616321784023], [12.55864805790992, -15.253616321784023], [12.560733865524526, -15.25562863817396], [12.562819673275385, -15.257640935594907], [12.566991288640907, -15.257640935594907], [12.566991288640907, -15.259653213584613], [12.569077096286435, -15.261665472596349], [12.571162904006428, -15.261665472293942], [12.571162904006428, -15.263677711720732], [12.573248711667418, -15.263677711597325], [12.575334519371893, -15.26568993186271], [12.577420327048344, -15.271726476462902], [12.579506134289772, -15.271726476462902], [12.579506134289772, -15.273738619883147], [12.579506134289772, -15.275750743140577], [12.579506134289772, -15.28178699884478], [12.579506134289772, -15.287823079932593], [12.579506134289772, -15.289835068917682], [12.579506134289772, -15.291847037721709], [12.579506134289772, -15.293858988075044], [12.577420327048344, -15.293858988075044], [12.577420327048344, -15.29587091824277], [12.575334519371893, -15.297882829518471], [12.573248711667418, -15.297882829088792], [12.573248711667418, -15.301906593673323], [12.571162904006428, -15.30190659408811], [12.571162904006428, -15.303918447381307], [12.569077096286435, -15.30391844740734], [12.569077096286435, -15.305930280943983], [12.564905480905509, -15.305930280943983], [12.564905480905509, -15.309953890882355], [12.560733865524526, -15.309953890882355], [12.560733865524526, -15.31196566727931], [12.55864805790992, -15.311965667223433], [12.556562250143429, -15.31196566727931], [12.556562250143429, -15.313977423469908], [12.554476442544399, -15.313977423839845], [12.554476442544399, -15.315989161113976], [12.550304827178707, -15.318000879043495], [12.548219019381293, -15.318000878688508], [12.548219019381293, -15.320012577711964], [12.544047404000366, -15.320012577711964], [12.544047404000366, -15.322024256519853], [12.539875788619383, -15.326047556945298], [12.537789981082256, -15.328059178442857], [12.535704173238287, -15.32805917855842], [12.533618365716734, -15.330070780256847], [12.531532557857304, -15.330070779946823], [12.531532557857304, -15.332082362840936], [12.529446750351042, -15.332082362710366], [12.527360942476378, -15.334093925505783], [12.525275134985577, -15.334093925801028], [12.525275134985577, -15.336105469526387], [12.523189327095224, -15.336105469671907], [12.523189327095224, -15.338116993604103], [12.521103519620056, -15.338116993884341], [12.519017711714298, -15.340128499032915], [12.516931904254534, -15.340128498872502], [12.516931904254534, -15.344151450730294], [12.514846096333315, -15.3441514509056], [12.510674480952218, -15.348174325271657], [12.510674480952218, -15.350185732950933], [12.510674480952218, -15.352197122112898], [12.508588673523548, -15.352197121907636], [12.508588673523548, -15.35621984119058], [12.506502865571235, -15.358231171542002], [12.506502865571235, -15.362253774490625], [12.502331250190082, -15.368287533861235], [12.502331250190082, -15.37230994280253], [12.502331250190082, -15.374321117728186], [12.502331250190082, -15.376332274108961], [12.500245442792561, -15.376332273814114], [12.500245442792561, -15.386387762269692], [12.504417058158026, -15.386387762269692], [12.504417058158026, -15.390409821694561], [12.508588673523548, -15.394431803402085], [12.510674480952218, -15.39644276547557], [12.51276028888907, -15.396442765106087], [12.51276028888907, -15.39845370737379], [12.514846096333315, -15.400464630587521], [12.516931904254534, -15.400464630203032], [12.516931904254534, -15.402475533591542], [12.519017711714298, -15.404486417936312], [12.521103519620056, -15.404486417536987], [12.521103519620056, -15.406497282036923], [12.521103519620056, -15.408508127089362], [12.523189327095224, -15.408508127503524], [12.525275134985577, -15.410518952691746], [12.525275134985577, -15.434647341991479], [12.523189327095224, -15.434647342069695], [12.523189327095224, -15.436657914189084], [12.519017711714298, -15.44067900084542], [12.516931904254534, -15.442689515269706], [12.514846096333315, -15.442689515377879], [12.51276028888907, -15.44470000987286], [12.508588673523548, -15.44671048498492], [12.506502865571235, -15.446710485108042], [12.504417058158026, -15.44872094060355], [12.500245442792561, -15.44872094060355], [12.49607382742704, -15.452741793351436], [12.493988019428173, -15.452741793064035], [12.491902212061348, -15.454752190476142], [12.487730596695883, -15.454752190476142], [12.487730596695883, -15.456762568098327], [12.485644788666093, -15.45676256782582], [12.483558981330361, -15.458772926215602], [12.483558981330361, -15.46078326482575], [12.481473173285167, -15.460783264568192], [12.479387365964897, -15.46078326482575], [12.475215750599375, -15.464803883515458], [12.473129942523087, -15.464803883272907], [12.468958327142104, -15.468824423921603], [12.466872519868389, -15.470834665189557], [12.464786711761178, -15.470834665402151], [12.464786711761178, -15.472844886496091], [12.462700904502867, -15.472844886708913], [12.460615096380025, -15.47485508893277], [12.460615096380025, -15.476865270978124], [12.458529289137175, -15.476865271176052], [12.450186058376687, -15.484905805591552], [12.450186058376687, -15.48691589084143], [12.448100250723542, -15.48892595583942], [12.44392863535785, -15.4909360015684], [12.44392863535785, -15.49294602775376], [12.441842827614607, -15.49294602761563], [12.441842827614607, -15.494956034695349], [12.437671212233681, -15.496966021361061], [12.435585404626863, -15.500985937012445], [12.433499596852698, -15.500985936904158], [12.431413789261342, -15.50299586544503], [12.429327981471602, -15.502995865777109], [12.429327981471602, -15.505005774227016], [12.427242173895877, -15.505005774320352], [12.416813135328539, -15.515055025632591], [12.414727327799199, -15.515055025255833], [12.414727327799199, -15.517064816738866], [12.412641519947556, -15.519074589040144], [12.410555712433677, -15.52108434098244], [12.406384097068155, -15.52108434098244], [12.406384097068155, -15.525103786914258], [12.404298289185476, -15.525103786895613], [12.40221248170269, -15.525103786914258], [12.40012667380455, -15.527113480929188], [12.398040866337169, -15.529123154516185], [12.395955058423397, -15.531132808508687], [12.393869250971647, -15.531132808937741], [12.39178344304247, -15.533142443781003], [12.389697635606183, -15.533142443769918], [12.387611827661487, -15.535152058596339], [12.387611827661487, -15.537161654683246], [12.385526020240661, -15.537161654657098], [12.38344021228039, -15.539171230308341], [12.381354404874969, -15.539171230707552], [12.379268596899408, -15.541180787200574], [12.377182789509504, -15.54118078715959], [12.373011174143983, -15.545199841259034], [12.370925366137328, -15.545199841315082], [12.370925366137328, -15.547209338532696], [12.368839558778518, -15.547209338902007], [12.366753750756345, -15.549218817008295], [12.364667943412996, -15.549218816937355], [12.362582135375419, -15.551228275008498], [12.362582135375419, -15.553237714261968], [12.360496328047475, -15.553237714176248], [12.358410519994266, -15.553237714261968], [12.35632471268201, -15.555247133375133], [12.35423890461334, -15.55524713303572], [12.35423890461334, -15.557256533058023], [12.352153097316489, -15.557256532957297], [12.350067289232356, -15.55926591259606], [12.34589567385126, -15.563284613671385], [12.343809866585332, -15.563284613980898], [12.341724058470277, -15.565293935204068], [12.33755244308918, -15.56730323624339], [12.335466635847922, -15.569312518517563], [12.333380828171471, -15.569312518372158], [12.32920921280595, -15.573331023140042], [12.325037597440485, -15.573331023140042], [12.325037597440485, -15.575340246069345], [12.32295178970486, -15.575340245804568], [12.32295178970486, -15.577349449534438], [12.318780174323933, -15.577349449534438], [12.316694366709498, -15.579358633007018], [12.31460855894278, -15.579358632757248], [12.31460855894278, -15.58136779720121], [12.312522751343977, -15.581367797011012], [12.310436943561854, -15.58136779720121], [12.310436943561854, -15.583376941133622], [12.308351135978285, -15.583376941368613], [12.30626532818087, -15.585386066282808], [12.30417952061282, -15.585386066077604], [12.302093712799774, -15.58739517091567], [12.300007905247298, -15.58739517113571], [12.297922097418791, -15.589404256760758], [12.295836289881777, -15.58940425654066], [12.293750482037638, -15.591413322084975], [12.291664674516312, -15.591413322290066], [12.291664674516312, -15.59342236838188], [12.289578866656711, -15.59342236861687], [12.289578866656711, -15.595431394623404], [12.285407251275728, -15.595431394623404], [12.283321443785269, -15.597440401583071], [12.279149828419804, -15.597440401583071], [12.277064020513649, -15.599449388512653], [12.291664674516312, -15.717944739704194], [12.291664674516312, -15.727983556988363], [12.293750482037638, -15.727983557290429], [12.293750482037638, -15.729991260894508], [12.295836289881777, -15.729991261017346], [12.295836289881777, -15.73400660962892], [12.297922097418791, -15.734006609521089], [12.297922097418791, -15.736014254539043], [12.300007905247298, -15.736014254207248], [12.300007905247298, -15.738021878963991], [12.302093712799774, -15.738021878870995], [12.302093712799774, -15.740029484243848], [12.30417952061282, -15.740029483897104], [12.30417952061282, -15.742037069004255], [12.30626532818087, -15.742037068926209], [12.30626532818087, -15.744044634644922], [12.30626532818087, -15.746052179668482], [12.308351135978285, -15.746052179731635], [12.308351135978285, -15.748059705347316], [12.310436943561854, -15.750067211079738], [12.312522751343977, -15.750067211127941], [12.312522751343977, -15.752074697071293], [12.31460855894278, -15.752074697462717], [12.31460855894278, -15.754082163141675], [12.316694366709498, -15.754082163175042], [12.316694366709498, -15.75608960943697], [12.318780174323933, -15.756089609843343], [12.318780174323933, -15.758097035836329], [12.320865982074963, -15.758097035854803], [12.320865982074963, -15.760104442426154], [12.32295178970486, -15.760104442847421], [12.335466635847922, -15.770141177534583], [12.33755244308918, -15.770141177534583], [12.33963825121981, -15.774155732537167], [12.343809866585332, -15.774155732537167], [12.352153097316489, -15.782184604202428], [12.35632471268201, -15.78820604928677], [12.360496328047475, -15.790213157890435], [12.364667943412996, -15.794227315447586], [12.368839558778518, -15.800248402623765], [12.370925366137328, -15.80426236099595], [12.375096981518482, -15.806269310914672], [12.375096981518482, -15.810283150183068], [12.379268596899408, -15.810283150183068], [12.379268596899408, -15.814296909830205], [12.381354404874969, -15.814296909640063], [12.381354404874969, -15.816303759592586], [12.381354404874969, -15.82031739975912], [12.381354404874969, -15.826337710628593], [12.379268596899408, -15.826337710863527], [12.379268596899408, -15.828344440884848], [12.375096981518482, -15.83637116341913], [12.373011174143983, -15.838377794374082], [12.373011174143983, -15.842390996150641], [12.370925366137328, -15.842390996445147], [12.370925366137328, -15.846404118470616], [12.368839558778518, -15.84640411816116], [12.366753750756345, -15.848410649133314], [12.366753750756345, -15.8504171607118], [12.364667943412996, -15.850417160387508], [12.364667943412996, -15.852423651576032], [12.362582135375419, -15.854430123150735], [12.358410519994266, -15.856436574006693], [12.35423890461334, -15.860449416708207], [12.352153097316489, -15.86044941677875], [12.352153097316489, -15.862455808180357], [12.350067289232356, -15.862455808549328], [12.347981481950796, -15.864462179617817], [12.34589567385126, -15.864462179562224], [12.341724058470277, -15.868474862550613], [12.33963825121981, -15.86847486259137], [12.33755244308918, -15.870481174521558], [12.335466635847922, -15.870481174521558], [12.333380828171471, -15.872487465681047], [12.329209213225568, -15.87449373767754], [12.327123405085842, -15.87449373767754], [12.320865982074963, -15.878506220494103], [12.318780174323933, -15.88051243214096], [12.316694366709498, -15.882518623795363], [12.314608559026624, -15.882518623795363], [12.312522751343977, -15.882518623795363], [12.312522751343977, -15.884524795467087], [12.308351135978285, -15.884524795467087], [12.30626532818087, -15.886530946743903], [12.300007905247298, -15.886530947149652], [12.297922097418791, -15.88853707887472], [12.285407251275728, -15.88853707887472], [12.279149828653374, -15.88853707887472], [12.277064020513649, -15.88853707887472], [12.272892405132723, -15.88853707887472], [12.268720789751569, -15.89054319014798], [12.26037755898966, -15.89054319014798], [12.256205943608563, -15.892549282289394], [12.245776905495632, -15.892549282240793], [12.239519482084518, -15.894555353568876], [12.235347866703592, -15.89656140571185], [12.229090444033432, -15.896561405648356], [12.22491882866791, -15.898567437349357], [12.222833020560529, -15.90057344912401], [12.220747213302445, -15.90057344904551], [12.218661405179432, -15.902579440388593], [12.216575597936924, -15.902579440734598], [12.214489790254106, -15.904585412414406], [12.21240398255702, -15.904585412507743], [12.208232367176095, -15.906591363751431], [12.201974944157598, -15.91060320737489], [12.199889136414185, -15.91060320705867], [12.191545905652106, -15.91862665343433], [12.18946009806092, -15.918626653720878], [12.18946009806092, -15.92063246524441], [12.187374290270952, -15.922638256466769], [12.183202674890026, -15.926649779371303], [12.183202674890026, -15.928655511201953], [12.181116867329933, -15.928655511019144], [12.176945251964412, -15.93266691368325], [12.176945251964412, -15.936678236174487], [12.174859444127947, -15.936678236387024], [12.174859444127947, -15.938683867137684], [12.174859444127947, -15.94068947870204], [12.17277363659889, -15.94269506954754], [12.170687828746964, -15.94269506935052], [12.170687828746964, -15.94470064080815], [12.166516213366037, -15.95071723310383], [12.166516213366037, -15.952722724320836], [12.164430405867904, -15.954728194760662], [12.164430405867904, -15.980797487000643], [12.166516213366037, -15.980797487376947], [12.166516213550551, -15.9828026765544], [12.166516213550551, -15.984807846008607], [12.166516213366037, -15.986812995327739], [12.168602021233426, -15.986812995360879], [12.168602021233426, -15.990823233750746], [12.17277363659889, -15.994833391706038], [12.17277363659889, -15.996838440515091], [12.174859444127947, -15.998843469220162], [12.174859444127947, -16.000848477371846], [12.176945251964412, -16.0008484777847], [12.176945251964412, -16.002853466240765], [12.181116867329933, -16.0048584345746], [12.181116867329933, -16.008868310866774], [12.183202674890026, -16.010873218876895], [12.183202674890026, -16.018892649387624], [12.185288482695398, -16.02089745657713], [12.185288482695398, -16.036935189463236], [12.187374290270952, -16.03893981553591], [12.187374290270952, -16.081032298368314], [12.18946009806092, -16.085040641896967], [12.18946009806092, -16.091053005403523], [12.191545905652106, -16.093057086062686], [12.191545905652106, -16.107085085270285], [12.193631713426441, -16.109089003735846], [12.193631713426441, -16.115100638915294], [12.197803328791906, -16.119108294464468], [12.197803328791906, -16.125119625887862], [12.199889136414185, -16.125119625936634], [12.199889136414185, -16.129127078940485], [12.201974944157598, -16.13113077497661], [12.201974944157598, -16.133134450810303], [12.204060751795112, -16.133134450888804], [12.204060751795112, -16.13513810603007], [12.20614655952312, -16.135138106375564], [12.20614655952312, -16.137141741670234], [12.21240398255702, -16.14315252559237], [12.214489790254106, -16.14315252590802], [12.214489790254106, -16.147159614005716], [12.216575597936924, -16.147159614005716], [12.216575597936924, -16.14916312762955], [12.218661405179432, -16.151166620681067], [12.218661405179432, -16.153170094168843], [12.222833020560529, -16.15918039115246], [12.222833020560529, -16.16318715461182], [12.22491882866791, -16.16318715485312], [12.22491882866791, -16.16519050612351], [12.227004635941512, -16.167193836863134], [12.227004635941512, -16.17320370836677], [12.229090444033432, -16.17721018727684], [12.229090444033432, -16.17921339637013], [12.229090444033432, -16.181216585143375], [12.231176251322438, -16.18321975342741], [12.233262059398953, -16.187226029520673], [12.233262059398953, -16.191232224131227], [12.235347866703592, -16.193235291239148], [12.235347866703592, -16.197241363857188], [12.239519482084518, -16.203250319796155], [12.239519482084518, -16.205253264993416], [12.24160529012994, -16.20725618905658], [12.24160529012994, -16.21126197681906], [12.245776905495632, -16.21126197681906], [12.245776905495632, -16.213264840167653], [12.247862712846654, -16.215267683110312], [12.247862712846654, -16.217270506179148], [12.25203432822758, -16.219273308022878], [12.25203432822758, -16.22127609036437], [12.254120136226618, -16.22127608995868], [12.25829175159214, -16.225281592660792], [12.26037755898966, -16.227284313452515], [12.262463366957604, -16.229287013876842], [12.266634982323126, -16.231289693922008], [12.272892405132723, -16.23729761138162], [12.274978213054283, -16.2372976117789], [12.274978213054283, -16.239300210297642], [12.291664674516312, -16.247310400477943], [12.293750482037638, -16.251315373286218], [12.297922097418791, -16.251315373286218], [12.300007905247298, -16.25331782896143], [12.30417952061282, -16.25732267927299], [12.308351135978285, -16.26132744795524], [12.320865982074963, -16.273341264046564], [12.320865982074963, -16.27534349525314], [12.333380828171471, -16.289358541604145], [12.333380828171471, -16.291360609328194], [12.335466635854289, -16.291360609328194], [12.337552443536993, -16.291360609328194], [12.341724058902457, -16.291360609328194], [12.352153097316489, -16.291360609328194], [12.370925366137328, -16.291360609562958], [12.370925366137328, -16.293362656417912], [12.373011174143983, -16.293362656606917], [12.375096981518482, -16.293362656417912], [12.375096981518482, -16.29536468368758], [12.377182789509504, -16.295364683437924], [12.377182789509504, -16.297366689819228], [12.379268596899408, -16.297366689645116], [12.381354404874969, -16.299368675748326], [12.38344021228039, -16.29936867601282], [12.387611827661487, -16.303372586520766], [12.39178344304247, -16.303372586520766], [12.395955058423397, -16.307376415193573], [12.40012667380455, -16.307376415193573], [12.404298289185476, -16.309378298405136], [12.40846990456646, -16.309378298405136], [12.412641519947556, -16.307376415193573], [12.416813135328539, -16.307376415193573], [12.416813135328539, -16.305374510656577], [12.420984750709465, -16.305374510656577], [12.420984750709465, -16.303372586520766], [12.423070558530355, -16.303372586241437], [12.429327981471602, -16.301370641063897], [12.431413789261342, -16.301370641223173], [12.433499596943989, -16.299368675748326], [12.435585404626863, -16.299368675748326], [12.435585404626863, -16.297366689819228], [12.439757019992328, -16.295364683437924], [12.44392863535785, -16.295364683437924], [12.452271866089006, -16.291360609328194], [12.45435767375767, -16.289358541400247], [12.566991288640907, -16.289358541604145], [12.579506134289772, -16.293362656417912], [12.587849365051852, -16.293362656417912], [12.592020980432835, -16.29536468368758], [12.59410678851674, -16.297366689819228], [12.598278403882262, -16.297366689819228], [12.600364211194915, -16.29936867601282], [12.604535826575841, -16.301370641063897], [12.606621634613418, -16.303372586241437], [12.608707441956994, -16.303372586520766], [12.608707441956994, -16.305374510656577], [12.61079324997894, -16.305374510800902], [12.61287905733792, -16.307376415193573], [12.61287905733792, -16.309378298405136], [12.617050672718904, -16.311380162013336], [12.617050672718904, -16.313382004291668], [12.623308096075448, -16.31338200440632], [12.625393903480983, -16.31538382696226], [12.63999455753742, -16.315383826638424], [12.644166172903113, -16.31338200440632], [12.644166172903113, -16.311380161704335], [12.646251980386126, -16.311380162013336], [12.646251980386126, -16.309378298405136], [12.650423595767052, -16.309378298405136], [12.650423595767052, -16.307376415193573], [12.652509403634099, -16.30737641489941], [12.654595211148035, -16.307376415193573], [12.654595211148035, -16.305374510656577], [12.65668101899962, -16.303372586241437], [12.660852634365085, -16.303372586241437], [12.665024249730777, -16.301370641223173], [12.696311364958262, -16.301370641063897], [12.700482980337654, -16.303372586241437], [12.712997826434105, -16.303372586241437], [12.71508363372368, -16.305374510656577], [12.717169441799797, -16.305374510800902], [12.717169441799797, -16.30737641489941], [12.719255249104663, -16.309378298405136], [12.721341057165318, -16.311380161704335], [12.72342686448576, -16.311380162013336], [12.72342686448576, -16.313382004291668], [12.725512672530783, -16.315383826638424], [12.727598479866742, -16.317385628298496], [12.729684287896305, -16.3173856283982], [12.729684287896305, -16.319387409683657], [12.733855903261826, -16.32138917049241], [12.738027518627291, -16.32539263067099], [12.740113326009748, -16.327394330404786], [12.740113326009748, -16.32939600886101], [12.75262817215281, -16.339404096365854], [12.75262817215281, -16.34140565186152], [12.756799787533737, -16.345408702209113], [12.758885595455013, -16.345408702204736], [12.758885595455013, -16.34741019661368], [12.76097140291489, -16.34941167053381], [12.76097140291489, -16.35141312350106], [12.763057210820477, -16.351413123905502], [12.763057210820477, -16.353414556783946], [12.765143018295873, -16.35341455681794], [12.767228826185999, -16.35541596914777], [12.767228826185999, -16.357417360994702], [12.7693146336768, -16.357417361043645], [12.7693146336768, -16.359418731947926], [12.771400441551464, -16.359418732322524], [12.771400441551464, -16.361420083129133], [12.775572056917156, -16.36342141341214], [12.775572056917156, -16.36542272316933], [12.77765786443888, -16.365422723247946], [12.781829479819862, -16.36942528119107], [12.786001095200959, -16.37142652893408], [12.794344325962868, -16.37943131626048], [12.798515941344021, -16.38143246216947], [12.798515941344021, -16.383433586670776], [12.800601749110172, -16.38543469133299], [12.800601749110172, -16.38743577515936], [12.804773364475693, -16.389436838433312], [12.804773364475693, -16.3914378811524], [12.806859172106101, -16.39143788089666], [12.806859172106101, -16.3934389034971], [12.811030787487084, -16.397440886156232], [12.811030787487084, -16.401442786560608], [12.81311659520685, -16.40144278634824], [12.81311659520685, -16.40344370569187], [12.81520240286801, -16.40544460469232], [12.81520240286801, -16.407445482469598], [12.817288210572372, -16.409446340291595], [12.819374018248993, -16.411447177158948], [12.819374018248993, -16.4134479940667], [12.825631440871518, -16.419450319568455], [12.827717248986175, -16.425452460336544], [12.833974671633428, -16.433455026484125], [12.836060479717162, -16.433455026152956], [12.836060479717162, -16.43545561610307], [12.838146287014354, -16.437456185793337], [12.838146287014354, -16.439456734105875], [12.840232095154079, -16.439456734105875], [12.842317902395507, -16.439456734105875], [12.84648951777649, -16.439456734105875], [12.85483274853857, -16.439456734105875], [12.859004363919496, -16.437456185793337], [12.861090171910348, -16.43545561610307], [12.86526178727587, -16.43545561610307], [12.869433402641391, -16.433455026152956], [12.871519210062559, -16.433455026484125], [12.873605018006856, -16.431454415598978], [12.875690825443485, -16.431454415491885], [12.875690825443485, -16.4294537847598], [12.877776633372378, -16.42945378444341], [12.879862440824638, -16.4294537847598], [12.879862440824638, -16.427453132566598], [12.881948248737842, -16.425452460336544], [12.884034056205564, -16.42545246063804], [12.884034056205564, -16.423451767252857], [12.886119864103534, -16.423451767389565], [12.888205671586718, -16.421451054136696], [12.890291479469056, -16.42145105385009], [12.890291479469056, -16.419450319720056], [12.89446309483452, -16.417449565001903], [12.896548902348627, -16.417449565273614], [12.902806325565564, -16.41344799380971], [12.906977940931029, -16.41344799380971], [12.90906374849169, -16.411447177158948], [12.91740697925377, -16.407445482469598], [12.923664402393229, -16.407445482665764], [12.925750210015849, -16.40544460469232], [12.967466363731262, -16.405444604465117], [12.973723786448318, -16.403443705480754], [12.99249605592422, -16.40344370569187], [12.996667671289913, -16.40144278634824], [13.007096709496466, -16.401442786560608], [13.013354132751942, -16.3974408859587], [13.048812863306523, -16.397440886156232], [13.057156094068603, -16.399441846210493], [13.069670940186427, -16.399441846436446], [13.069670940186427, -16.40144278634824], [13.071756747453094, -16.401442786560608], [13.073842555552119, -16.40144278634824], [13.073842555552119, -16.40344370569187], [13.07592836283402, -16.403443705480754], [13.07801417091764, -16.405444604465117], [13.080099978215003, -16.40544460469232], [13.082185786283105, -16.407445482665764], [13.084271593595929, -16.407445482469598], [13.084271593595929, -16.40944634053369], [13.088443208977083, -16.411447177158948], [13.088443208977083, -16.4134479940667], [13.090529017014148, -16.41344799380971], [13.092614824358009, -16.417449565273614], [13.092614824358009, -16.421451054136696], [13.094700632379613, -16.42145105385009], [13.094700632379613, -16.425452460336544], [13.096786439739162, -16.42545246063804], [13.096786439739162, -16.431454415491885], [13.098872247745135, -16.433455026152956], [13.098872247745135, -16.43545561610307], [13.100958055120145, -16.439456734105875], [13.1030438631106, -16.439456734183125], [13.1030438631106, -16.441457262308575], [13.105129670501071, -16.445458257094856], [13.107215478476292, -16.44745872299967], [13.111387093841813, -16.451459593700633], [13.111387093841813, -16.453459998116443], [13.113472901263151, -16.455460381888315], [13.115558709207278, -16.455460381906164], [13.1197303245728, -16.459461087598584], [13.13015936278714, -16.459461087595457], [13.136416786034829, -16.461461409496735], [13.151017439692282, -16.465461990974575], [13.218855123337732, -16.47146270946041], [13.218855123337732, -16.466104128998836], [13.219974037906184, -16.46503110084484], [13.219974037794259, -16.462885026899983], [13.221092952228275, -16.460738929277966], [13.222211866662235, -16.45966587155999], [13.22333078071307, -16.45751973834797], [13.224449695281578, -16.456446662689416], [13.224449695281578, -16.455373581094364], [13.233401010930777, -16.447861844597185], [13.233401010930777, -16.44678871552236], [13.23451992543636, -16.44678871591384], [13.23451992543636, -16.445715581034563], [13.23451992543636, -16.44464244022231], [13.23451992543636, -16.442496140799733], [13.23451992543636, -16.439276647176428], [13.235638839870376, -16.439276647176428], [13.235638839870376, -16.43820347077275], [13.247946898523878, -16.431764288207262], [13.256898214116461, -16.429617846068652], [13.268087358060825, -16.42425163830717], [13.270325187197727, -16.42425163830717], [13.270325187197727, -16.42317837877647], [13.271444101766235, -16.42317837877647], [13.272563016192578, -16.422105113230714], [13.272563016192578, -16.421031841977594], [13.273681930626537, -16.421031841977594], [13.274800845060554, -16.421031841977594], [13.274800845060554, -16.419958564799344]]]}}, {"type": "Feature", "properties": {"zoneId": "BFA-sahel-oudalan"}, "geometry": {"type": "Polygon", "coordinates": [[[0.226101990000075, 14.428568750000068], [0.19201, 14.46064], [0.17677, 14.49241], [0.16625, 14.53344], [0.17759, 14.58268], [0.21245, 14.66826], [0.23124, 14.72168], [0.2361, 14.74948], [0.20165, 14.84035], [0.20829, 14.86592], [0.23574, 14.88607], [0.229, 14.97808], [0.22935, 14.98967], [0.20056, 14.98886], [0.18288, 14.98389], [0.16424, 14.98075], [0.14888, 14.98176], [0.14181, 14.9801], [0.12125, 14.98038], [0.09458, 14.97808], [0.06221, 14.97779], [-0.00921, 14.98518], [-0.03674, 14.99755], [-0.13543, 15.03634], [-0.1487, 15.03919], [-0.16366, 15.04616], [-0.16795, 15.0498], [-0.17954, 15.05152], [-0.23175, 15.07144], [-0.25379, 15.07695], [-0.2698, 15.07152], [-0.30174, 15.05329], [-0.31703, 15.04624], [-0.37642, 15.01142], [-0.38867, 15.00761], [-0.39766, 15.0089], [-0.40362, 15.01343], [-0.41563, 15.03052], [-0.41998, 15.0392], [-0.44206, 15.06811], [-0.45567, 15.08082], [-0.46208, 15.08259], [-0.50697, 15.08188], [-0.53011, 15.08002], [-0.70149, 15.08152], [-0.7192, 15.0804], [-0.73917, 15.07075], [-0.76306, 15.05394], [-0.78746, 15.03941], [-0.82375, 15.01326], [-0.83961, 14.99792], [-0.84309, 14.99237], [-0.85617, 14.98142], [-0.88415, 14.95274], [-1.01049, 14.85474], [-1.046730684999943, 14.823805483000058], [-1.038852763999955, 14.803770169000074], [-1.027836443999945, 14.801313966000066], [-1.023874230999979, 14.802942901000051], [-1.013707050999926, 14.801554086000067], [-1.006477142999927, 14.79790382300007], [-1.005139946999975, 14.792795197000032], [-1.000062699999944, 14.791126750000046], [-1.000062100999969, 14.79454962400007], [-0.992848174999949, 14.79224567600005], [-0.982243490999963, 14.783016468000028], [-0.976081238999939, 14.775524863000044], [-0.973837936999928, 14.770073824000065], [-0.96315231799997, 14.76375319400006], [-0.957997291999959, 14.762885291000032], [-0.956984506999959, 14.76096046400005], [-0.958154073999935, 14.756036535000021], [-0.955808739999952, 14.751632794000045], [-0.937841025999944, 14.749665759000038], [-0.935676758999932, 14.745805705000066], [-0.930514162999941, 14.74481970200003], [-0.926657140999964, 14.746185876000027], [-0.919760206999968, 14.744018310000058], [-0.918666702999928, 14.742815593000046], [-0.918738909999945, 14.736192163000055], [-0.921394421999935, 14.728353882000022], [-0.919725254999946, 14.72226604900004], [-0.925314070999946, 14.710513886000058], [-0.929155066999954, 14.697977753000032], [-0.924131060999969, 14.697182758000054], [-0.922905641999932, 14.69915088600004], [-0.913865691999945, 14.701880213000038], [-0.902059850999933, 14.69578221300003], [-0.898505444999955, 14.688882005000039], [-0.893239229999949, 14.684342927000046], [-0.880325452999955, 14.67875807400003], [-0.865974364999943, 14.675020940000024], [-0.850443426999959, 14.661946243000045], [-0.843610274999946, 14.661214226000027], [-0.844907497999941, 14.657638721000069], [-0.843714421999948, 14.649621212000056], [-0.840959143999953, 14.642872411000042], [-0.836426235999966, 14.637607153000033], [-0.83290509699998, 14.62004342800003], [-0.826557572999945, 14.613477982000063], [-0.82723946599998, 14.606408711000029], [-0.826022593999937, 14.599936229000036], [-0.821934179999971, 14.594873775000053], [-0.815063309999971, 14.589731022000024], [-0.81245189699996, 14.577950075000047], [-0.807444554999961, 14.572065563000024], [-0.794316113999969, 14.56378213000005], [-0.794826459999967, 14.560036829000069], [-0.789925996999955, 14.549092668000071], [-0.78013507199995, 14.543975784000054], [-0.774775885999929, 14.538186833000054], [-0.773721683999952, 14.533233942000038], [-0.768228943999929, 14.52970269900004], [-0.764894099999935, 14.52558650900005], [-0.765599628999951, 14.515364153000064], [-0.764079305999928, 14.512521304000074], [-0.764191121999943, 14.507850607000023], [-0.766779249999956, 14.49854074700005], [-0.765827782999963, 14.486133873000028], [-0.763992895999934, 14.486007981000057], [-0.760937840999929, 14.481795082000076], [-0.756177384999944, 14.481198466000023], [-0.747333178999952, 14.474526451000031], [-0.744283523999968, 14.46982549200004], [-0.736683475999939, 14.471306694000077], [-0.715526883999928, 14.468237687000055], [-0.707341994999979, 14.469784528000048], [-0.704208899999969, 14.46788351300006], [-0.695502929999975, 14.434518960000048], [-0.685071248999975, 14.407778862000043], [-0.682592652999972, 14.391065213000047], [-0.678191376999962, 14.389124479000031], [-0.668819209999924, 14.381207192000034], [-0.662220156999979, 14.372277919000055], [-0.653080960999944, 14.370579084000042], [-0.649040286999934, 14.36790054100004], [-0.641367277999962, 14.367824204000044], [-0.63908141099995, 14.370159728000033], [-0.636093118999952, 14.369660043000067], [-0.630898085999945, 14.364855348000049], [-0.623879842999941, 14.253212960000042], [-0.626547928999969, 14.225707764000049], [-0.620099668999956, 14.200217207000037], [-0.608442908999962, 14.182318862000045], [-0.600575506999974, 14.176692329000048], [-0.58527145499994, 14.171225712000023], [-0.570393573999979, 14.171906622000051], [-0.485751709999931, 14.173111690000042], [-0.424002132999931, 14.175843837000059], [-0.416929093999954, 14.174159552000049], [-0.408973027999934, 14.168716243000063], [-0.400568514999975, 14.165291566000064], [-0.384822959999951, 14.162663014000032], [-0.347821065999938, 14.163349743000026], [-0.330493028999967, 14.180574849000038], [-0.317004714999939, 14.176566690000072], [-0.30708345599993, 14.175506830000074], [-0.299443702999952, 14.183496976000072], [-0.29904189399997, 14.191622778000067], [-0.294558101999939, 14.194968795000023], [-0.286820960999933, 14.199379932000056], [-0.276194650999969, 14.201481425000054], [-0.257634254999971, 14.212741778000066], [-0.253026609999949, 14.21323086800004], [-0.23246087299998, 14.208793147000051], [-0.209799872999952, 14.200147021000078], [-0.182277721999981, 14.19547956100007], [-0.171376681999959, 14.195107046000032], [-0.166386365999927, 14.192907224000066], [-0.166212990999952, 14.191216036000071], [-0.15613794099994, 14.192189489000043], [-0.149007518999952, 14.196060963000036], [-0.135689026999955, 14.195811556000024], [-0.131187545999978, 14.198937082000043], [-0.121811066999953, 14.199556074000043], [-0.117778925999971, 14.201422403000038], [-0.107574328999931, 14.200910813000064], [-0.095262865999928, 14.207364217000077], [-0.092859534999945, 14.20562790200006], [-0.081398139999976, 14.207114063000063], [-0.077948077999963, 14.209763507000048], [-0.069267889999935, 14.20949465700005], [-0.056086195999967, 14.202974131000076], [-0.048897187999955, 14.193392914000071], [-0.043053948999955, 14.193564637000065], [-0.040563812999949, 14.18644379500006], [-0.034197064999944, 14.182047763000071], [-0.034086627999955, 14.177729157000044], [-0.028081511999972, 14.177573434000067], [-0.02251952599994, 14.175381884000046], [-0.01875802099994, 14.175660244000028], [-0.01798492599994, 14.177447943000061], [-0.015132131999962, 14.178306550000059], [-0.012232971999936, 14.177051119000055], [-0.00239845599998, 14.177992847000041], [-0.001009618999944, 14.188449900000023], [0.004109250000056, 14.198729134000075], [0.005385235000062, 14.219513947000053], [0.00665715100007, 14.221102171000041], [0.011697534000064, 14.222519835000071], [0.018645205000041, 14.227741491000074], [0.034156266000025, 14.227692749000028], [0.033820496000033, 14.238204992000021], [0.03616280600005, 14.24127971400003], [0.03706302300003, 14.247279726000045], [0.03909403900002, 14.249091717000056], [0.040757184000029, 14.254883274000065], [0.067247196000039, 14.259947784000076], [0.074949398000058, 14.26857698200007], [0.083400142000073, 14.281982525000046], [0.103352263000033, 14.303067377000048], [0.108632129000057, 14.317353853000043], [0.111639387000025, 14.318225421000022], [0.117415969000035, 14.316860489000021], [0.129741080000031, 14.318482963000065], [0.14007437600003, 14.327986534000047], [0.137564399000041, 14.336576164000064], [0.146921270000064, 14.341852342000038], [0.151706005000051, 14.35319189300003], [0.162335354000049, 14.361247453000033], [0.166998840000019, 14.399569369000062], [0.17053278100002, 14.410045538000077], [0.192805803000056, 14.407865817000072], [0.197896611000033, 14.411262150000027], [0.202912336000054, 14.411906349000049], [0.226101990000075, 14.428568750000068]]]}}, {"type": "Feature", "properties": {"zoneId": "BFA-sahel-soum"}, "geometry": {"type": "Polygon", "coordinates": [[[-1.757808786999931, 13.762581982000029], [-1.752819913999929, 13.770196424000062], [-1.748392687999967, 13.78354557700004], [-1.739222893999965, 13.787693750000074], [-1.739638946999946, 13.789449827000055], [-1.694054721999976, 13.859702924000032], [-1.681666906999965, 13.882509501000072], [-1.676304565999942, 13.888257507000048], [-1.663570417999949, 13.883722094000063], [-1.623002253999971, 13.878027333000034], [-1.548334648999969, 13.891693557000053], [-1.545369415999971, 13.889140128000065], [-1.502946961999953, 13.805127190000064], [-1.490773033999972, 13.789594118000025], [-1.473640943999953, 13.775919250000072], [-1.457173128999955, 13.771251364000022], [-1.437020428999972, 13.770138882000026], [-1.418824803999939, 13.770962831000077], [-1.358071951999932, 13.762546976000067], [-1.348317708999957, 13.759715650000032], [-1.31791633499995, 13.75034393900006], [-1.30842021899997, 13.74906767300007], [-1.250630273999946, 13.764175558000034], [-1.24382922999996, 13.764814126000033], [-1.227338953999947, 13.761604614000078], [-1.212367667999956, 13.770300387000077], [-1.201345040999968, 13.770373754000047], [-1.188691008999967, 13.76737044600003], [-1.177351342999941, 13.766626925000025], [-1.154240232999939, 13.768370969000046], [-1.138061231999927, 13.772777502000054], [-1.130034760999933, 13.779820998000048], [-1.121698427999945, 13.783924268000021], [-1.115468133999968, 13.780206957000075], [-1.106713088999925, 13.769682174000025], [-1.094270482999946, 13.769342121000022], [-1.088024870999959, 13.772167909000075], [-1.079224431999933, 13.780984110000077], [-1.066393540999968, 13.807537540000055], [-1.062995122999951, 13.811451443000067], [-1.045166422999955, 13.823565892000033], [-1.032418891999953, 13.82951950200004], [-1.021038948999944, 13.825695189000044], [-1.008074792999935, 13.828780645000052], [-0.998816393999959, 13.827828569000076], [-0.99411886799993, 13.828856662000021], [-0.988974216999964, 13.834562625000046], [-0.987162, 13.850635191000038], [-0.98426233899994, 13.854407238000022], [-0.98110037899994, 13.864973534000057], [-0.976411779999978, 13.867013487000065], [-0.956479646999981, 13.869098138000027], [-0.943295042999978, 13.865381571000057], [-0.928785063999953, 13.858905702000072], [-0.911279176999926, 13.85556665300004], [-0.893051262999961, 13.860579801000029], [-0.883220387999927, 13.864606933000061], [-0.877407270999925, 13.86921077200003], [-0.872158162999938, 13.869752572000039], [-0.864040323999973, 13.866419343000075], [-0.859309533999976, 13.868944549000048], [-0.854801098999928, 13.868398953000053], [-0.855777797999963, 13.872826711000073], [-0.848533753999959, 13.876061624000045], [-0.844191642999931, 13.882530097000028], [-0.846422078999979, 13.886390555000048], [-0.844845733999932, 13.888816676000033], [-0.836118982999949, 13.893276116000038], [-0.828660063999962, 13.90259936800004], [-0.825908387999959, 13.903071898000064], [-0.822185214999934, 13.906536008000046], [-0.80553008399994, 13.907055456000023], [-0.799911537999947, 13.909408646000031], [-0.788141677999931, 13.925360580000074], [-0.773326123999936, 13.924936427000034], [-0.768236856999977, 13.921229992000065], [-0.765884080999967, 13.916744308000034], [-0.760991387999979, 13.916672300000073], [-0.75689811999996, 13.92962030700005], [-0.754001271999925, 13.935503551000068], [-0.750151534999929, 13.939462173000038], [-0.74648878499994, 13.941298853000035], [-0.733694420999939, 13.942255371000044], [-0.726922534999972, 13.94226449200005], [-0.716569683999978, 13.939537963000078], [-0.711398548999966, 13.94046531500004], [-0.702659806999975, 13.94480173200003], [-0.698529841999971, 13.94893746300005], [-0.700097424999967, 13.969039977000023], [-0.699377350999953, 13.980057421000026], [-0.692142489999981, 13.985573128000055], [-0.685027795999929, 13.995689133000042], [-0.672237305999943, 13.998738348000074], [-0.617850898999961, 13.99765880700005], [-0.613990181999952, 13.999680996000052], [-0.615638234999949, 14.000474291000046], [-0.608067091999942, 14.001601444000073], [-0.60132661199998, 14.010055488000035], [-0.596057268999971, 14.012253129000044], [-0.59326161599995, 14.015920942000037], [-0.58521064699994, 14.015985349000061], [-0.578613063999967, 14.02304851200006], [-0.563859168999954, 14.031312461000027], [-0.564647713999932, 14.046888499000033], [-0.569470734999925, 14.059893940000052], [-0.566671216999964, 14.06469971000007], [-0.561735968999926, 14.066664801000059], [-0.561033084999963, 14.071853065000028], [-0.556107859999941, 14.078950210000073], [-0.556214900999976, 14.082809404000045], [-0.552269899999942, 14.090819882000062], [-0.550644671999976, 14.100868736000052], [-0.551186838999968, 14.109042196000075], [-0.558121878999941, 14.12625276600005], [-0.569584243999941, 14.165302567000026], [-0.570393573999979, 14.171906622000051], [-0.58527145499994, 14.171225712000023], [-0.600575506999974, 14.176692329000048], [-0.608442908999962, 14.182318862000045], [-0.620099668999956, 14.200217207000037], [-0.626547928999969, 14.225707764000049], [-0.623879842999941, 14.253212960000042], [-0.630898085999945, 14.364855348000049], [-0.636093118999952, 14.369660043000067], [-0.63908141099995, 14.370159728000033], [-0.641367277999962, 14.367824204000044], [-0.649040286999934, 14.36790054100004], [-0.653080960999944, 14.370579084000042], [-0.662220156999979, 14.372277919000055], [-0.668819209999924, 14.381207192000034], [-0.678191376999962, 14.389124479000031], [-0.682592652999972, 14.391065213000047], [-0.685071248999975, 14.407778862000043], [-0.695502929999975, 14.434518960000048], [-0.704208899999969, 14.46788351300006], [-0.707341994999979, 14.469784528000048], [-0.715526883999928, 14.468237687000055], [-0.736683475999939, 14.471306694000077], [-0.744283523999968, 14.46982549200004], [-0.747333178999952, 14.474526451000031], [-0.756177384999944, 14.481198466000023], [-0.760937840999929, 14.481795082000076], [-0.763992895999934, 14.486007981000057], [-0.765827782999963, 14.486133873000028], [-0.766779249999956, 14.49854074700005], [-0.764191121999943, 14.507850607000023], [-0.764079305999928, 14.512521304000074], [-0.765599628999951, 14.515364153000064], [-0.764894099999935, 14.52558650900005], [-0.768228943999929, 14.52970269900004], [-0.773721683999952, 14.533233942000038], [-0.774775885999929, 14.538186833000054], [-0.78013507199995, 14.543975784000054], [-0.789925996999955, 14.549092668000071], [-0.794826459999967, 14.560036829000069], [-0.794316113999969, 14.56378213000005], [-0.807444554999961, 14.572065563000024], [-0.81245189699996, 14.577950075000047], [-0.815063309999971, 14.589731022000024], [-0.821934179999971, 14.594873775000053], [-0.826022593999937, 14.599936229000036], [-0.82723946599998, 14.606408711000029], [-0.826557572999945, 14.613477982000063], [-0.83290509699998, 14.62004342800003], [-0.836426235999966, 14.637607153000033], [-0.840959143999953, 14.642872411000042], [-0.843714421999948, 14.649621212000056], [-0.844907497999941, 14.657638721000069], [-0.843610274999946, 14.661214226000027], [-0.850443426999959, 14.661946243000045], [-0.865974364999943, 14.675020940000024], [-0.880325452999955, 14.67875807400003], [-0.893239229999949, 14.684342927000046], [-0.898505444999955, 14.688882005000039], [-0.902059850999933, 14.69578221300003], [-0.913865691999945, 14.701880213000038], [-0.922905641999932, 14.69915088600004], [-0.924131060999969, 14.697182758000054], [-0.929155066999954, 14.697977753000032], [-0.925314070999946, 14.710513886000058], [-0.919725254999946, 14.72226604900004], [-0.921394421999935, 14.728353882000022], [-0.918738909999945, 14.736192163000055], [-0.918666702999928, 14.742815593000046], [-0.919760206999968, 14.744018310000058], [-0.926657140999964, 14.746185876000027], [-0.930514162999941, 14.74481970200003], [-0.935676758999932, 14.745805705000066], [-0.937841025999944, 14.749665759000038], [-0.955808739999952, 14.751632794000045], [-0.958154073999935, 14.756036535000021], [-0.956984506999959, 14.76096046400005], [-0.957997291999959, 14.762885291000032], [-0.96315231799997, 14.76375319400006], [-0.973837936999928, 14.770073824000065], [-0.976081238999939, 14.775524863000044], [-0.982243490999963, 14.783016468000028], [-0.992848174999949, 14.79224567600005], [-1.000062100999969, 14.79454962400007], [-1.000062699999944, 14.791126750000046], [-1.005139946999975, 14.792795197000032], [-1.006477142999927, 14.79790382300007], [-1.013707050999926, 14.801554086000067], [-1.023874230999979, 14.802942901000051], [-1.027836443999945, 14.801313966000066], [-1.038852763999955, 14.803770169000074], [-1.046730684999943, 14.823805483000058], [-1.08786, 14.79012], [-1.15213, 14.77206], [-1.31495, 14.73359], [-1.67491, 14.50689], [-1.75768, 14.48229], [-1.82153, 14.48637], [-1.86053, 14.48558], [-1.88701, 14.48627], [-1.90192, 14.48821], [-1.97537, 14.48088], [-1.99367, 14.19576], [-2.10581874899998, 14.150280506000058], [-2.102099664999969, 14.145912416000044], [-2.098150394999948, 14.146693286000072], [-2.090331735999939, 14.141690909000033], [-2.088677539999935, 14.138321155000028], [-2.089043431999926, 14.13484151700004], [-2.088242073999936, 14.136004848000027], [-2.00001657599995, 14.058721431000038], [-1.972275973999956, 14.036027456000056], [-1.910963753999965, 14.007098376000044], [-1.870774296999969, 14.00287306100006], [-1.86818563199995, 14.000230008000074], [-1.867356546999929, 13.984250372000076], [-1.87613762999996, 13.977528359000075], [-1.877027743999975, 13.973418722000076], [-1.886282225999935, 13.964356791000057], [-1.892293396999946, 13.950062882000054], [-1.892390048999971, 13.94532569100005], [-1.89026240499993, 13.939249300000029], [-1.893992132999927, 13.931554048000066], [-1.895611480999946, 13.923840122000058], [-1.885316322999927, 13.88585598700007], [-1.88231090499994, 13.881565721000072], [-1.821388551999974, 13.824157521000075], [-1.792761563999932, 13.794408722000071], [-1.757808786999931, 13.762581982000029]]]}}, {"type": "Feature", "properties": {"zoneId": "COD-ituri-djugu"}, "geometry": {"type": "Polygon", "coordinates": [[[30.281692943000053, 1.488696039000047], [30.28911696700004, 1.478894112000035], [30.295802878000075, 1.454110980000053], [30.288997447000042, 1.433709115000056], [30.29192928200007, 1.41680414800004], [30.29802155400006, 1.411191232000022], [30.332534494000072, 1.409729600000048], [30.341008013000078, 1.413794089000021], [30.34122365500008, 1.440379790000065], [30.351263680000045, 1.448479238000061], [30.384279467000056, 1.451844348000066], [30.403435012000045, 1.44870497200003], [30.421811878000028, 1.447715086000073], [30.434725041000036, 1.437283071000024], [30.44098074200008, 1.429536010000049], [30.450206795000042, 1.421822075000023], [30.45986376600007, 1.416641058000039], [30.46151246200003, 1.412291639000046], [30.468873459000065, 1.412878935000037], [30.507451187000072, 1.386935503000075], [30.52516010100004, 1.37825250100002], [30.556945330000076, 1.368655462000049], [30.576016467000045, 1.359515389000023], [30.581465364000053, 1.354945339000039], [30.594633530000067, 1.348547255000028], [30.600011765000033, 1.348378100000048], [30.62082493300005, 1.390836616000058], [30.63249767600007, 1.411027607000051], [30.657957108000062, 1.444999594000024], [30.700956132000044, 1.495999571000027], [30.812953486000026, 1.582999523000069], [30.818953340000064, 1.584999522000032], [30.84595268000004, 1.608999509000057], [30.95195000600006, 1.692999459000021], [30.998948777000066, 1.727999437000051], [31.025948060000076, 1.749999424000066], [31.034947819000024, 1.75899941800003], [31.022665352000047, 1.774734874000046], [31.006028465000043, 1.78462717900004], [30.99619757800008, 1.796041310000021], [30.99392891100007, 1.805933498000059], [30.979560692000064, 1.830283267000027], [30.965192471000023, 1.848545373000036], [30.946286918000055, 1.878220891000069], [30.928893810000034, 1.899526076000029], [30.920993948000046, 1.906131438000045], [30.916328134000025, 1.914819639000029], [30.913908288000073, 1.928361283000072], [30.915828360000035, 1.942177159000039], [30.923658360000047, 1.959503140000038], [30.939708240000073, 1.97829299700004], [30.954469320000044, 1.988792095000065], [30.960811440000043, 1.995065078000039], [30.964853392000066, 2.002694227000063], [30.950769600000058, 2.027587623000045], [30.932713800000045, 2.048304845000075], [30.913047720000066, 2.065557822000073], [30.907375200000047, 2.073994580000033], [30.918317503000026, 2.119367905000047], [30.919205758000032, 2.129494120000061], [30.911889126000062, 2.140923074000057], [30.901792243000045, 2.148685829000044], [30.894563197000025, 2.150232606000031], [30.886840826000025, 2.147771302000024], [30.883802778000074, 2.128852385000073], [30.874868406000076, 2.125443481000048], [30.871198126000024, 2.119425307000029], [30.870756682000035, 2.111990001000038], [30.862420797000027, 2.113511112000026], [30.84891923200007, 2.126335594000068], [30.843334279000032, 2.129061853000053], [30.833360327000037, 2.128833659000065], [30.82834784100004, 2.130431156000043], [30.822101850000024, 2.139996316000065], [30.812040411000055, 2.145475508000061], [30.780297611000037, 2.155024555000068], [30.770849868000028, 2.156520293000028], [30.766418759000032, 2.15641751000004], [30.745562820000032, 2.142801458000065], [30.73792622900004, 2.134629993000033], [30.73021279200003, 2.131596361000049], [30.716386611000075, 2.129564567000045], [30.699207469000044, 2.14042463100003], [30.681852480000032, 2.137711044000071], [30.664013400000044, 2.137062119000063], [30.658550400000024, 2.134475061000046], [30.64751892000004, 2.138257668000051], [30.63912804000006, 2.143204653000055], [30.63346344000007, 2.148978126000031], [30.60957528000006, 2.154517441000053], [30.577155480000044, 2.172046402000035], [30.55485888000004, 2.180099493000057], [30.54754152000004, 2.18735541500007], [30.539705040000058, 2.192314845000055], [30.532510080000065, 2.191578055000036], [30.51262455500006, 2.173613247000048], [30.51135252000006, 2.164171029000045], [30.506185440000024, 2.155147087000046], [30.497789520000026, 2.14861701500007], [30.491392320000045, 2.147858050000025], [30.482908200000054, 2.149605073000032], [30.474857520000057, 2.153657080000073], [30.46982040000006, 2.15406213600005], [30.465488520000065, 2.152636065000024], [30.44935188000005, 2.155965483000045], [30.446566560000065, 2.193024260000072], [30.435492600000032, 2.192197960000044], [30.411268200000052, 2.181359665000059], [30.404082240000037, 2.180051767000066], [30.397925520000058, 2.183907740000052], [30.39572525500006, 2.193267881000054], [30.395208247000028, 2.198781077000035], [30.396772440000063, 2.202248061000034], [30.39995052000006, 2.204582144000028], [30.41021520000004, 2.207453996000027], [30.43009224000008, 2.210201034000022], [30.434417280000048, 2.212318086000039], [30.440296440000054, 2.218821044000038], [30.44229732000008, 2.22436207800007], [30.439693440000042, 2.232382106000045], [30.431371504000026, 2.240340862000039], [30.424947495000026, 2.241881020000051], [30.413374200000078, 2.25417311700005], [30.395698200000027, 2.280656032000024], [30.38669022600004, 2.288377132000051], [30.359961720000058, 2.273838196000042], [30.350585160000037, 2.270766755000068], [30.34389168000007, 2.273467931000027], [30.314008543000057, 2.280447105000064], [30.315889436000077, 2.29679618900002], [30.31521822700006, 2.316566991000059], [30.302220960000056, 2.315909690000069], [30.296784600000024, 2.308931568000048], [30.28632588000005, 2.30412201200005], [30.27471552000003, 2.302141241000072], [30.269034, 2.31114752000002], [30.273214309000025, 2.328060987000072], [30.27108024000006, 2.334937137000054], [30.262785480000048, 2.340134123000041], [30.256412400000045, 2.357772107000073], [30.252289320000045, 2.37911512300002], [30.24792534200003, 2.380446066000047], [30.238088400000038, 2.380106984000065], [30.234869280000055, 2.381451073000051], [30.222120240000038, 2.396258119000038], [30.207433320000064, 2.399774064000042], [30.20030244000003, 2.403144140000052], [30.19612752000006, 2.40815701300005], [30.192844320000063, 2.415249156000073], [30.189394440000058, 2.416821], [30.185280302000024, 2.416314925000052], [30.180994200000043, 2.410746995000068], [30.17800944000004, 2.390934034000054], [30.172622491000027, 2.381214256000021], [30.16888632000007, 2.388072100000045], [30.165905520000024, 2.388498157000072], [30.16137737400004, 2.384078044000034], [30.15655344000004, 2.38563315600004], [30.152216520000025, 2.38466507000004], [30.143860200000063, 2.37468109200006], [30.13613532000005, 2.369534117000057], [30.125604252000073, 2.369876090000048], [30.121460280000065, 2.372129036000047], [30.114603360000046, 2.371361006000029], [30.106653442000038, 2.365982085000041], [30.098171464000075, 2.36726601700002], [30.079248480000047, 2.360842095000066], [30.072159360000057, 2.360301138000068], [30.066642513000033, 2.362538916000062], [30.060854280000058, 2.368452029000025], [30.057188379000024, 2.368871053000021], [30.05356032000003, 2.365839997000023], [30.046991400000024, 2.339317093000034], [30.042991440000037, 2.32869204800005], [30.03332148000004, 2.313633056000072], [30.030447240000058, 2.304631115000063], [30.027256451000028, 2.282976203000032], [30.013824251000074, 2.276844044000029], [29.999999139000067, 2.274871289000032], [29.99782540800004, 2.279365086000041], [29.994842193000068, 2.274772111000061], [29.98934932000003, 2.273403066000071], [29.98751691700005, 2.271336009000038], [29.988648002000048, 2.265351170000031], [29.985660403000054, 2.259145974000035], [29.98427008500005, 2.250864959000069], [29.982438013000035, 2.248799117000033], [29.97511527200004, 2.246974472000034], [29.97123453900008, 2.251353420000044], [29.96940496600007, 2.250668056000052], [29.969625302000054, 2.246755951000068], [29.966647850000072, 2.244691673000034], [29.96436318900004, 2.24561704000007], [29.96391318800005, 2.248609114000033], [29.95706923700004, 2.257367025000065], [29.950920127000074, 2.269804208000039], [29.946800250000024, 2.267513025000028], [29.944955251000067, 2.260614984000028], [29.93670442000007, 2.251658990000067], [29.929840943000045, 2.249833368000054], [29.925699233000046, 2.237876953000068], [29.924760354000057, 2.226604965000035], [29.92132127700006, 2.222241051000026], [29.92039643800007, 2.217411033000076], [29.921529356000065, 2.212115985000025], [29.917400161000046, 2.205453071000022], [29.915781243000026, 2.196713036000062], [29.91645444200003, 2.190039065000065], [29.914388405000068, 2.186592117000032], [29.91049729200006, 2.184760650000044], [29.903873048000037, 2.188454573000058], [29.89837939100005, 2.185936128000037], [29.889693168000065, 2.186643810000021], [29.883970137000063, 2.184355504000052], [29.879172356000026, 2.185975261000067], [29.875033251000048, 2.175631230000022], [29.87343629000003, 2.175864005000051], [29.870603249000055, 2.183695876000058], [29.851430723000078, 2.148301324000045], [29.86149202100006, 2.149888940000039], [29.865609065000058, 2.149420992000046], [29.86903241400006, 2.14665311400006], [29.872903490000056, 2.139052990000039], [29.86989929300006, 2.122954069000059], [29.871266355000046, 2.11973084400006], [29.876985408000053, 2.121787663000021], [29.879728362000037, 2.12086210700005], [29.88383343600003, 2.11487203400003], [29.89045589500006, 2.110487448000072], [29.899147191000054, 2.112308767000059], [29.90348617500007, 2.109538982000061], [29.903694809000058, 2.09941595500004], [29.89911434000004, 2.095974105000039], [29.896814303000042, 2.088847066000028], [29.901812118000066, 2.072962003000043], [29.89768292100007, 2.066068722000068], [29.897205262000057, 2.056177002000027], [29.895148266000035, 2.055721547000076], [29.88602439400006, 2.067242952000072], [29.882139279000057, 2.06840199200002], [29.878719282000077, 2.073470058000055], [29.875291365000066, 2.074628013000051], [29.868673156000057, 2.080392753000069], [29.85266165400003, 2.076745378000055], [29.848090417000037, 2.078594862000045], [29.839860636000026, 2.078151135000041], [29.833694492000063, 2.08299501800002], [29.820438959000057, 2.085782047000066], [29.808788278000065, 2.091557038000076], [29.801258527000073, 2.099164061000067], [29.79486241400008, 2.102627959000074], [29.786424382000064, 2.114607995000028], [29.783701345000054, 2.125196961000029], [29.77547859500004, 2.131195097000045], [29.771618319000027, 2.144546956000056], [29.76500152600005, 2.15261298300004], [29.747650624000073, 2.16783106400004], [29.741253431000075, 2.171524076000026], [29.73462439800005, 2.173148062000053], [29.717046696000068, 2.189516957000023], [29.702649834000056, 2.195065087000046], [29.695561329000043, 2.194848146000027], [29.690305650000028, 2.197618750000061], [29.68687440700006, 2.196705115000043], [29.680690394000067, 2.192115644000069], [29.674520611000048, 2.194886533000044], [29.670631163000053, 2.193053338000027], [29.663315416000046, 2.194216802000028], [29.655989300000044, 2.189398176000054], [29.623022475000027, 2.187180238000053], [29.62391406900008, 2.15578589200004], [29.650336242000037, 2.125535926000055], [29.65202788000005, 2.113407566000035], [29.66460698700007, 2.10108531000003], [29.670066742000074, 2.089355165000029], [29.669659582000065, 2.080986576000043], [29.671759689000055, 2.076761726000029], [29.682221613000024, 2.08122785200004], [29.69060292200004, 2.076425734000054], [29.706707504000065, 2.033087], [29.70898666200003, 2.029402122000022], [29.71469553600008, 2.025019991000022], [29.71650849400004, 2.016274065000061], [29.721983942000065, 2.009592160000068], [29.717928692000044, 1.998227654000061], [29.708299062000037, 1.997002998000028], [29.716689573000053, 1.985685108000041], [29.72507504500004, 1.978090150000071], [29.728447162000066, 1.961742633000028], [29.838699562000045, 1.872289584000043], [29.886903149000034, 1.837458052000045], [29.899474696000027, 1.830718640000043], [29.94599708100003, 1.800104721000025], [29.989217191000023, 1.779003990000035], [29.986916637000036, 1.771418658000073], [29.98917939100005, 1.760601993000023], [29.99999809700006, 1.759053082000037], [29.999998876000063, 1.745089829000051], [30.02066566600007, 1.742679702000032], [30.03820806400006, 1.729867968000065], [30.03814290400004, 1.721812871000054], [29.99795763800006, 1.68619749000004], [29.990875734000042, 1.664418265000052], [30.000758791000067, 1.653183829000056], [30.03687894400008, 1.660589747000074], [30.059129770000027, 1.660685950000072], [30.06905170600004, 1.654284952000069], [30.080887757000028, 1.639769042000069], [30.090830932000074, 1.650227074000043], [30.096396880000043, 1.663854012000058], [30.122817934000068, 1.693809014000067], [30.127291843000023, 1.702824455000041], [30.144533600000045, 1.690053724000052], [30.15984040400008, 1.685287168000059], [30.169053529000053, 1.686132296000039], [30.178293277000023, 1.690199829000051], [30.20247942900005, 1.706887874000074], [30.202771805000054, 1.701145083000029], [30.205078841000045, 1.699331683000025], [30.209635916000025, 1.700762077000036], [30.21371646800003, 1.70402540300006], [30.22364467600005, 1.700867437000056], [30.24664969500003, 1.699355949000051], [30.25796948900006, 1.693025053000042], [30.26157014200004, 1.677431188000071], [30.270969394000076, 1.670463261000066], [30.279402581000056, 1.669694496000034], [30.303206680000073, 1.67221369400005], [30.313136137000072, 1.666618181000047], [30.31846723900003, 1.661808342000029], [30.32142328900005, 1.64812732200005], [30.32978498600005, 1.638497293000057], [30.337261445000024, 1.614363910000066], [30.317168821000053, 1.596555413000033], [30.299465843000064, 1.586457450000069], [30.296302557000047, 1.577937639000027], [30.29846039000006, 1.560225032000062], [30.296086916000036, 1.551353628000072], [30.279059261000043, 1.532750304000047], [30.275898865000045, 1.521460673000036], [30.281692943000053, 1.488696039000047]], [[30.235247704000074, 1.803622448000056], [30.225650967000036, 1.806148009000026], [30.22255048200003, 1.80897069100007], [30.22018820900007, 1.815507410000066], [30.221074061000024, 1.825015323000059], [30.222845767000024, 1.827986536000026], [30.22875145100005, 1.831997665000074], [30.242482168000038, 1.833334706000073], [30.243616076000023, 1.83293537000003], [30.244501080000077, 1.824768067000036], [30.250431263000053, 1.817778924000038], [30.25092597400004, 1.809946098000069], [30.248240210000063, 1.806742258000043], [30.240562820000036, 1.803473885000074], [30.235247704000074, 1.803622448000056]]]}}, {"type": "Feature", "properties": {"zoneId": "COD-ituri-mambasa"}, "geometry": {"type": "Polygon", "coordinates": [[[28.017941638000025, 0.636186918000021], [28.022734481000043, 0.633430151000027], [28.02752730800006, 0.632972080000059], [28.042819708000025, 0.639638955000066], [28.044416046000038, 0.642397103000064], [28.043730752000045, 0.646533052000052], [28.04509895700005, 0.650899940000045], [28.050347551000073, 0.653199111000049], [28.061759546000076, 0.663312083000051], [28.06814859600007, 0.664232170000048], [28.06951704100004, 0.676412986000059], [28.07385184000003, 0.67894093700005], [28.09598482100006, 0.673435371000039], [28.140710031000026, 0.682807168000068], [28.159100824000063, 0.685223008000037], [28.182888260000027, 0.684473866000076], [28.248502260000066, 0.688020597000047], [28.25914519400004, 0.690977984000028], [28.269956637000064, 0.690430359000061], [28.314313109000068, 0.696999188000063], [28.337744762000057, 0.697827821000033], [28.34342706500007, 0.695022756000071], [28.351645450000035, 0.686287137000022], [28.358036772000048, 0.686975131000054], [28.375383715000055, 0.67777899400005], [28.374696836000055, 0.674791107000033], [28.376979593000044, 0.670423983000035], [28.37811944300006, 0.661921380000024], [28.384739745000047, 0.663988090000032], [28.390901531000054, 0.663526982000064], [28.392727776000072, 0.657781071000045], [28.397976630000073, 0.657549967000023], [28.402770033000024, 0.652723126000069], [28.410072628000023, 0.652490954000029], [28.418287750000047, 0.645135062000065], [28.423308379000048, 0.635481949000052], [28.434263634000047, 0.635018844000058], [28.442479056000025, 0.628352153000037], [28.44635783600006, 0.62972959800004], [28.447956760000068, 0.626513011000043], [28.44704056000006, 0.621225985000024], [28.45274547400004, 0.615708989000041], [28.45890650700005, 0.606745029000024], [28.477161727000066, 0.593181015000027], [28.47693240800004, 0.587206040000069], [28.482179402000043, 0.586056029000019], [28.487884675000032, 0.577781019000042], [28.498380464000036, 0.572722110000029], [28.504997616000026, 0.566745130000072], [28.49997562200008, 0.559622995000041], [28.50111466100003, 0.555487004000042], [28.498375424000074, 0.551811126000075], [28.49951554300003, 0.548364133000064], [28.497688545000074, 0.544688070000063], [28.498373623000077, 0.541930075000039], [28.502479419000053, 0.53963111500002], [28.50704283400006, 0.53388528000005], [28.512291568000023, 0.535491146000027], [28.516628484000023, 0.54008510400007], [28.520509639000068, 0.541232061000073], [28.523248516000024, 0.544908126000053], [28.526216567000063, 0.544676879000065], [28.52895426200007, 0.54214814900007], [28.531692666000026, 0.54214706700003], [28.53329138600003, 0.543984008000052], [28.540365585000075, 0.543292121000036], [28.543790030000025, 0.544899073000067], [28.554742387000033, 0.544204958000023], [28.55565460100007, 0.540298131000043], [28.55428156200003, 0.532486057000028], [28.558845637000047, 0.528808002000062], [28.55359252200003, 0.521457113000054], [28.554963188000045, 0.519618274000038], [28.568428465000068, 0.522599027000069], [28.573906579000038, 0.526733058000048], [28.57801633500003, 0.52742008000007], [28.591942449000044, 0.540280854000059], [28.604950769000027, 0.538206324000043], [28.60837329900005, 0.540732114000036], [28.610885377000045, 0.545326068000065], [28.61568057100004, 0.546933140000021], [28.627318007000042, 0.543939146000071], [28.631654473000026, 0.544856039000024], [28.63599246700005, 0.548071085000061], [28.63873350500006, 0.554273005000027], [28.646495455000036, 0.558634999000049], [28.64741129500004, 0.564379136000071], [28.65357847100006, 0.572418071000072], [28.65739231300006, 0.572417084000051], [28.660369111000023, 0.58136464200004], [28.674284542000066, 0.571554433000074], [28.689864964000037, 0.570718009000075], [28.709966260000044, 0.57147765600007], [28.72051712600006, 0.573525011000072], [28.753546466000046, 0.573504855000067], [28.76272887300007, 0.575567138000054], [28.803434741000046, 0.576518544000066], [28.813482328000077, 0.579133604000049], [28.840619453000045, 0.579767813000046], [28.86021422700003, 0.583330492000073], [28.900915414000053, 0.587634792000074], [28.932081650000043, 0.582050537000043], [28.97181011400005, 0.562902190000045], [28.991413168000065, 0.560317940000061], [29.005480507000073, 0.563420156000063], [29.017011290000028, 0.583890629000052], [29.046151808000047, 0.589518496000039], [29.062144785000044, 0.608160143000021], [29.06762685700005, 0.612291048000031], [29.070597932000055, 0.617114006000065], [29.072663970000065, 0.628831035000076], [29.075633965000065, 0.631356139000047], [29.08499467100006, 0.633184138000047], [29.098921610000048, 0.639144104000025], [29.101664807000077, 0.642358012000045], [29.103960806000032, 0.653615573000025], [29.11011869200007, 0.650162232000071], [29.117652743000065, 0.651762011000073], [29.122448655000028, 0.654743966000069], [29.127932886000053, 0.661173022000071], [29.13432694200003, 0.662084108000045], [29.157040116000076, 0.676086138000073], [29.162873818000037, 0.676758822000068], [29.164921750000076, 0.671011140000076], [29.164916709000067, 0.665495099000054], [29.162401140000043, 0.66182051100003], [29.165135589000045, 0.658371112000054], [29.173350776000063, 0.656063011000072], [29.17517057300006, 0.64962601700006], [29.17699413400004, 0.648245701000064], [29.18179514900004, 0.65490300600004], [29.18726259500005, 0.645475138000052], [29.194565543000067, 0.644546992000073], [29.197276698000053, 0.64057200600007], [29.203688648000025, 0.63856000100003], [29.20459476700006, 0.633503132000044], [29.214858711000034, 0.625907096000049], [29.218735544000026, 0.625213057000053], [29.221242580000023, 0.621533081000052], [29.222150956000064, 0.616936216000056], [29.253604008000025, 0.618775665000044], [29.26371135200003, 0.603625352000051], [29.27664505000007, 0.596138128000064], [29.28270924000003, 0.588574119000043], [29.290493867000066, 0.586652927000046], [29.291939265000053, 0.58988236600004], [29.290148987000066, 0.600707347000025], [29.28634091400005, 0.603878206000047], [29.281829042000027, 0.612664470000027], [29.280742563000047, 0.617874007000069], [29.28554639600003, 0.626362520000043], [29.287138673000072, 0.634413617000064], [29.295004300000073, 0.646149890000061], [29.29625421800006, 0.660623705000035], [29.30435240500003, 0.675575604000073], [29.30858347800006, 0.679639591000068], [29.325408409000033, 0.686890061000042], [29.32974136200005, 0.684355975000074], [29.326075488000072, 0.673789971000076], [29.33656047000005, 0.662744013000065], [29.336327551000068, 0.659527054000023], [29.339518226000052, 0.656075084000065], [29.33883026600006, 0.652629059000049], [29.331286479000028, 0.644596012000022], [29.33196723800006, 0.640688969000053], [29.328303525000024, 0.632421073000046], [29.32807024500005, 0.628285138000024], [29.330119361000072, 0.625293976000023], [29.333999419000065, 0.624140193000073], [29.339250125000035, 0.625051887000041], [29.34746233100003, 0.622742017000064], [29.359096713000042, 0.616291192000062], [29.36617172600006, 0.616740778000064], [29.367081218000067, 0.615360071000055], [29.364338382000028, 0.612606977000041], [29.365021300000024, 0.610997040000029], [29.381259433000025, 0.596320154000068], [29.392181814000025, 0.602932390000035], [29.407047628000043, 0.603640129000041], [29.43371386000007, 0.608513379000044], [29.456879099000048, 0.615393773000051], [29.47391858900005, 0.625300284000048], [29.469513996000046, 0.648716074000049], [29.43190594400005, 0.651330737000023], [29.41133522100006, 0.665796788000023], [29.39427413100003, 0.671448716000043], [29.389447620000055, 0.683689517000062], [29.376749002000054, 0.697042789000022], [29.36285590500006, 0.693099024000048], [29.35013352800007, 0.704203303000043], [29.34700513300004, 0.709791566000035], [29.347620732000053, 0.713413444000025], [29.361229069000046, 0.723606845000063], [29.370090094000034, 0.74700196200007], [29.37055593200006, 0.753433593000068], [29.364341984000077, 0.763807299000064], [29.365720422000038, 0.775872136000032], [29.36954505500006, 0.787562810000054], [29.36909289700003, 0.80362387200006], [29.370599854000034, 0.813280193000026], [29.36972469500006, 0.822106779000023], [29.37750716200003, 0.827816712000072], [29.382665169000063, 0.825627107000059], [29.37926011600007, 0.838963082000021], [29.371505686000035, 0.844721022000044], [29.36968876800006, 0.852539062000062], [29.37175192600006, 0.858742014000029], [29.36764973000004, 0.863115071000038], [29.369711808000034, 0.868399099000044], [29.368345969000075, 0.870929109000031], [29.36150201600003, 0.875996150000049], [29.358541738000042, 0.881976140000063], [29.352154515000052, 0.88474397300007], [29.343268031000036, 0.898778016000051], [29.336881996000045, 0.904764097000054], [29.329580634000024, 0.908681909000052], [29.321362505000025, 0.908922976000042], [29.313606936000042, 0.914680023000074], [29.312018401000046, 0.921578957000065], [29.314082255000073, 0.928472031000069], [29.312715936000075, 0.932611119000057], [29.30861194000005, 0.935835070000053], [29.298796424000045, 0.938836970000068], [29.29788682900005, 0.941826133000063], [29.29949386800007, 0.948490986000024], [29.297444030000065, 0.953321123000023], [29.290825796000036, 0.955859001000022], [29.289916076000054, 0.957468983000069], [29.293802835000065, 0.961601138000049], [29.297000248000074, 0.962516975000028], [29.310262900000055, 0.978360124000062], [29.31164781900003, 0.98893305200005], [29.313020858000073, 0.991000022000037], [29.31576171000006, 0.991685735000033], [29.32511856800005, 0.987305113000048], [29.336992877000057, 0.987748012000054], [29.34841782700005, 0.993019055000048], [29.350018026000043, 0.995086024000045], [29.35186590400008, 1.011635057000035], [29.35758308100003, 1.016224976000046], [29.358514739000043, 1.030477107000024], [29.36034785700008, 1.036221118000071], [29.36537825700003, 1.039432163000072], [29.37177280700007, 1.040573043000052], [29.37428933900003, 1.04355720600006], [29.373169966000034, 1.059652065000023], [29.376373964000038, 1.065625057000034], [29.37775888300007, 1.07596811600007], [29.37525631500006, 1.081949057000031], [29.376411764000068, 1.092293088000019], [29.37231727900007, 1.104714099000034], [29.373924886000054, 1.11160910500007], [29.38832550400008, 1.120324206000021], [29.395185748000074, 1.126982071000043], [29.399079286000074, 1.134333069000036], [29.397490264000055, 1.141003085000023], [29.398637785000062, 1.145828982000069], [29.413968125000054, 1.165349047000063], [29.41237285300008, 1.167650986000069], [29.405521700000065, 1.168351048000034], [29.40529722100007, 1.171110045000034], [29.41262269300006, 1.183285110000043], [29.424274543000024, 1.186026754000068], [29.433859089000066, 1.180724442000042], [29.441631827000037, 1.184621076000042], [29.44392070600003, 1.18783611200007], [29.43388571400004, 1.198887970000044], [29.43594640300006, 1.201414099000033], [29.441198288000066, 1.201405945000033], [29.445078824000063, 1.198410997000053], [29.44940261000005, 1.18782853700003], [29.46037161000004, 1.191949051000051], [29.464265728000044, 1.199761009000042], [29.473873758000025, 1.209632015000068], [29.472285261000025, 1.216303092000032], [29.47321387900007, 1.226647969000055], [29.475047182000026, 1.230324133000067], [29.48103694300005, 1.265952425000023], [29.47899531400003, 1.274235992000058], [29.480603363000057, 1.279521956000053], [29.495916898000075, 1.28593607800002], [29.505064851000043, 1.293509006000022], [29.512149644000033, 1.296486962000074], [29.518331558000057, 1.304755017000048], [29.52954158800003, 1.315314109000042], [29.527958670000032, 1.325664142000051], [29.53185727300007, 1.336465188000034], [29.528213550000032, 1.344060067000044], [29.528448629000025, 1.346819038000035], [29.545147574000055, 1.361277999000038], [29.56000584000003, 1.367233020000072], [29.584584816000074, 1.367963297000074], [29.58748461400006, 1.407429107000041], [29.620454239000026, 1.449685979000037], [29.633032565000065, 1.45702200300002], [29.65519154900005, 1.456293087000063], [29.664529578000042, 1.438798029000054], [29.66703889200005, 1.436264153000025], [29.673888184000077, 1.433262282000044], [29.68051289300007, 1.433939958000053], [29.683482398000024, 1.432095123000067], [29.69536180500006, 1.432303005000051], [29.724840623000034, 1.436617018000049], [29.724168559000077, 1.443748009000046], [29.727846675000023, 1.455468965000023], [29.73541242700003, 1.470173], [29.743690619000063, 1.499825088000023], [29.746893535000027, 1.501657970000053], [29.747129335000068, 1.506487996000033], [29.75330332900006, 1.509006060000047], [29.754678527000067, 1.511072977000026], [29.753778528000055, 1.517974034000076], [29.75767397900006, 1.524636033000036], [29.75654044500004, 1.52900796800003], [29.760891401000038, 1.534749043000033], [29.768933291000053, 1.558192250000047], [29.768716786000027, 1.564632516000074], [29.778079956000056, 1.56254528300002], [29.78196811500004, 1.563687114000061], [29.78998549100004, 1.574711100000059], [29.804401316000053, 1.584802116000048], [29.81766800400004, 1.591215788000056], [29.83657880100003, 1.586557993000042], [29.85081642600005, 1.586304503000065], [29.890534986000034, 1.577497177000055], [29.901968408000073, 1.58207298700006], [29.904047406000075, 1.592188107000027], [29.916668272000038, 1.61838208000006], [29.917362352000055, 1.623210032000031], [29.920570309000027, 1.627572978000046], [29.922186346000046, 1.634929989000057], [29.93067117700008, 1.64963203800005], [29.93433419200005, 1.652844144000028], [29.942790699000057, 1.653286072000071], [29.948053397000024, 1.656955097000036], [29.985403355000074, 1.704026098000043], [29.992054347000078, 1.714822106000042], [29.993669305000026, 1.721949092000045], [29.99999809700006, 1.723804111000049], [29.997341300000073, 1.72884095400002], [29.997823340000025, 1.741261051000038], [29.999998876000063, 1.745089829000051], [29.99999809700006, 1.759053082000037], [29.98917939100005, 1.760601993000023], [29.986916637000036, 1.771418658000073], [29.989217191000023, 1.779003990000035], [29.94599708100003, 1.800104721000025], [29.899474696000027, 1.830718640000043], [29.886903149000034, 1.837458052000045], [29.838699562000045, 1.872289584000043], [29.728447162000066, 1.961742633000028], [29.72507504500004, 1.978090150000071], [29.716689573000053, 1.985685108000041], [29.708299062000037, 1.997002998000028], [29.717928692000044, 1.998227654000061], [29.721983942000065, 2.009592160000068], [29.71650849400004, 2.016274065000061], [29.71469553600008, 2.025019991000022], [29.70898666200003, 2.029402122000022], [29.706707504000065, 2.033087], [29.69060292200004, 2.076425734000054], [29.682221613000024, 2.08122785200004], [29.671759689000055, 2.076761726000029], [29.669659582000065, 2.080986576000043], [29.670066742000074, 2.089355165000029], [29.66460698700007, 2.10108531000003], [29.65202788000005, 2.113407566000035], [29.650336242000037, 2.125535926000055], [29.62391406900008, 2.15578589200004], [29.623022475000027, 2.187180238000053], [29.61332064000004, 2.189354173000027], [29.609971920000078, 2.200712717000044], [29.610081, 2.210636512000065], [29.621235600000034, 2.214126627000041], [29.605935600000066, 2.275872493000065], [29.60741088000003, 2.28366262000003], [29.625427080000065, 2.279321750000065], [29.645480160000034, 2.270717771000022], [29.65947624000006, 2.279864720000035], [29.665104120000024, 2.28621681900006], [29.66041260000003, 2.301834193000047], [29.64318516000003, 2.314677189000065], [29.641210200000046, 2.324610458000052], [29.64755628000006, 2.333085350000033], [29.63936448000004, 2.363838065000039], [29.639152440000032, 2.373503027000027], [29.642372280000075, 2.38431212100005], [29.64742128000006, 2.393967032000035], [29.648576520000063, 2.401789088000044], [29.648151360000043, 2.419968106000056], [29.649990212000034, 2.425257241000054], [29.639921040000047, 2.459995862000028], [29.63381688000004, 2.473491892000027], [29.631572307000056, 2.491332230000069], [29.621511360000056, 2.49365203800005], [29.61373320000007, 2.493435065000028], [29.600685360000057, 2.488395147000062], [29.587188240000046, 2.488188076000029], [29.581470360000026, 2.488888155000041], [29.574388440000064, 2.49488311500005], [29.570957280000073, 2.495118994000052], [29.563862400000062, 2.492140065000058], [29.548992240000075, 2.492855088000056], [29.52793152000004, 2.482764064000037], [29.50710840000005, 2.479577134000067], [29.49382944000007, 2.472004024000057], [29.47918320000008, 2.467424989000051], [29.477806257000054, 2.46535693900006], [29.47940028000005, 2.460061046000021], [29.452947480000034, 2.452401932000043], [29.443908274000023, 2.436185089000048], [29.43155340000004, 2.43367306500005], [29.426067360000047, 2.436443067000027], [29.421491400000036, 2.435299089000068], [29.41667539100007, 2.427022133000037], [29.410265200000026, 2.423580168000058], [29.38922352000003, 2.424992080000038], [29.38304124000007, 2.420859098000051], [29.367941400000063, 2.417660134000073], [29.35398636000008, 2.416989007000041], [29.348495280000066, 2.415387090000024], [29.343466440000043, 2.417234084000029], [29.33362422400006, 2.414027002000068], [29.327905440000052, 2.413805159000049], [29.323564200000078, 2.417952029000048], [29.317848480000066, 2.419801], [29.315101320000053, 2.417964994000044], [29.310299280000038, 2.417971117000036], [29.301614280000024, 2.424426118000042], [29.298425400000042, 2.434325096000066], [29.284023240000067, 2.441938036000067], [29.272360320000075, 2.443565130000025], [29.268726480000055, 2.466120060000037], [29.26301544000006, 2.473031109000033], [29.255949360000045, 2.492370003000076], [29.23539948000007, 2.524153112000022], [29.22924555800006, 2.543720945000075], [29.208637519000035, 2.537932216000058], [29.202986244000044, 2.529455208000059], [29.205297081000026, 2.48692023600006], [29.20425920100007, 2.455740160000062], [29.199271045000046, 2.444424391000041], [29.190848852000045, 2.436669030000076], [29.17517461600005, 2.401307527000029], [29.166260511000075, 2.411981727000068], [29.147861645000035, 2.444674866000071], [29.13477133500004, 2.454661384000076], [29.12715260600004, 2.456824519000065], [29.119487546000073, 2.454735931000073], [29.11035444500004, 2.445566747000044], [29.09375183700007, 2.452025911000021], [29.086710651000033, 2.443555385000025], [29.095546351000053, 2.425793610000028], [29.082386334000034, 2.429401074000054], [29.072051093000027, 2.437247743000057], [29.065783146000058, 2.435860882000043], [29.05299883600003, 2.427000021000026], [29.03992256500004, 2.421811470000023], [29.04389588300006, 2.404072757000051], [29.042467403000046, 2.400535754000032], [29.031668964000062, 2.394835620000038], [29.027791293000064, 2.406345099000021], [29.023219297000026, 2.40957110100004], [29.019110260000048, 2.418779975000064], [29.01568173100003, 2.419242943000029], [29.011788225000032, 2.414644994000071], [29.00515199000006, 2.413731129000041], [28.99874433000008, 2.407755067000039], [28.99027982800004, 2.406613201000027], [28.982514125000023, 2.420427087000064], [28.97451133100003, 2.423886066000023], [28.969712152000056, 2.429181108000023], [28.967419756000027, 2.423202049000054], [28.968786975000057, 2.416758135000066], [28.972214172000065, 2.413763002000053], [28.974038291000056, 2.40570800200004], [28.97814624800003, 2.397189983000032], [28.986375401000032, 2.389128164000056], [28.987504081000054, 2.372790079000026], [28.99824611400004, 2.364955972000075], [29.000527072000068, 2.357130102000042], [28.997087994000026, 2.347929994000026], [29.000514112000076, 2.343554028000028], [28.99387427700003, 2.335968088000072], [28.98814524000005, 2.32400805900005], [28.979886426000064, 2.294104025000024], [28.97691000800006, 2.291115019000074], [28.97759112700004, 2.285592071000053], [28.96878040300004, 2.270472165000058], [28.92234376500005, 2.280622156000049], [28.857141329000058, 2.290154972000039], [28.841920179000056, 2.295899770000062], [28.819033472000058, 2.299555378000036], [28.807284242000037, 2.305283531000043], [28.798971133000066, 2.307450506000066], [28.781829875000028, 2.301865108000072], [28.77451132400006, 2.302330115000075], [28.768568092000066, 2.307856960000038], [28.765367655000034, 2.309008853000023], [28.75301420900007, 2.303726385000061], [28.745700199000055, 2.312935012000025], [28.735870412000054, 2.319613994000065], [28.723293467000076, 2.325375059000066], [28.715294277000055, 2.333664099000032], [28.709349796000026, 2.336198649000039], [28.709347382000033, 2.330676006000033], [28.71300246000004, 2.321930074000022], [28.719172497000045, 2.315484133000041], [28.723056174000078, 2.307198045000064], [28.73791467700005, 2.294302138000035], [28.741339828000037, 2.283946006000065], [28.747742439000035, 2.283481073000075], [28.750714237000068, 2.28140896900004], [28.752993395000033, 2.26760110400005], [28.75916415100005, 2.262304979000021], [28.769894305000037, 2.232386051000049], [28.77697838000006, 2.226629111000022], [28.77743233900003, 2.220646128000055], [28.77971725900005, 2.216962964000061], [28.772622382000065, 2.206154028000071], [28.77650568200005, 2.20108996700003], [28.774901181000075, 2.194648025000049], [28.76483016000003, 2.181771631000061], [28.75120887500003, 2.197100805000048], [28.738789604000033, 2.204959074000044], [28.728376737000076, 2.205718674000025], [28.718651650000027, 2.204121221000037], [28.714310339000065, 2.211024967000071], [28.69716360900003, 2.218630093000058], [28.69556576900004, 2.224842040000055], [28.690077313000074, 2.225996075000069], [28.68116353100004, 2.231524132000061], [28.671328524000046, 2.232220003000066], [28.65280833500003, 2.239133128000049], [28.646407519000036, 2.243508802000065], [28.63954429000006, 2.240522168000041], [28.636115506000067, 2.241444098000045], [28.62812135000007, 2.262845975000062], [28.625149201000056, 2.265608986000075], [28.619660595000028, 2.264692234000051], [28.614173359000063, 2.269755975000066], [28.60937092300003, 2.269069172000059], [28.60457578300003, 2.284717145000059], [28.601374760000056, 2.288400139000032], [28.60114976600005, 2.296453965000069], [28.59657744900005, 2.300828033000073], [28.590178452000032, 2.312566036000021], [28.58789749400006, 2.326373100000069], [28.58058059500007, 2.333969780000075], [28.460642963000055, 2.277556138000023], [28.440367414000036, 2.265958856000054], [28.42537234100007, 2.260715493000021], [28.40999099000004, 2.251929687000029], [28.399566393000043, 2.25162606300006], [28.37886864500007, 2.296384748000037], [28.349123209000027, 2.321158197000045], [28.322131614000057, 2.335203209000042], [28.31389694300003, 2.336125285000037], [28.316793794000034, 2.314446473000032], [28.309763779000036, 2.133651017000034], [28.307447479000075, 2.106629663000035], [28.308729077000066, 2.08799405600007], [28.29855368400007, 1.874111486000061], [28.288949973000058, 1.854270805000056], [28.25169900900005, 1.84143752500006], [28.23119882900005, 1.828306017000045], [28.19062470500006, 1.795984831000055], [28.188127387000065, 1.784859450000056], [28.191907744000048, 1.776414758000044], [28.190704624000034, 1.73780668400002], [28.19953577600006, 1.71018949300003], [28.215476201000058, 1.689892132000068], [28.21213292400006, 1.68436624800006], [28.209203454000033, 1.683022412000071], [28.180300611000064, 1.690053001000024], [28.15390364700005, 1.701693289000048], [28.112430982000035, 1.714067446000058], [28.021099821000064, 1.746876665000059], [28.006856439000046, 1.751319135000074], [27.98172537100004, 1.755722500000047], [27.962671964000037, 1.755828963000056], [27.941297999000028, 1.748529893000068], [27.939698539000062, 1.743918757000074], [27.941308079000066, 1.738400093000052], [27.93993792400005, 1.732419785000047], [27.946107952000034, 1.726210030000061], [27.942457252000054, 1.720460099000036], [27.93822360300004, 1.721125079000046], [27.92016278400007, 1.761240076000036], [27.910092156000076, 1.776312609000058], [27.900855166000042, 1.794162113000027], [27.892490337000027, 1.78686500200007], [27.885801611000034, 1.778606603000071], [27.878264234000028, 1.778740798000058], [27.867358766000052, 1.791966344000059], [27.847210310000037, 1.827695696000035], [27.828783608000037, 1.82895450500007], [27.782721782000067, 1.828843735000021], [27.763427243000024, 1.852456989000075], [27.750021939000078, 1.856418770000062], [27.73913320500003, 1.857543322000026], [27.716536934000032, 1.845845535000024], [27.693966397000054, 1.815531093000061], [27.682251157000053, 1.80829340400004], [27.650418322000064, 1.814444834000028], [27.627796665000062, 1.821363191000046], [27.606007327000043, 1.831989716000066], [27.585049147000063, 1.847255354000026], [27.578353235000066, 1.844582399000046], [27.566651085000046, 1.828036526000062], [27.55580285700006, 1.799374782000029], [27.55332605800004, 1.773355872000025], [27.560047611000073, 1.757412118000047], [27.59613073500003, 1.705573257000026], [27.643100248000053, 1.654470006000054], [27.636916533000033, 1.583366390000037], [27.641539136000063, 1.571647721000033], [27.64572428400004, 1.572969446000059], [27.656176513000048, 1.584885353000061], [27.66579984300006, 1.590764825000065], [27.677105271000073, 1.591028932000029], [27.693850377000047, 1.594454492000068], [27.70139209100006, 1.591527566000025], [27.707250740000063, 1.594215849000022], [27.71560547200005, 1.608961519000047], [27.739898296000035, 1.604805698000064], [27.756219266000073, 1.611962016000064], [27.76125032300007, 1.607683546000032], [27.806561311000053, 1.544505141000059], [27.81119450500006, 1.524873086000071], [27.803611474000036, 1.504436028000043], [27.79972851900004, 1.502133982000032], [27.799047759000075, 1.494773977000023], [27.796764642000028, 1.489944106000053], [27.79128472700006, 1.48419210000003], [27.77529174500006, 1.483264031000033], [27.75655772600004, 1.477964964000023], [27.750848491000056, 1.473591977000069], [27.749481573000025, 1.468992141000058], [27.750625651000064, 1.464393016000031], [27.767992982000067, 1.459802986000057], [27.773483467000062, 1.446697126000061], [27.773485338000057, 1.443248183000037], [27.75057957100006, 1.449613809000027], [27.715818369000033, 1.45349118300004], [27.691524875000027, 1.458113033000075], [27.673929533000035, 1.464012309000054], [27.663446704000023, 1.47443951300005], [27.650460726000063, 1.477929055000061], [27.635808092000048, 1.475397135000037], [27.61825101900007, 1.453366515000027], [27.60778212100007, 1.453552985000044], [27.583902264000074, 1.461891297000022], [27.58095314700006, 1.474977332000037], [27.586365022000052, 1.49815508000006], [27.587182941000037, 1.512570194000034], [27.580816708000043, 1.529828099000042], [27.574182995000058, 1.538793102000056], [27.551548910000065, 1.554645010000058], [27.542406905000064, 1.555787027000065], [27.531662595000057, 1.562449008000044], [27.52457702600003, 1.564512916000069], [27.512465528000064, 1.565192937000063], [27.504692822000038, 1.570246012000041], [27.488702156000045, 1.56785239200002], [27.47363725100007, 1.560673322000071], [27.44698965400005, 1.554600167000046], [27.44964867300007, 1.546970015000056], [27.449198672000023, 1.535240005000048], [27.45606854600004, 1.524439964000067], [27.462478323000028, 1.509030934000066], [27.47825856600008, 1.492949920000058], [27.480318483000076, 1.487660065000057], [27.47826864600006, 1.476619974000073], [27.484008480000057, 1.446269933000053], [27.49201847200004, 1.436389973000075], [27.494308430000046, 1.426040067000031], [27.500258504000044, 1.418919985000059], [27.50619849800006, 1.416160018000028], [27.51624860800007, 1.415249938000045], [27.521288604000063, 1.41020007700007], [27.533868432000077, 1.389510072000064], [27.54392550700004, 1.38100259700002], [27.557178409000073, 1.373659922000058], [27.56884851700005, 1.359639960000038], [27.571136800000033, 1.353194462000033], [27.570698555000035, 1.343320052000024], [27.57229839400003, 1.339869891000035], [27.575939851000044, 1.33918043500006], [27.581650353000043, 1.340789871000027], [27.595818449000035, 1.339430105000019], [27.599247046000073, 1.34103940500006], [27.607668360000048, 1.357830025000055], [27.61270852100006, 1.362429822000024], [27.616358391000063, 1.361750077000067], [27.62069854600003, 1.358530035000058], [27.623448584000073, 1.348639971000068], [27.628028499000038, 1.34312995800002], [27.63350858800004, 1.341060005000031], [27.645618264000063, 1.341069920000052], [27.650638490000063, 1.344760043000065], [27.66388865700003, 1.34384035000005], [27.67667848900004, 1.350520003000042], [27.682388354000068, 1.350979985000038], [27.700208425000028, 1.348689881000041], [27.71141065300003, 1.335588685000062], [27.715068488000043, 1.333520017000069], [27.726718435000066, 1.331459967000058], [27.733348189000026, 1.325030069000036], [27.739978301000065, 1.322029985000029], [27.750708451000037, 1.320429939000064], [27.755509420000067, 1.313309159000028], [27.765108637000026, 1.30779995000006], [27.770368215000076, 1.307340014000033], [27.773788955000043, 1.308720275000042], [27.782608099000072, 1.301479413000038], [27.777190460000043, 1.282489630000043], [27.76508222500007, 1.256636096000022], [27.76803026300007, 1.244479907000027], [27.783545178000054, 1.228841094000074], [27.778531100000066, 1.221016428000041], [27.755512707000037, 1.211650186000043], [27.75637346800005, 1.194875596000031], [27.770914038000058, 1.149609004000069], [27.739411713000038, 1.12154313800005], [27.737821068000073, 1.109127025000021], [27.74079680400007, 1.098782963000076], [27.73897271800007, 1.093033633000061], [27.740815524000027, 1.068436038000073], [27.746752806000075, 1.067289217000052], [27.753144879000047, 1.073729981000042], [27.757025787000032, 1.073502060000067], [27.769362623000063, 1.065692100000035], [27.773019979000026, 1.05833743300002], [27.78283695500005, 1.065239009000038], [27.786946816000068, 1.065011115000061], [27.795626773000038, 1.06087708900003], [27.802935699000045, 1.059961177000048], [27.808413608000023, 1.062263027000029], [27.82439952900006, 1.063418991000049], [27.828053761000035, 1.061582042000055], [27.831254879000028, 1.053537066000047], [27.83536859800006, 1.04986002000004], [27.844275715000038, 1.045956093000029], [27.84747467300008, 1.041818978000038], [27.852956008000035, 1.038833046000036], [27.860720868000044, 1.039526065000075], [27.86094766800005, 1.042974084000036], [27.863457588000074, 1.04573408300007], [27.875102966000043, 1.050795950000065], [27.89542669100007, 1.048964977000026], [27.90479183700006, 1.043220323000071], [27.910271609000063, 1.045981142000073], [27.917123952000054, 1.047132969000074], [27.926714068000024, 1.046446069000069], [27.933337879000078, 1.042770094000048], [27.936080857000036, 1.037023906000059], [27.928721602000053, 1.016759562000061], [27.922457244000043, 1.004300871000055], [27.877730861000032, 0.94643570900007], [27.886115817000075, 0.931491321000067], [27.892506835000063, 0.934021772000051], [27.907125092000058, 0.92506217600004], [27.912375807000046, 0.925524008000025], [27.916711646000067, 0.931732061000048], [27.919678822000037, 0.932651885000041], [27.92264660400008, 0.931044020000058], [27.924704723000048, 0.926447044000042], [27.92927276100005, 0.922540988000037], [27.94571284400007, 0.92024714300004], [27.950736464000045, 0.921168152000064], [27.957583510000063, 0.927146980000032], [27.965344746000028, 0.93151707100003], [27.974248674000023, 0.940254006000032], [27.982011407000073, 0.940715945000022], [27.98497904800007, 0.938648016000059], [27.98795079200005, 0.93083295200006], [27.992972433000034, 0.930374088000065], [28.000735142000053, 0.93313455200007], [27.98707181700007, 0.910966965000057], [27.954498310000076, 0.846365481000021], [27.936150918000067, 0.789890322000076], [27.938696477000065, 0.765634178000028], [27.946239193000054, 0.761774995000053], [27.943733235000025, 0.757163580000054], [27.934531998000068, 0.74894671200002], [28.010879327000055, 0.649810395000031], [28.017941638000025, 0.636186918000021]]]}}, {"type": "Feature", "properties": {"zoneId": "COD-nord-kivu-masisi"}, "geometry": {"type": "Polygon", "coordinates": [[[29.153130231000034, -1.610430841999971], [29.160592665000024, -1.599348877999944], [29.16788985900007, -1.582766445999937], [29.16768933900005, -1.578818321999961], [29.156365548000053, -1.564626706999945], [29.156051628000057, -1.532347580999954], [29.186908284000026, -1.500547218999941], [29.21806625800008, -1.474668876999942], [29.223621054000034, -1.466612045999966], [29.218180019000044, -1.437764180999977], [29.21130660600005, -1.393798164999964], [29.14121579400006, -1.365320917999952], [29.13641614000005, -1.36465712599994], [29.127011657000025, -1.358500835999962], [29.109326683000063, -1.342044881999925], [29.09582490400004, -1.338208944999963], [29.08871563400004, -1.333878935999962], [29.07716073000006, -1.310264927999924], [29.060186938000072, -1.298084863999975], [29.052227344000073, -1.288837645999934], [29.040597855000044, -1.279085322999947], [29.03621815500003, -1.272559972999943], [29.035781127000064, -1.26382209999997], [29.039191034000055, -1.260816854999973], [29.04276691000007, -1.246546868999928], [29.052937262000057, -1.226957], [29.05155414400008, -1.224665856999934], [29.044449189000034, -1.220335833999968], [29.043743950000078, -1.216891991999944], [29.040068529000052, -1.213234020999948], [29.036134995000054, -1.204290903999947], [29.02832120000005, -1.195827916999974], [29.02715408100005, -1.191236925999931], [29.029641367000067, -1.186627800999929], [29.029385, -1.181571996999935], [29.03619403500005, -1.17372196599996], [29.035258459000033, -1.169589880999979], [29.041577503000042, -1.155766851999942], [29.034485760000052, -1.153736040999945], [29.03310091700007, -1.151214899999957], [29.038087993000033, -1.144522911999957], [29.037371654000026, -1.13878198499998], [29.040080232000037, -1.133021962999976], [29.040055031000065, -1.128654854999979], [29.032195157000046, -1.11168893599995], [29.035800194000046, -1.10247783899996], [29.034179621000078, -1.098809065999944], [29.028245705000074, -1.099299863999931], [29.025723597000024, -1.09793396799995], [29.027993241000047, -1.095164947999933], [29.027717472000063, -1.086893486999941], [29.019513285000073, -1.08992255499993], [29.017445248000058, -1.087865913999963], [29.019253167000045, -1.08417899799997], [29.01602809600007, -1.079140695999968], [29.012846678000074, -1.082144771999936], [29.00919299900005, -1.082163872999956], [29.009406093000052, -1.079633958999977], [29.005496552000068, -1.074597876999974], [29.00776413400007, -1.071599842999944], [29.004519096000024, -1.063112856999965], [28.999030550000043, -1.061992858999929], [28.996272602000033, -1.058789968999974], [28.991006146000075, -1.056518879999942], [28.98892822700003, -1.052163011999937], [28.986178512000038, -1.050569536999944], [28.983233031000054, -1.055179970999973], [28.978442017000077, -1.055893862999937], [28.970214, -1.055017970999927], [28.963339397000027, -1.050917514999981], [28.96084294600007, -1.053686800999969], [28.954898171000025, -1.052338890999977], [28.948470016000044, -1.046397947999935], [28.94383769800004, -1.034471787999962], [28.929804028000035, -1.015928992999932], [28.920193116000064, -1.012302], [28.883766828000034, -0.991115971999932], [28.87006845800005, -0.992103905999954], [28.859320369000045, -0.989630055999953], [28.85156924200004, -0.991967011999975], [28.84312189900004, -0.992238904999965], [28.834649253000066, -0.988145908999968], [28.822952869000062, -0.979011944999968], [28.814273266000043, -0.978365891999943], [28.806016595000074, -0.971742881999944], [28.80143793600007, -0.970158074999972], [28.78454844500004, -0.972078992999968], [28.782048247000034, -0.974159850999968], [28.777075616000047, -0.984065747999978], [28.769812630000047, -0.992373851999957], [28.751621725000064, -1.007859746999941], [28.741795232000072, -1.006758875999935], [28.72188436500005, -0.998584011999981], [28.710696291000033, -0.999097959999972], [28.703868175000025, -1.003726911999934], [28.698662218000038, -1.012713949999977], [28.692750318000037, -1.017797592999955], [28.696992179000063, -1.043514871999946], [28.694297221000056, -1.05203092499994], [28.687508345000026, -1.064703866999935], [28.681819021000024, -1.068637955999975], [28.685034778000045, -1.072070000999929], [28.689843304000078, -1.074344860999929], [28.69329930200007, -1.080302868999979], [28.69636218000005, -1.098673993999967], [28.69912049800007, -1.102107889999957], [28.70805245400004, -1.106661002999942], [28.70989133200004, -1.10894990099996], [28.710139371000025, -1.112625973999968], [28.705872648000025, -1.126895901999944], [28.70840741300003, -1.131020862999947], [28.71575309700006, -1.137655293999956], [28.72008256600003, -1.146491390999927], [28.71848920700006, -1.164195908999943], [28.71292217000007, -1.17674186499994], [28.702802450000036, -1.181269731999976], [28.69601760000006, -1.177242095999929], [28.681927200000075, -1.177182811999955], [28.673501040000076, -1.182289364999974], [28.659463920000064, -1.191942937999954], [28.64604096000005, -1.210740215999976], [28.64327940000004, -1.221012468999959], [28.645599960000027, -1.233019927999976], [28.64957652000004, -1.238749835999954], [28.64923956000007, -1.279882851999957], [28.640917440000067, -1.303842747999965], [28.637066160000074, -1.320965466999951], [28.62420984000005, -1.340335501999959], [28.599136200000032, -1.392788644999939], [28.589063400000043, -1.405885711999929], [28.575054720000026, -1.420679978999942], [28.557723960000033, -1.446314271999938], [28.55613384000003, -1.464587983999934], [28.54409447000006, -1.483484783999927], [28.52901036000003, -1.483094867999966], [28.52168433500003, -1.480600213999935], [28.518591240000035, -1.504418210999972], [28.51879248000006, -1.540978917999951], [28.51448148000003, -1.576948767999966], [28.51803828000004, -1.621776875999956], [28.522175400000037, -1.626356017999967], [28.528454520000025, -1.64839995799997], [28.53350640000008, -1.653203875999964], [28.541750318000027, -1.65638488899998], [28.55050124400003, -1.669679913999971], [28.559684520000076, -1.677683941999931], [28.60689744000007, -1.703213991999974], [28.61241327500005, -1.709165793999944], [28.61014010300005, -1.711037500999964], [28.606948001000035, -1.709730856999954], [28.603674744000045, -1.71149119599994], [28.60691193200006, -1.714875759999927], [28.60677667300007, -1.718623272999935], [28.60489207100005, -1.719213073999924], [28.604846984000062, -1.720701187999964], [28.612836257000026, -1.71974843199996], [28.61611853100004, -1.723450564999951], [28.61831873700004, -1.721771902999933], [28.624639822000063, -1.72113673299998], [28.625271028000043, -1.72456664799995], [28.631204370000034, -1.728359510999951], [28.63609171300004, -1.725964019999935], [28.637083609000058, -1.728713389999939], [28.647633778000056, -1.728931161999981], [28.64579426100005, -1.731961814999977], [28.651132466000035, -1.73548244899996], [28.650465191000023, -1.737732747999928], [28.65262031000003, -1.737778116999948], [28.658770066000045, -1.744501774999947], [28.65891434200006, -1.750599320999925], [28.660753859000067, -1.751325218999966], [28.663044237000065, -1.750145634999967], [28.667768743000067, -1.752511418999973], [28.675098, -1.770023539999954], [28.66594505300003, -1.747348784999929], [28.665449142000057, -1.742916107999974], [28.667676550000067, -1.739758069999937], [28.684600126000078, -1.741858939999929], [28.69032645300007, -1.748571840999944], [28.699317432000043, -1.763243829999965], [28.71609687800003, -1.780178069999977], [28.720664217000035, -1.779466026999955], [28.749479294000025, -1.781854629999941], [28.755186081000033, -1.779527663999943], [28.76451313000007, -1.771433140999932], [28.790338500000075, -1.770386084999927], [28.80517678500007, -1.766404313999942], [28.81660944400005, -1.767496835999964], [28.825269699000046, -1.761474608999947], [28.831541220000076, -1.75304471499993], [28.832723618000045, -1.744651793999935], [28.835897445000057, -1.739807128999928], [28.852270126000064, -1.723630904999936], [28.862692163000077, -1.707025876999978], [28.882958183000028, -1.728749404999974], [28.903302448000034, -1.733132288999968], [28.91700553900006, -1.742238997999948], [28.93556820400005, -1.74486793799997], [28.969178533000047, -1.741662057999974], [28.97945579900005, -1.733009633999927], [28.983878033000053, -1.709836744999961], [28.999063102000036, -1.689749279999944], [29.011724472000026, -1.682815550999976], [29.018270614000073, -1.675341547999949], [29.018865479000056, -1.673568848999935], [29.016807245000052, -1.669916376999936], [29.017937489000076, -1.66726327799995], [29.025123461000078, -1.660267662999956], [29.02589678700008, -1.656056016999969], [29.02944218300007, -1.652760462999936], [29.028775934000066, -1.638947691999931], [29.03091744900007, -1.631035984999926], [29.032987580000054, -1.629477437999981], [29.03253548200007, -1.628156836999949], [29.02895439400004, -1.62825201499993], [29.026479755000025, -1.626015321999944], [29.02313661100004, -1.627371614999959], [29.02151857800004, -1.620542560999979], [29.025754018000043, -1.617829975999939], [29.033154142000058, -1.620780507999939], [29.031012627000052, -1.616985267999951], [29.031821644000047, -1.615819330999955], [29.03471268900006, -1.617342186999963], [29.032892402000073, -1.611809939999944], [29.03780598900005, -1.607824342999947], [29.03674712800006, -1.602220711999962], [29.040352012000028, -1.595736680999948], [29.04056616300005, -1.592334051999956], [29.046027026000047, -1.590549455999962], [29.04826372000008, -1.585159976999932], [29.050226775000056, -1.583672813999954], [29.05426030600006, -1.585414503999971], [29.057591202000026, -1.584040217999927], [29.06257590200005, -1.585950241999967], [29.06700156900007, -1.585228159999929], [29.069214402000057, -1.589397603999942], [29.07438544400003, -1.592518863999942], [29.07578302400003, -1.595733295999935], [29.079533194000078, -1.595570245999966], [29.081210290000058, -1.59864491899998], [29.08551949200006, -1.599530051999977], [29.08759256700006, -1.603117171999941], [29.087173293000035, -1.60994201699998], [29.092786903000047, -1.620237515999975], [29.096933054000033, -1.619911414999933], [29.099308939000025, -1.623754756999972], [29.10357155500003, -1.623801342999968], [29.11004700500007, -1.627551512999958], [29.11244618300003, -1.627388462999932], [29.115241341000058, -1.63027679299995], [29.11798991300003, -1.62990410499998], [29.11822284300007, -1.628227010999979], [29.126817954000046, -1.630300085999977], [29.131639602000064, -1.628646283999956], [29.131732774000056, -1.630672772999958], [29.13373597100008, -1.63074265299997], [29.135366480000073, -1.64120120299998], [29.14202827400004, -1.642598782999926], [29.144639451000046, -1.63882291699997], [29.142489478000073, -1.630786484999931], [29.14394423500005, -1.625911350999957], [29.153130231000034, -1.610430841999971]]]}}, {"type": "Feature", "properties": {"zoneId": "LBN-baalbek-el-hermel-baalbek"}, "geometry": {"type": "Polygon", "coordinates": [[[36.07338572700007, 33.82258001200006], [36.077196997000044, 33.820596902000034], [36.08095425600004, 33.818195736000064], [36.083844455000076, 33.81531424800005], [36.08904681300004, 33.81363333500008], [36.09771741000003, 33.81483399100006], [36.10465388700004, 33.81891609300004], [36.11043428500005, 33.81939632800004], [36.11274644400004, 33.82251778700004], [36.11303546400006, 33.82635942600007], [36.117370762000064, 33.82972071800003], [36.11419154300006, 33.83356203400007], [36.13818019400003, 33.832361641000034], [36.14078137300004, 33.833081879000076], [36.14338255200005, 33.84004386200007], [36.147139811000045, 33.844124761000046], [36.16332492500004, 33.84652519900004], [36.166504144000044, 33.84532498800007], [36.165637084000025, 33.84076403500006], [36.167949243000066, 33.835242555000036], [36.17459670100004, 33.831641398000045], [36.18153317800005, 33.831641398000045], [36.19251593400003, 33.82876036300007], [36.19569515300003, 33.829240542000036], [36.199741431000064, 33.83260172100006], [36.20725594900006, 33.83044097800007], [36.217082625000046, 33.83260172100006], [36.226620281000066, 33.83188148000005], [36.23847009700006, 33.83452233600008], [36.24136029600004, 33.846045117000074], [36.24714069400005, 33.85012572900007], [36.252054032000046, 33.85804636100005], [36.26650502600006, 33.85252599800003], [36.28008896100005, 33.85252599800003], [36.28326818000005, 33.84268446600004], [36.294828976000076, 33.83812337200004], [36.30147643300006, 33.832121561000065], [36.31043605000008, 33.83284180000004], [36.31997370600004, 33.831161232000056], [36.32430900500003, 33.83188148000005], [36.328355283000064, 33.83500248300004], [36.33656899400006, 33.83165171400003], [36.34807933800005, 33.82934376400004], [36.36276495000004, 33.83033289300005], [36.369512393000036, 33.832311117000074], [36.383007279000026, 33.82934376400004], [36.39015163100004, 33.82967347500005], [36.39491453200003, 33.83165171400003], [36.393326898000055, 33.84813525900006], [36.38737327200005, 33.85736465600007], [36.35323914800006, 33.87219552600004], [36.34212571200004, 33.874831855000025], [36.33180609300007, 33.874502318000054], [36.32307410800007, 33.88208134100006], [36.277826548000064, 33.90316725200006], [36.27941418200004, 33.906461454000066], [36.317120482000064, 33.958163744000046], [36.325058650000074, 33.96474776800005], [36.343316437000055, 33.97593944000005], [36.356414415000074, 33.97923082800003], [36.369512393000036, 33.990091505000066], [36.37387838600006, 34.00292506000005], [36.38618254700003, 34.01213769900005], [36.390945448000025, 34.02759952400004], [36.39412071500004, 34.02858635300004], [36.40761560100003, 34.02759952400004], [36.40444033400007, 34.03845401600006], [36.40523415100006, 34.042071871000076], [36.41356922800003, 34.04437406300008], [36.41753831200003, 34.042729647000044], [36.422301213000026, 34.04568957200007], [36.42785793100006, 34.05391104600005], [36.44174972600007, 34.05029369600004], [36.45722915400006, 34.04174298200007], [36.472311674000025, 34.041414091000036], [36.48223438500003, 34.03911181900003], [36.48858491900006, 34.04864939500004], [36.49374472900007, 34.05029369600004], [36.50168289700008, 34.04996483800005], [36.500492172000065, 34.05851472300003], [36.50207980600004, 34.06213172300005], [36.51319324100007, 34.07265302500008], [36.51438396700007, 34.07824193600004], [36.50962106600008, 34.086788968000064], [36.50949850000006, 34.09617603400005], [36.510961663000046, 34.09940701800008], [36.51746461100004, 34.10209941100004], [36.52380498500003, 34.11152211000007], [36.53209624300007, 34.118655741000055], [36.53811147000005, 34.121347521000075], [36.54217581200004, 34.12699998000005], [36.55103932900005, 34.13015442600005], [36.55769834800003, 34.13006830000006], [36.56664640300005, 34.13420228000007], [36.56914353500008, 34.14152237500008], [36.57309732700003, 34.145914127000026], [36.56872734700005, 34.151683337000065], [36.572577092000074, 34.157021658000076], [36.582045383000036, 34.16037946200004], [36.585582987000066, 34.16752511100003], [36.58900275000008, 34.16958471600003], [36.58939965800005, 34.17648070000007], [36.59138420000005, 34.17877923700007], [36.600513094000064, 34.18337612100004], [36.60686362900003, 34.19289744300005], [36.621549240000036, 34.195523825000066], [36.62075542300005, 34.202089423000075], [36.618373973000075, 34.205700284000045], [36.606069812000044, 34.21653193800006], [36.59025698000005, 34.221126765000065], [36.58746274500004, 34.22343721200008], [36.58339840300005, 34.23498849500004], [36.583652424000036, 34.25115762900003], [36.579080039000075, 34.267533585000024], [36.57476167600004, 34.274251004000064], [36.59686153600006, 34.28558543100007], [36.59990979300005, 34.288733611000055], [36.59305121600005, 34.28999285100008], [36.58702808600003, 34.29421909300004], [36.57951356900003, 34.29517418800003], [36.572577092000074, 34.29971074400004], [36.57142101200003, 34.302575811000054], [36.566507674000036, 34.30329206300007], [36.55841511700004, 34.30782818100005], [36.55668099800005, 34.31021551300006], [36.562172375000046, 34.32406069900003], [36.56159433600004, 34.329311724000036], [36.55234569900006, 34.333369109000046], [36.54858844100005, 34.33694899200003], [36.54043808000006, 34.35323314300007], [36.52989463400007, 34.36911334800004], [36.53285419800005, 34.37323560100003], [36.53710857000004, 34.37476231100004], [36.54043808000006, 34.379647592000026], [36.550981525000054, 34.38514319400008], [36.560910861000025, 34.39701856800008], [36.56043733100006, 34.402976989000024], [36.55487335200007, 34.41440424900003], [36.555228499000066, 34.418603619000066], [36.550138050000044, 34.42377929700007], [36.542206419000024, 34.42172859500005], [36.536287292000054, 34.42582994900005], [36.531788755000036, 34.42495110400006], [36.53391964100007, 34.42983345700003], [36.52965786900006, 34.433055653000054], [36.526935070000036, 34.43090753600006], [36.52657992300004, 34.426806432000035], [36.52421227200006, 34.426806432000035], [36.520660795000026, 34.435398991000056], [36.517227701000024, 34.43666827100003], [36.51521519800008, 34.43325093400006], [36.512965930000064, 34.43569190300008], [36.514268138000034, 34.43725408600005], [36.51190048700005, 34.43920677400007], [36.51249239900005, 34.44115941600006], [36.50929607100005, 34.43920677400007], [36.50976960100007, 34.44174520000007], [36.51272916500005, 34.44408829400004], [36.50870415800006, 34.448188550000054], [36.49674752100003, 34.44857904000003], [36.49236736600005, 34.44691944500005], [36.48692176900005, 34.44721231700004], [36.47662248800003, 34.427978196000026], [36.46229819900003, 34.417724699000075], [36.45472171600005, 34.40864198000003], [36.44832905900006, 34.40502815100007], [36.44501434700004, 34.40483280400008], [36.43500362300006, 34.39781223400007], [36.42704979600006, 34.38758556800008], [36.42316536800007, 34.37598365800005], [36.41650635000008, 34.36529626600003], [36.393199786000025, 34.35521833300004], [36.374517540000056, 34.35323314300007], [36.37248284000003, 34.35078976800003], [36.370078195000076, 34.344986465000034], [36.371742949000065, 34.34208466300004], [36.37100305800004, 34.339182761000075], [36.36748857600003, 34.331240200000025], [36.36730360400003, 34.30435210400003], [36.35731936600007, 34.282227241000044], [36.348174596000035, 34.268373292000035], [36.34182406200006, 34.26984275800004], [36.338267762000044, 34.276559992000045], [36.319775005000054, 34.284712314000046], [36.322538758000064, 34.28632421400005], [36.32286390500008, 34.28833904600003], [36.32156331600004, 34.28847336600006], [36.31522294200005, 34.287533119000045], [36.30530594700008, 34.28847336600006], [36.302867341000024, 34.28726447500003], [36.30888256800006, 34.28511529200006], [36.308557421000046, 34.28350336900007], [36.30059131000007, 34.28296605400004], [36.30042873600007, 34.28162275300008], [36.30888256800006, 34.279339091000054], [36.308394847000045, 34.274099868000064], [36.30660653600006, 34.270069474000024], [36.302217047000056, 34.26859161400006], [36.29733983600005, 34.26093319900008], [36.29522637800005, 34.26012700900003], [36.28839828300005, 34.26173938100004], [36.28205790900006, 34.26590453000006], [36.278969009000036, 34.26442659800006], [36.275067241000045, 34.264964031000034], [36.26823914600004, 34.270069474000024], [36.26417480300006, 34.271009916000025], [36.24759228700003, 34.26684501900007], [36.23386497100006, 34.26543428200006], [36.18052048000004, 34.26690380000008], [36.16604126000004, 34.27005268000005], [36.156896490000065, 34.28537554800005], [36.15359421200003, 34.287894108000046], [36.148259763000056, 34.288733611000055], [36.13809809500003, 34.28747437900006], [36.13807068300008, 34.28688552700004], [36.13013251500007, 34.28455350100006], [36.13013251500007, 34.28309595200005], [36.12395838400005, 34.278577390000066], [36.12219434600007, 34.27376704100004], [36.111080910000055, 34.26953953700007], [36.10808204700004, 34.26385393800007], [36.09908545600007, 34.25568932900006], [36.095028170000035, 34.24956535200005], [36.087090001000035, 34.24562827500006], [36.08179788900003, 34.23498266100006], [36.07103726100007, 34.224919132000025], [36.06080584400007, 34.21222861900003], [36.04404748800005, 34.203767216000074], [36.02870036300004, 34.185090768000066], [36.02419825700008, 34.181414990000064], [36.01864280900003, 34.17171215400003], [36.007531914000026, 34.16894845100006], [36.03415578600004, 34.163129482000045], [36.01683758000007, 34.13533395600007], [36.01689800100007, 34.13507389600005], [36.01664965300006, 34.12602869500006], [36.009944260000054, 34.11862735700004], [36.00634224600003, 34.108945048000066], [36.00525087400007, 34.09484729700006], [35.998484365000024, 34.09087058400007], [35.98953511000008, 34.08870138900005], [35.98669754200006, 34.08544749200007], [35.974474170000065, 34.05018892700008], [35.96989040600005, 34.04440150500005], [35.96423333400003, 34.04313545400004], [35.96423333400003, 34.04266871600004], [35.94298824100008, 34.01519624000008], [35.93287153000006, 34.01356568500006], [35.92415991800004, 34.01030448000006], [35.913200147000055, 34.00052011400004], [35.90589363400005, 33.987006518000044], [35.90589363400005, 33.97418991600006], [35.90308343600003, 33.968596611000066], [35.88049906500004, 33.951969467000026], [35.883278063000034, 33.95109129300005], [35.89156567300006, 33.941447079000056], [35.90874908600006, 33.93607028400004], [35.91504854900006, 33.93791488200003], [35.91856796800005, 33.93636905900007], [35.92001714100007, 33.923486110000056], [35.92270846100007, 33.92159644700007], [35.939477457000066, 33.91678620600004], [35.94589522100006, 33.91283473400006], [35.95169191100007, 33.91747340000006], [35.95686752700004, 33.91867597600003], [35.96535553700005, 33.91438098400005], [35.97467164600005, 33.90664945300006], [35.98626502500008, 33.89255908200005], [35.983366680000074, 33.88602860900005], [35.983780730000035, 33.88293505200005], [35.99620220800006, 33.87691948200006], [35.99992865200005, 33.86230847400003], [36.00924476000006, 33.86729368700003], [36.02021706600004, 33.87743511900004], [36.03802118500005, 33.88551302400003], [36.04029845600007, 33.88362251900003], [36.04216167800007, 33.87726324000005], [36.04878646700007, 33.87159105100005], [36.05603232900006, 33.87038781100006], [36.06245009300005, 33.872622386000046], [36.068453807000026, 33.87159105100005], [36.07776991600008, 33.87588819800004], [36.08501577900006, 33.86746558600004], [36.09412486300005, 33.870559703000026], [36.095988084000055, 33.86952834300007], [36.10033560200003, 33.86643418800003], [36.09971452800005, 33.86299610700007], [36.087707099000056, 33.85216524600003], [36.082531483000025, 33.836002360000066], [36.07735586700005, 33.82619997100005], [36.07338572700007, 33.82258001200006]]]}}, {"type": "Feature", "properties": {"zoneId": "MOZ-cabo-delgado-macomia"}, "geometry": {"type": "MultiPolygon", "coordinates": [[[[40.494426399000076, -12.377877324999929], [40.49273263900005, -12.378130032999934], [40.49440732700003, -12.375634408999929], [40.49153479900008, -12.379203807999943], [40.491489020000074, -12.381987426999956], [40.49261437800004, -12.382467098999939], [40.494426399000076, -12.377877324999929]]], [[[40.493137008000076, -12.374511996999956], [40.49776433200003, -12.371700726999961], [40.49814962900007, -12.365651912999965], [40.49705860500006, -12.364470375999929], [40.49405637600006, -12.366321350999954], [40.49204979800004, -12.37474849399996], [40.493137008000076, -12.374511996999956]]], [[[40.464430923000066, -12.266435304999959], [40.459639571000025, -12.261245697999982], [40.46055892900006, -12.264019780999945], [40.464430923000066, -12.266435304999959]]], [[[40.466033132000064, -12.261393514999952], [40.46261510100004, -12.254228007999927], [40.46313390500006, -12.260342622999929], [40.466033132000064, -12.261393514999952]]], [[[40.545094505000066, -12.047500333999949], [40.547970846000055, -12.044927467999969], [40.545544652000046, -12.04250908499995], [40.54230590700007, -12.044902669999942], [40.54243942200003, -12.046612510999978], [40.545094505000066, -12.047500333999949]]], [[[40.53951351300003, -12.019364713999948], [40.54071135300006, -12.01834529499996], [40.539559292000035, -12.017371647999937], [40.53536304100004, -12.016955865999932], [40.53951351300003, -12.019364713999948]]], [[[40.58450499400004, -11.976364099999955], [40.56966933900003, -11.974227978999977], [40.56932981800003, -11.982141119999937], [40.578035130000046, -11.986022361999972], [40.58050328500008, -11.990188730999932], [40.58107167900005, -11.999368280999931], [40.57987002300007, -12.002540974999931], [40.58646195700004, -11.99737331199998], [40.58785435200008, -11.993191687999968], [40.59080317400003, -11.99145991499995], [40.594942210000056, -11.984279156999946], [40.59438907300006, -11.97833714899997], [40.58967782900004, -11.97557736799996], [40.58450499400004, -11.976364099999955]]], [[[40.567529371000035, -11.82496541699993], [40.56833047500004, -11.823176425999975], [40.56484377100003, -11.823261294999952], [40.567529371000035, -11.82496541699993]]], [[[40.61025484900006, -11.815500767999936], [40.59747916900005, -11.817288795999957], [40.605505452000045, -11.81855330299993], [40.61025484900006, -11.815500767999936]]], [[[40.47587513900004, -12.393483308999976], [40.47822504000004, -12.393264931999965], [40.47938472900006, -12.395566018999943], [40.481128082000055, -12.394558042999961], [40.48475593100005, -12.396548251999945], [40.48764753000006, -12.395821595999962], [40.489184898000076, -12.37956522899998], [40.48692273300003, -12.384742431999939], [40.487086770000076, -12.381893967999929], [40.49096258800006, -12.373594611999977], [40.49218713600004, -12.366480603999946], [40.494338672000026, -12.363451906999956], [40.50384127800004, -12.358648528999936], [40.50651544100003, -12.351817746999927], [40.50434865700004, -12.342232905999936], [40.499889186000075, -12.342724016999966], [40.493579546000035, -12.346254314999953], [40.49013862000004, -12.345865234999962], [40.48680832400004, -12.34339058699993], [40.48976858800006, -12.344116294999935], [40.504569917000026, -12.338521414999946], [40.50993730500005, -12.338399355999968], [40.50904846900005, -12.330994492999935], [40.511322077000045, -12.327549063999982], [40.51535048000005, -12.325975592999953], [40.50559229900006, -12.31234739499996], [40.50588604300003, -12.304721291999954], [40.504779761000066, -12.301584833999982], [40.502422231000025, -12.300205896999955], [40.50386040200004, -12.299008150999953], [40.50008378200005, -12.291683388999957], [40.50143803200007, -12.285885376999943], [40.49668864400007, -12.27809429399997], [40.493060796000066, -12.276094548999936], [40.481654622000065, -12.274029951999978], [40.47967093900007, -12.275160943999936], [40.47902623900006, -12.278310751999982], [40.47773303500003, -12.273545509999963], [40.47344141600007, -12.271195784999975], [40.47173621400003, -12.26829010199998], [40.46583094300007, -12.268559971999935], [40.45953657000007, -12.264209550999965], [40.458689708000065, -12.241772767999976], [40.46309578100005, -12.231557588999976], [40.468871351000075, -12.230108090999977], [40.468325839000045, -12.229037174999974], [40.46404947600007, -12.229763829999968], [40.46337426300005, -12.227583852999942], [40.46427455000003, -12.226922040999966], [40.46560972000003, -12.228877917999966], [40.46879505700008, -12.227310168999963], [40.47068336800004, -12.230211083999961], [40.46708221800003, -12.234257291999938], [40.464594979000026, -12.24118057499993], [40.464816230000054, -12.24870273299996], [40.469355809000035, -12.252150073999928], [40.47297983800007, -12.259498675999964], [40.47664583400007, -12.261775924999938], [40.48229550800005, -12.269929383999965], [40.490504901000065, -12.271543870999949], [40.49278613700005, -12.270170658999973], [40.49394964900006, -12.262566489999926], [40.49740202700008, -12.254495049999946], [40.50547791200006, -12.24412538699994], [40.51020443200008, -12.227028883999935], [40.50920115200006, -12.220273435999957], [40.507808760000046, -12.219163420999962], [40.49763094200006, -12.220285823999973], [40.49475459900003, -12.223442304999935], [40.49635680800003, -12.219225396999946], [40.49953451700003, -12.216240566999943], [40.49559385900005, -12.211871074999976], [40.490535468000076, -12.21290670299993], [40.48869675100008, -12.20746629699994], [40.49148916300004, -12.210656159999928], [40.494800388000044, -12.20991901399998], [40.49652848300008, -12.206354381999972], [40.49856938900007, -12.205338777999941], [40.49623855800007, -12.208964440999978], [40.502964001000066, -12.214854959999968], [40.51676586200006, -12.204589246999944], [40.51292820800006, -12.19469066399995], [40.49637592400006, -12.168405056999973], [40.48866246800003, -12.147314781999967], [40.49059275400003, -12.13488910999996], [40.49992370900003, -12.113819827999976], [40.51132227100004, -12.09377950399994], [40.51350432800007, -12.085941699999978], [40.512993153000025, -12.080608100999939], [40.504448066000066, -12.071463827999935], [40.50198754400003, -12.061993421999944], [40.50287638900005, -12.059851591999973], [40.500087791000055, -12.056787606999933], [40.50045401800003, -12.046171904999937], [40.50514620000007, -12.034462404999942], [40.51817366900008, -12.015959318999933], [40.53778924900007, -12.002249134999943], [40.54396537000008, -12.000520225999935], [40.549760011000046, -12.001439519999963], [40.55347560300004, -11.999204236999958], [40.544667289000074, -11.999253817999943], [40.530674702000056, -11.993191642999932], [40.52639071600004, -11.986560162999979], [40.52536835600006, -11.987269655999967], [40.51684615500005, -11.981802543999947], [40.50347156600003, -11.970723371999952], [40.496524872000066, -11.95893280499996], [40.488273537000055, -11.93218279399997], [40.48673618300006, -11.932636715999934], [40.48601900700004, -11.931121412999971], [40.48618686000003, -11.926622232999932], [40.48778525200004, -11.924650146999966], [40.48564135200007, -11.92060679499997], [40.48411163500003, -11.911558843999956], [40.48384079900006, -11.895459825999978], [40.48902127500003, -11.880310616999964], [40.49716201200005, -11.86901308399996], [40.50377683500005, -11.862825046999944], [40.51422550600006, -11.857010831999958], [40.517735102000074, -11.852368610999974], [40.514843503000066, -11.852831114999958], [40.51387455100007, -11.851637180999944], [40.515476757000044, -11.85079608899997], [40.51309252400006, -11.849540169999955], [40.51181457400003, -11.851064053999949], [40.505878788000075, -11.84761575799996], [40.49147038800004, -11.845917348999933], [40.481212465000056, -11.839694014999964], [40.47107280300003, -11.830003317999967], [40.46469451200005, -11.81566277099995], [40.46193643100003, -11.81515258199994], [40.461936440000045, -11.804599819999964], [40.46522859700008, -11.795405968999944], [40.46380950200006, -11.79445616199996], [40.46381713400007, -11.791208131999952], [40.46642262700004, -11.788994780999928], [40.46723136400004, -11.781786365999949], [40.46355774500006, -11.77149203199997], [40.465686394000045, -11.76601729999993], [40.464461862000064, -11.752751486999955], [40.46633873700006, -11.744249963999948], [40.46518286100007, -11.743418405999932], [40.459502660000055, -11.746636869999975], [40.45079734700005, -11.745545921999963], [40.448958624000056, -11.746921993999933], [40.44586865900004, -11.744886012999928], [40.44191655800006, -11.73917477799995], [40.43693065700006, -11.727594962999945], [40.43982227300006, -11.706800321999935], [40.43893725100003, -11.699294375999955], [40.43637754100007, -11.695448423999949], [40.43199055100007, -11.694782793999934], [40.426165387000026, -11.699439316999928], [40.42232009400004, -11.700364324999953], [40.42109936500003, -11.702576722999936], [40.42017237600004, -11.70140758399998], [40.42069881600003, -11.69919518599994], [40.42477299600006, -11.698416080999948], [40.430956750000064, -11.692019200999937], [40.43435571400005, -11.690933983999969], [40.43836122600004, -11.691906679999931], [40.44226755700004, -11.688547078999932], [40.44132531100007, -11.68506350299998], [40.44169534700006, -11.681948979999959], [40.44315259100006, -11.680923838999945], [40.44266811800003, -11.676907189999952], [40.42742809600003, -11.675922088999926], [40.41706716600004, -11.680821781999953], [40.41259625200007, -11.67933222299996], [40.40482174300007, -11.679362732999948], [40.40353234600008, -11.683245873999965], [40.39677637900007, -11.686230699999953], [40.39206894900008, -11.68374937599998], [40.39123351200004, -11.685584140999936], [40.394395959000065, -11.686928747999957], [40.39394962800003, -11.690046131999964], [40.391794280000056, -11.690280720999965], [40.391397546000064, -11.687482798999952], [40.38916208900008, -11.686732297999981], [40.38786125000007, -11.688776858999972], [40.38852501700006, -11.693291297999963], [40.38226115900005, -11.691766453999946], [40.382188677000045, -11.692979458999957], [40.38604541300003, -11.694630178999944], [40.38151727400003, -11.697080978999963], [40.38028128800005, -11.696178853999982], [40.380266031000076, -11.69276012499995], [40.37764909600003, -11.693007110999929], [40.37673354900005, -11.694448983999962], [40.37944203600006, -11.697923977999949], [40.37452860500008, -11.700142094999933], [40.375356414000066, -11.696117817999948], [40.373113329000034, -11.693636495999954], [40.36827619300004, -11.696534544999963], [40.36695247000006, -11.693131072999961], [40.364488126000026, -11.69276392699993], [40.365090863000034, -11.689876364999975], [40.36754376400006, -11.68782131599994], [40.366612960000054, -11.686606402999928], [40.36476660900007, -11.68707653599995], [40.36475898100008, -11.684796429999949], [40.36229463800004, -11.684429283999975], [40.36096709900005, -11.68125086699996], [40.35397080200005, -11.682112933999974], [40.348492789000034, -11.679256837999958], [40.34670747700005, -11.67630442799998], [40.33540430100004, -11.677995187999954], [40.33549966700008, -11.681556005999937], [40.33281025100007, -11.682110056999932], [40.33181840800006, -11.68400203899995], [40.33306965100007, -11.688090209999928], [40.331299595000075, -11.688557481999965], [40.32813333400003, -11.68652054699993], [40.328770398000074, -11.690838539999959], [40.32437959400005, -11.69002700599998], [40.32224331800006, -11.693376117999946], [40.318535359000066, -11.690849974999935], [40.318363684000076, -11.703518819999942], [40.31338921500003, -11.708852413999978], [40.31317558500007, -11.712340756999936], [40.310558650000075, -11.712354105999964], [40.30607629300005, -11.709192850999955], [40.30536674800004, -11.705549066999936], [40.30037321200007, -11.700552092999942], [40.29735191000003, -11.701975845999982], [40.29601673700006, -11.705097043999956], [40.29847726300005, -11.708750364999958], [40.298557370000026, -11.712742219999939], [40.29587176700005, -11.71522639799997], [40.29666905100004, -11.720546645999946], [40.29257198000005, -11.724797881999962], [40.289802456000075, -11.722660816999962], [40.284095551000064, -11.72604711799994], [40.27946060200003, -11.724227606999932], [40.27963607400005, -11.733917341999927], [40.27476460500003, -11.736662810999974], [40.27838482200008, -11.741588262999926], [40.27944532400005, -11.74816728999997], [40.27483707300007, -11.752244012999938], [40.26673068000008, -11.750692465999975], [40.26520476700006, -11.754690040999947], [40.262954050000076, -11.754254234999962], [40.26064992500005, -11.756224411999938], [40.261367101000076, -11.758630396999934], [40.25681225900007, -11.760236289999966], [40.25747221200004, -11.764097498999945], [40.25220782300005, -11.765327664999973], [40.25183397300003, -11.768048342999975], [40.24984266100006, -11.768440278999947], [40.24998761900008, -11.77153382399996], [40.24602025100006, -11.775539978999973], [40.245589178000046, -11.779922817999932], [40.243410941000036, -11.781765209999946], [40.24382293100007, -11.787903663999941], [40.23850131900008, -11.790902795999955], [40.22002255900003, -11.783825010999976], [40.213430636000055, -11.77587753499995], [40.20906272000008, -11.775764050999953], [40.20319941500003, -11.772815451999975], [40.20253183400007, -11.767186230999926], [40.196859268000026, -11.763792291999948], [40.18546835600006, -11.760220974999982], [40.18335115600007, -11.760866573999976], [40.18208083300004, -11.764867009999932], [40.18015437200006, -11.764996700999973], [40.178327101000036, -11.757914161999963], [40.17651889900003, -11.75614614899996], [40.16953023000008, -11.760543285999972], [40.16586804600007, -11.760868467999956], [40.16145053500003, -11.764886065999974], [40.15469457200004, -11.762892994999959], [40.145710775000055, -11.767106081999941], [40.14476852200005, -11.771726370999943], [40.14952935900004, -11.773033787999964], [40.150311386000055, -11.77568962099997], [40.147946224000066, -11.778371199999981], [40.145233921000056, -11.775835520999976], [40.142666578000046, -11.776233178999973], [40.14434889100005, -11.77939633799997], [40.14212105800004, -11.78484818399994], [40.143162489000076, -11.788072374999956], [40.13732206900005, -11.789800329999935], [40.13453727500007, -11.800268216999939], [40.13449912200008, -11.806850103999977], [40.13679561200007, -11.811416039999926], [40.13044019100005, -11.820232253999961], [40.13433506700005, -11.829652117999956], [40.13789043300005, -11.83400635199996], [40.13777217300003, -11.836416149999934], [40.12781179700005, -11.837781725999946], [40.12655673000006, -11.845831233999945], [40.12270380700005, -11.84686209399996], [40.115882992000024, -11.845436425999935], [40.10888669500008, -11.847741320999944], [40.10296998100006, -11.847639278999964], [40.100490371000035, -11.854929703999971], [40.08388465000007, -11.866707854999959], [40.07755593200005, -11.87598180699996], [40.073764046000065, -11.876634079999974], [40.06946860800008, -11.879624629999967], [40.065276174000076, -11.876846729999954], [40.064036377000036, -11.871669524999959], [40.05546839800007, -11.867825473999972], [40.052706501000046, -11.868604579999953], [40.04984159900005, -11.876084774999981], [40.03812260300003, -11.888861369999972], [40.03253014300003, -11.890088674999959], [40.02615565700006, -11.887831450999954], [40.02146348500003, -11.88822719899997], [40.00768070100003, -11.895352638999952], [40.000413550000076, -11.902242538999928], [39.99534752900007, -11.903823637999949], [39.992417776000025, -11.911639506999961], [39.983559867000054, -11.916036642999927], [39.97500332800007, -11.917318301999956], [39.97015474800003, -11.919935984999938], [39.968167246000064, -11.925455537999937], [39.96184234700007, -11.930166416999953], [39.961125164000066, -11.936408814999936], [39.95637958300006, -11.939328795999927], [39.954701079000074, -11.942362260999971], [39.954403522000064, -11.948181251999927], [39.95094351600005, -11.95580258299998], [39.94990970600003, -11.962763055999972], [39.94749113600005, -11.965904279999961], [39.94221530200008, -11.96841515799997], [39.93979673200005, -11.972068474999958], [39.93536396300004, -11.973427379999976], [39.92774967500003, -11.972628239999949], [39.91623668600005, -11.973910849999982], [39.90335800500003, -11.978846777999934], [39.90061899500006, -11.981663769999955], [39.89491590700004, -11.982514394999953], [39.88892288900007, -11.991789300999926], [39.871508439000024, -12.000071478999928], [39.864988984000036, -12.007014782999931], [39.858641197000054, -12.010126440999954], [39.85659266000005, -12.014435848999938], [39.85204926400007, -12.014691415999948], [39.84883722300003, -12.01657576699995], [39.84637668900007, -12.021542218999969], [39.841928660000065, -12.024966665999955], [39.83995641800004, -12.028545600999962], [39.834676770000044, -12.030355567999948], [39.82801235300008, -12.037688902999946], [39.82323243900004, -12.040061505999972], [39.819429111000034, -12.03885231299995], [39.809689992000074, -12.039854558999934], [39.80573406800005, -12.042790752999963], [39.80269368900008, -12.047761972999979], [39.797490338000046, -12.047539774999962], [39.793118605000075, -12.049245797999959], [39.77960285300003, -12.058669462999944], [39.76939450900005, -12.068461227999933], [39.76493503800003, -12.068551817999946], [39.764122487000066, -12.073504921999927], [39.76231046800007, -12.07505932099997], [39.75495558500006, -12.073611718999928], [39.748603984000056, -12.076561261999927], [39.73942945600004, -12.07292128499995], [39.734233731000074, -12.076111140999956], [39.73431001900008, -12.08374773199995], [39.73947140400003, -12.08894210699998], [39.73832696800008, -12.09340886299998], [39.73933406400005, -12.098290446999954], [39.73628605600004, -12.102111600999933], [39.73572909200004, -12.109754866999936], [39.73937982600006, -12.115515690999928], [39.73311214900008, -12.118867660999967], [39.73370343500005, -12.12430711199994], [39.72537196500008, -12.128069136999954], [39.72158389000003, -12.13255591799998], [39.72143129600005, -12.13653156099997], [39.723247128000025, -12.136936850999973], [39.72391471100008, -12.13937335199995], [39.71921872100006, -12.142794937999952], [39.72220187100004, -12.146775351999963], [39.71977185800006, -12.149162260999958], [39.72047376900008, -12.157375793999961], [39.71853967000004, -12.167012125999975], [39.72549016800008, -12.190368201999945], [39.72422365800003, -12.19610518099995], [39.71834890000008, -12.202953123999976], [39.716739060000066, -12.208347752999941], [39.71742190300006, -12.210641210999938], [39.72659643000003, -12.21576311399997], [39.72973979500006, -12.22486065499993], [39.737621113000046, -12.23110973599995], [39.74093615000004, -12.232339908999961], [39.75090415500006, -12.232300819999978], [39.75539032100005, -12.24112181199996], [39.76183728600006, -12.244611114999941], [39.80249513700005, -12.257403013999976], [39.835725626000055, -12.265791086999968], [39.844503418000045, -12.269749572999956], [39.860514022000075, -12.272805939999955], [39.889414748000036, -12.274987847999967], [39.91097965700004, -12.285347998999953], [39.93222793600006, -12.299611317999961], [39.93885419600008, -12.302460740999948], [39.94340141500004, -12.293425190999926], [39.95169092100008, -12.291408290999982], [39.95684468400003, -12.287190432999978], [39.96413091100004, -12.277482582999937], [39.984940513000026, -12.267734691999976], [39.986943272000076, -12.264405604999979], [39.98856837300008, -12.255759129999944], [39.99430961100006, -12.252378550999936], [40.00930929800006, -12.258631452999964], [40.05578848400006, -12.283073736999938], [40.06849930800007, -12.286830057999964], [40.07102850200005, -12.288758280999957], [40.123752429000035, -12.365594385999941], [40.12721624200003, -12.367397684999958], [40.14624435600007, -12.343865208999944], [40.157383511000035, -12.327625061999981], [40.16185442900007, -12.324427575999948], [40.16979678900003, -12.323724764999952], [40.17705630300003, -12.325158061999957], [40.182576279000045, -12.327983643999971], [40.202470324000046, -12.330796840999938], [40.206807723000054, -12.329298706999964], [40.22558405500007, -12.314283014999944], [40.234598367000046, -12.313324633999969], [40.24243772700004, -12.314525247999939], [40.250650937000046, -12.312861187999943], [40.278395774000046, -12.330844584999966], [40.291087548000064, -12.307273958999929], [40.293838, -12.307343574999948], [40.307185892000064, -12.311670161999928], [40.318283059000066, -12.324422937999941], [40.33670078500006, -12.329130976999977], [40.34354067100003, -12.334313909999935], [40.35216206100006, -12.333919117999926], [40.35544276300004, -12.338290516999962], [40.36496062600003, -12.336524419999932], [40.37582510100003, -12.338374452999972], [40.37846492700004, -12.336273628999948], [40.38012054400008, -12.329866253999967], [40.387635653000075, -12.325327026999958], [40.39215616100006, -12.324772976999952], [40.398317020000036, -12.327225693999935], [40.40207838400005, -12.33112600499993], [40.410760810000056, -12.331193718999941], [40.43209683400005, -12.340418106999948], [40.433912666000026, -12.34183137499997], [40.43769309800007, -12.352674995999962], [40.445543901000065, -12.35482923099994], [40.44706599400007, -12.357667206999963], [40.44690958500007, -12.36199664399993], [40.45346336100005, -12.369192668999972], [40.45775116600004, -12.370357996999928], [40.458617117000074, -12.373940749999974], [40.46206567100006, -12.376376299999947], [40.46153923000003, -12.37893009499993], [40.46451856400006, -12.383532269999932], [40.46875677600008, -12.386537130999955], [40.470408570000075, -12.390269602999979], [40.473063652000064, -12.39096765599993], [40.47296065100005, -12.393689288999951], [40.47587513900004, -12.393483308999976]]]]}}, {"type": "Feature", "properties": {"zoneId": "NGA-borno-gwoza"}, "geometry": {"type": "Polygon", "coordinates": [[[13.32789887513303, 10.865230791367992], [13.336167251017855, 10.866908919111381], [13.334440231631447, 10.8900003427417], [13.335940361958194, 10.907810209873332], [13.342822864583582, 10.91785463798118], [13.343418122248579, 10.928276061890813], [13.345744133285166, 10.930559158178653], [13.350378989998433, 10.931692123192988], [13.367708206368661, 10.924788474808338], [13.371954759204812, 10.91301781242214], [13.37344002283885, 10.89672519960834], [13.376458839204133, 10.895681763002983], [13.382911854398628, 10.897271374974025], [13.388671172136924, 10.895939577949207], [13.390634216795718, 10.89165583364985], [13.380387696634955, 10.88274529595867], [13.383103623133763, 10.87844466868654], [13.411274523800273, 10.880290225913257], [13.43574573227977, 10.888865424399853], [13.445201022609183, 10.89509379524253], [13.463367363912766, 10.902822748770916], [13.475245896381068, 10.9028025850713], [13.501902579740317, 10.91075038772027], [13.51349735272072, 10.915300368217459], [13.518142700025635, 10.918723106086532], [13.545968055981064, 10.928956031195924], [13.551781654100125, 10.93466377191561], [13.577307701689108, 10.948335647871886], [13.585414885788396, 10.949460982138646], [13.613243955044538, 10.94939804038728], [13.641005415967243, 10.945901871074511], [13.651422399923888, 10.945878029147764], [13.654836537576216, 10.94454739404705], [13.66988372965045, 10.94469165699445], [13.750673561235885, 10.914141311172614], [13.76805496256651, 10.93166541962347], [13.772499084765002, 10.941110609666964], [13.774999618237814, 10.952775954246931], [13.774442675289265, 10.978887556715392], [13.78034700421091, 10.992749187824813], [13.792707745965743, 11.003069988389313], [13.794982539712464, 11.006499178894046], [13.810751098684307, 11.051735043637393], [13.824878935414574, 11.067626810628838], [13.844039634621481, 11.084693528383696], [13.854062883695178, 11.099005364605944], [13.857039460702595, 11.11143081617928], [13.863991358614385, 11.120775363991925], [13.872737973278902, 11.125439662710335], [13.880767553979467, 11.133869250165787], [13.881129362030492, 11.135832178812052], [13.875452289991244, 11.141276409179], [13.878349537801, 11.148187903249209], [13.89014509611934, 11.153693408024424], [13.919629148166678, 11.180793770116452], [13.948437150154405, 11.215155469749163], [13.960558816136484, 11.236137392326839], [13.965925524043769, 11.249330589734996], [13.991943361397034, 11.274166106380733], [14.003610610741134, 11.28333282405066], [13.98996621626793, 11.297403376664533], [13.920801415353083, 11.32607008706492], [13.858518412894512, 11.325366890969292], [13.764667944869814, 11.334779161329266], [13.598028709357493, 11.388474819957025], [13.594032516987113, 11.43461702505573], [13.542150754953411, 11.41476655842996], [13.512226324685173, 11.376353358121037], [13.510338668394866, 11.326101402357892], [13.505835218820323, 11.315506704271058], [13.459869880690519, 11.312851846235787], [13.402351388405918, 11.32357248807989], [13.35562977079735, 11.376340133590361], [13.347448350361105, 11.381891370690255], [13.249954675667823, 11.379043069382192], [13.223027104817106, 11.354584144742546], [13.192118280234467, 11.320679388842791], [13.216711997061054, 11.172935592103954], [13.143125115431758, 11.124544417291077], [13.168644925323122, 11.073690694569962], [13.219006420310109, 10.943570503675858], [13.293107305857518, 10.91761777813798], [13.313893044928136, 10.91379561717406], [13.32140100265417, 10.905628551716347], [13.316157600792678, 10.891812023406203], [13.328647590413993, 10.882793432171184], [13.327306651780589, 10.878423468068661], [13.329789599910157, 10.873403858901042], [13.32789887513303, 10.865230791367992]]]}}, {"type": "Feature", "properties": {"zoneId": "NGA-borno-kala-balge"}, "geometry": {"type": "Polygon", "coordinates": [[[14.264987808440651, 11.786492249317917], [14.23445253165903, 11.620969923223413], [14.299400234333405, 11.574327986447486], [14.417696578734194, 11.496720185588117], [14.466550868427873, 11.478780349333704], [14.49926602091017, 11.435142978265901], [14.610553742661125, 11.499165532163602], [14.617776871605372, 11.505554196369133], [14.646387100983986, 11.57583236427223], [14.641109467328079, 11.646944041834104], [14.63499832221487, 11.654722209862143], [14.598888398081158, 11.688331601422306], [14.588609696580306, 11.692220683637686], [14.588609696580306, 11.754999156785686], [14.612220763777259, 11.825277324688841], [14.606144353179388, 11.832803473901265], [14.605795874879789, 11.837364046613516], [14.607122127584148, 11.84338664717609], [14.613021339363343, 11.84863915737128], [14.615269475406024, 11.852055054097491], [14.614638824022563, 11.854829609199157], [14.615773217160267, 11.856364009091806], [14.608718890964099, 11.862044846592426], [14.604653817719566, 11.869464343404786], [14.611390068996513, 11.878313910658505], [14.61420419696617, 11.878955859325515], [14.619268160697118, 11.883140831084518], [14.619627056743298, 11.886479002104295], [14.62558687743251, 11.893438969632768], [14.628361787766323, 11.901416254756384], [14.62795773226361, 11.904048360843206], [14.632725587016296, 11.905704241157878], [14.636518956184943, 11.908946203604444], [14.640174469176486, 11.90941133206735], [14.643207261905673, 11.912113709380208], [14.64307416314216, 11.915025361631194], [14.639380619619942, 11.91864860514903], [14.639599285278848, 11.922908994054865], [14.635739366278756, 11.926648404800119], [14.63401856480499, 11.932536480274393], [14.635611018633654, 11.936424586725366], [14.642379741731759, 11.942945892838736], [14.644733960004316, 11.943574900261467], [14.644351294876401, 11.94628623841919], [14.646940816265726, 11.947250312551944], [14.647746312042727, 11.950351100323076], [14.65381900034663, 11.955375879693122], [14.65640900377258, 11.962279396776808], [14.652502025947797, 11.968625678632236], [14.64945782441913, 11.968525233352864], [14.64702018143629, 11.971940361158772], [14.644432323792785, 11.972347718072797], [14.641184667738287, 11.982981571742187], [14.638707093057974, 11.9843598322405], [14.638156153084026, 11.990470775006315], [14.635394314396137, 11.993772170949], [14.633015139936788, 12.000398088900738], [14.634636590606249, 12.009496953621579], [14.631601896710208, 12.017201153310623], [14.632350587709482, 12.020771882716247], [14.627503971231363, 12.027752194708057], [14.622995483654677, 12.030706987437554], [14.623322293688943, 12.03380158427575], [14.621572376663892, 12.036047687850555], [14.623720407370968, 12.037587695915477], [14.622300270840867, 12.042286119408914], [14.624157144236847, 12.050206131208029], [14.62809311980169, 12.053075617845536], [14.632260833570683, 12.059243342006653], [14.636807805835645, 12.061723329568053], [14.65338596688889, 12.06385007961751], [14.653828051123696, 12.066836797380347], [14.651810149618768, 12.069105284181546], [14.651955133822412, 12.071324944990295], [14.64008992570956, 12.080670383131746], [14.64125253507649, 12.083399302136115], [14.63627845498678, 12.089144150682046], [14.63591005130786, 12.092633163189987], [14.638714739093984, 12.098147865331782], [14.64254732589842, 12.100419571705913], [14.648398413156315, 12.108192611799666], [14.652708170345818, 12.11143329361164], [14.650972334905362, 12.114025591208133], [14.6559223563317, 12.115726378269812], [14.656207571822051, 12.130784537576403], [14.652309624989243, 12.137290886165488], [14.653450486051156, 12.139056868679575], [14.656112499991934, 12.138778030281912], [14.6575385792421, 12.142309962035142], [14.662577388935404, 12.144540631445011], [14.663528108135722, 12.148165429890753], [14.66704576764812, 12.14928074211258], [14.66752112679859, 12.152626652697904], [14.673795872081882, 12.154485473126158], [14.673510655692269, 12.156344280064502], [14.67731353159428, 12.160154795707285], [14.675221950432729, 12.162385315829738], [14.677967754208566, 12.164082546971997], [14.673504530409787, 12.176069801180404], [14.663821056896325, 12.17975132256555], [14.666935169922226, 12.186425375830481], [14.666844342892148, 12.189146569658533], [14.659298010195073, 12.198032716836451], [14.652761819402485, 12.197393851944753], [14.649315462638526, 12.194141433080745], [14.644324189309941, 12.195244938103485], [14.641590871721405, 12.197742323949115], [14.640343053389245, 12.1925152097092], [14.638679295013503, 12.191237453845474], [14.636302498361658, 12.19135361387822], [14.634460479967231, 12.194315671331196], [14.632380782447228, 12.195012621635215], [14.626022848975367, 12.19036625539843], [14.629825724877378, 12.185952130986095], [14.629053265695688, 12.182351079139039], [14.62204171395399, 12.183454632725159], [14.617585218882823, 12.186242535564588], [14.613604083861446, 12.185777888238988], [14.613306983830284, 12.188275362218235], [14.615802621393925, 12.190133932634922], [14.613960602999498, 12.1925152097092], [14.610335987116173, 12.191295533861819], [14.60356211539937, 12.194315671331196], [14.597501281059351, 12.194664146932894], [14.59892736120878, 12.198206952389], [14.604691093719055, 12.198439265259935], [14.609028748777803, 12.200762387674104], [14.601720097004943, 12.214236099816219], [14.592628847743185, 12.216617158355234], [14.591915808567762, 12.219462785978862], [14.595362165331721, 12.221379210682073], [14.596194042720924, 12.223876351012848], [14.593223046006813, 12.228464058969223], [14.58038834174863, 12.229277062286656], [14.574208669194775, 12.22689611706221], [14.572247810787871, 12.229741634069228], [14.567494216584862, 12.232529048576794], [14.556976888972315, 12.235664855948414], [14.550024757236827, 12.23597940282724], [14.548004478823714, 12.23841833543787], [14.548211024319357, 12.241193512870382], [14.555729069740835, 12.246896354083503], [14.555847909753254, 12.251193328309512], [14.559175425605474, 12.256303152068881], [14.55941310473105, 12.259438677053367], [14.558343547316895, 12.260832231422398], [14.555372549703463, 12.257464461915447], [14.55216387386372, 12.256767677086657], [14.549576264433085, 12.257937115905236], [14.543235329946583, 12.271463917725669], [14.547753147090134, 12.280734397374601], [14.541127015999052, 12.2838244841127], [14.53480207415646, 12.289268834089455], [14.528025348890765, 12.290151691347546], [14.522905156847571, 12.296331606718297], [14.518839123127066, 12.297950132792437], [14.511610617136341, 12.296184467739067], [14.511761211310898, 12.300157196797215], [14.51567665085679, 12.305454075045589], [14.510104678088453, 12.313840581377804], [14.511309428787172, 12.316930277810116], [14.514020119433042, 12.317371660573713], [14.520630424254705, 12.313686103930593], [14.522221682884435, 12.3182887109553], [14.520345062174954, 12.327376130004438], [14.514923681782534, 12.329582945796346], [14.502725577923115, 12.329582945796346], [14.497887408776933, 12.330880970580381], [14.491581629688483, 12.338262912603398], [14.486009657819523, 12.339292719083744], [14.482997779723803, 12.341646548849212], [14.483298968072972, 12.343559021032036], [14.487270964183722, 12.345661226784216], [14.485407282020503, 12.351355876072887], [14.482545998998717, 12.352679847197237], [14.480437685051186, 12.351797198581892], [14.47762537910802, 12.34663677536696], [14.474773222406327, 12.34640459289767], [14.468213260733421, 12.35810634563137], [14.46388749021554, 12.360520929097675], [14.455616235600814, 12.35722409001977], [14.447867877400654, 12.350258799404116], [14.444445287919734, 12.35021236380959], [14.442638923147854, 12.353044937773689], [14.444065000599323, 12.361728212287233], [14.442733994977914, 12.364328494964127], [14.439216334566254, 12.367625245009094], [14.431372902737337, 12.3703647661211], [14.428140459614553, 12.370225469230093], [14.422459041151853, 12.362241660424331], [14.41929877401924, 12.36117100583732], [14.413784603376769, 12.362146115550843], [14.407224644401879, 12.36678945197167], [14.400902362753868, 12.36743951342288], [14.387925050300908, 12.363631991623151], [14.38358739524216, 12.359615463782688], [14.37627874256998, 12.359545813088857], [14.372998763082478, 12.362784580244238], [14.365711764286516, 12.364991942823963], [14.35135802415357, 12.36369003476733], [14.33385291208225, 12.373615006827151], [14.326865126724272, 12.374659718671126], [14.320981365297826, 12.371143666247235], [14.322662349288066, 12.31288435203129], [14.347566342113055, 12.292002235314953], [14.369273024730376, 12.288571319910545], [14.381970606658228, 12.289057623810322], [14.394362911019584, 12.27477206308032], [14.396234586357139, 12.269815827338618], [14.378660622190012, 12.258737920818419], [14.376530282046929, 12.241381729283432], [14.403084396827524, 12.232123546964146], [14.420556539752567, 12.210421440996754], [14.42692116957636, 12.206042405432697], [14.426735015308736, 12.200281408660146], [14.414338354631411, 12.196681053787643], [14.413723927916976, 12.1915432943876], [14.419693624960871, 12.184631097047543], [14.397283266009993, 12.134821455745623], [14.377353625769274, 12.127201561203151], [14.363929086757992, 12.115331794426822], [14.321887294662986, 12.096046777436868], [14.315946769827633, 12.090886893815139], [14.312721711937513, 12.013866486049551], [14.310522931588082, 11.996848423416054], [14.273282719721806, 11.89089321914679], [14.274805529151877, 11.839708812112065], [14.264987808440651, 11.786492249317917]]]}}, {"type": "Feature", "properties": {"zoneId": "NGA-borno-kala-balge"}, "geometry": {"type": "Polygon", "coordinates": [[[14.264987808440651, 11.786492249317917], [14.23445253165903, 11.620969923223413], [14.299400234333405, 11.574327986447486], [14.417696578734194, 11.496720185588117], [14.466550868427873, 11.478780349333704], [14.49926602091017, 11.435142978265901], [14.610553742661125, 11.499165532163602], [14.617776871605372, 11.505554196369133], [14.646387100983986, 11.57583236427223], [14.641109467328079, 11.646944041834104], [14.63499832221487, 11.654722209862143], [14.598888398081158, 11.688331601422306], [14.588609696580306, 11.692220683637686], [14.588609696580306, 11.754999156785686], [14.612220763777259, 11.825277324688841], [14.606144353179388, 11.832803473901265], [14.605795874879789, 11.837364046613516], [14.607122127584148, 11.84338664717609], [14.613021339363343, 11.84863915737128], [14.615269475406024, 11.852055054097491], [14.614638824022563, 11.854829609199157], [14.615773217160267, 11.856364009091806], [14.608718890964099, 11.862044846592426], [14.604653817719566, 11.869464343404786], [14.611390068996513, 11.878313910658505], [14.61420419696617, 11.878955859325515], [14.619268160697118, 11.883140831084518], [14.619627056743298, 11.886479002104295], [14.62558687743251, 11.893438969632768], [14.628361787766323, 11.901416254756384], [14.62795773226361, 11.904048360843206], [14.632725587016296, 11.905704241157878], [14.636518956184943, 11.908946203604444], [14.640174469176486, 11.90941133206735], [14.643207261905673, 11.912113709380208], [14.64307416314216, 11.915025361631194], [14.639380619619942, 11.91864860514903], [14.639599285278848, 11.922908994054865], [14.635739366278756, 11.926648404800119], [14.63401856480499, 11.932536480274393], [14.635611018633654, 11.936424586725366], [14.642379741731759, 11.942945892838736], [14.644733960004316, 11.943574900261467], [14.644351294876401, 11.94628623841919], [14.646940816265726, 11.947250312551944], [14.647746312042727, 11.950351100323076], [14.65381900034663, 11.955375879693122], [14.65640900377258, 11.962279396776808], [14.652502025947797, 11.968625678632236], [14.64945782441913, 11.968525233352864], [14.64702018143629, 11.971940361158772], [14.644432323792785, 11.972347718072797], [14.641184667738287, 11.982981571742187], [14.638707093057974, 11.9843598322405], [14.638156153084026, 11.990470775006315], [14.635394314396137, 11.993772170949], [14.633015139936788, 12.000398088900738], [14.634636590606249, 12.009496953621579], [14.631601896710208, 12.017201153310623], [14.632350587709482, 12.020771882716247], [14.627503971231363, 12.027752194708057], [14.622995483654677, 12.030706987437554], [14.623322293688943, 12.03380158427575], [14.621572376663892, 12.036047687850555], [14.623720407370968, 12.037587695915477], [14.622300270840867, 12.042286119408914], [14.624157144236847, 12.050206131208029], [14.62809311980169, 12.053075617845536], [14.632260833570683, 12.059243342006653], [14.636807805835645, 12.061723329568053], [14.65338596688889, 12.06385007961751], [14.653828051123696, 12.066836797380347], [14.651810149618768, 12.069105284181546], [14.651955133822412, 12.071324944990295], [14.64008992570956, 12.080670383131746], [14.64125253507649, 12.083399302136115], [14.63627845498678, 12.089144150682046], [14.63591005130786, 12.092633163189987], [14.638714739093984, 12.098147865331782], [14.64254732589842, 12.100419571705913], [14.648398413156315, 12.108192611799666], [14.652708170345818, 12.11143329361164], [14.650972334905362, 12.114025591208133], [14.6559223563317, 12.115726378269812], [14.656207571822051, 12.130784537576403], [14.652309624989243, 12.137290886165488], [14.653450486051156, 12.139056868679575], [14.656112499991934, 12.138778030281912], [14.6575385792421, 12.142309962035142], [14.662577388935404, 12.144540631445011], [14.663528108135722, 12.148165429890753], [14.66704576764812, 12.14928074211258], [14.66752112679859, 12.152626652697904], [14.673795872081882, 12.154485473126158], [14.673510655692269, 12.156344280064502], [14.67731353159428, 12.160154795707285], [14.675221950432729, 12.162385315829738], [14.677967754208566, 12.164082546971997], [14.673504530409787, 12.176069801180404], [14.663821056896325, 12.17975132256555], [14.666935169922226, 12.186425375830481], [14.666844342892148, 12.189146569658533], [14.659298010195073, 12.198032716836451], [14.652761819402485, 12.197393851944753], [14.649315462638526, 12.194141433080745], [14.644324189309941, 12.195244938103485], [14.641590871721405, 12.197742323949115], [14.640343053389245, 12.1925152097092], [14.638679295013503, 12.191237453845474], [14.636302498361658, 12.19135361387822], [14.634460479967231, 12.194315671331196], [14.632380782447228, 12.195012621635215], [14.626022848975367, 12.19036625539843], [14.629825724877378, 12.185952130986095], [14.629053265695688, 12.182351079139039], [14.62204171395399, 12.183454632725159], [14.617585218882823, 12.186242535564588], [14.613604083861446, 12.185777888238988], [14.613306983830284, 12.188275362218235], [14.615802621393925, 12.190133932634922], [14.613960602999498, 12.1925152097092], [14.610335987116173, 12.191295533861819], [14.60356211539937, 12.194315671331196], [14.597501281059351, 12.194664146932894], [14.59892736120878, 12.198206952389], [14.604691093719055, 12.198439265259935], [14.609028748777803, 12.200762387674104], [14.601720097004943, 12.214236099816219], [14.592628847743185, 12.216617158355234], [14.591915808567762, 12.219462785978862], [14.595362165331721, 12.221379210682073], [14.596194042720924, 12.223876351012848], [14.593223046006813, 12.228464058969223], [14.58038834174863, 12.229277062286656], [14.574208669194775, 12.22689611706221], [14.572247810787871, 12.229741634069228], [14.567494216584862, 12.232529048576794], [14.556976888972315, 12.235664855948414], [14.550024757236827, 12.23597940282724], [14.548004478823714, 12.23841833543787], [14.548211024319357, 12.241193512870382], [14.555729069740835, 12.246896354083503], [14.555847909753254, 12.251193328309512], [14.559175425605474, 12.256303152068881], [14.55941310473105, 12.259438677053367], [14.558343547316895, 12.260832231422398], [14.555372549703463, 12.257464461915447], [14.55216387386372, 12.256767677086657], [14.549576264433085, 12.257937115905236], [14.543235329946583, 12.271463917725669], [14.547753147090134, 12.280734397374601], [14.541127015999052, 12.2838244841127], [14.53480207415646, 12.289268834089455], [14.528025348890765, 12.290151691347546], [14.522905156847571, 12.296331606718297], [14.518839123127066, 12.297950132792437], [14.511610617136341, 12.296184467739067], [14.511761211310898, 12.300157196797215], [14.51567665085679, 12.305454075045589], [14.510104678088453, 12.313840581377804], [14.511309428787172, 12.316930277810116], [14.514020119433042, 12.317371660573713], [14.520630424254705, 12.313686103930593], [14.522221682884435, 12.3182887109553], [14.520345062174954, 12.327376130004438], [14.514923681782534, 12.329582945796346], [14.502725577923115, 12.329582945796346], [14.497887408776933, 12.330880970580381], [14.491581629688483, 12.338262912603398], [14.486009657819523, 12.339292719083744], [14.482997779723803, 12.341646548849212], [14.483298968072972, 12.343559021032036], [14.487270964183722, 12.345661226784216], [14.485407282020503, 12.351355876072887], [14.482545998998717, 12.352679847197237], [14.480437685051186, 12.351797198581892], [14.47762537910802, 12.34663677536696], [14.474773222406327, 12.34640459289767], [14.468213260733421, 12.35810634563137], [14.46388749021554, 12.360520929097675], [14.455616235600814, 12.35722409001977], [14.447867877400654, 12.350258799404116], [14.444445287919734, 12.35021236380959], [14.442638923147854, 12.353044937773689], [14.444065000599323, 12.361728212287233], [14.442733994977914, 12.364328494964127], [14.439216334566254, 12.367625245009094], [14.431372902737337, 12.3703647661211], [14.428140459614553, 12.370225469230093], [14.422459041151853, 12.362241660424331], [14.41929877401924, 12.36117100583732], [14.413784603376769, 12.362146115550843], [14.407224644401879, 12.36678945197167], [14.400902362753868, 12.36743951342288], [14.387925050300908, 12.363631991623151], [14.38358739524216, 12.359615463782688], [14.37627874256998, 12.359545813088857], [14.372998763082478, 12.362784580244238], [14.365711764286516, 12.364991942823963], [14.35135802415357, 12.36369003476733], [14.33385291208225, 12.373615006827151], [14.326865126724272, 12.374659718671126], [14.320981365297826, 12.371143666247235], [14.322662349288066, 12.31288435203129], [14.347566342113055, 12.292002235314953], [14.369273024730376, 12.288571319910545], [14.381970606658228, 12.289057623810322], [14.394362911019584, 12.27477206308032], [14.396234586357139, 12.269815827338618], [14.378660622190012, 12.258737920818419], [14.376530282046929, 12.241381729283432], [14.403084396827524, 12.232123546964146], [14.420556539752567, 12.210421440996754], [14.42692116957636, 12.206042405432697], [14.426735015308736, 12.200281408660146], [14.414338354631411, 12.196681053787643], [14.413723927916976, 12.1915432943876], [14.419693624960871, 12.184631097047543], [14.397283266009993, 12.134821455745623], [14.377353625769274, 12.127201561203151], [14.363929086757992, 12.115331794426822], [14.321887294662986, 12.096046777436868], [14.315946769827633, 12.090886893815139], [14.312721711937513, 12.013866486049551], [14.310522931588082, 11.996848423416054], [14.273282719721806, 11.89089321914679], [14.274805529151877, 11.839708812112065], [14.264987808440651, 11.786492249317917]]]}}, {"type": "Feature", "properties": {"zoneId": "NGA-borno-mobbar"}, "geometry": {"type": "Polygon", "coordinates": [[[12.855730248552163, 13.031895724608034], [12.87447209661002, 13.063075834182428], [12.914263444102687, 13.17344114379381], [12.940879652573983, 13.148812759900977], [12.968450501289624, 13.136777150045475], [12.999348865857542, 13.12659271098488], [13.045991943873162, 13.116710569137524], [13.084209976009618, 13.112589021166457], [13.066114372680204, 13.147856723908717], [13.051259390008909, 13.171000559128572], [13.022143622929889, 13.230007425802114], [12.994961944138481, 13.31067691011134], [12.973954059032621, 13.347920436878724], [12.93877937227029, 13.392931337111577], [12.918337001551436, 13.406884290777441], [12.875961599648178, 13.410539347812687], [12.846456284030353, 13.423388437626329], [12.830276662937706, 13.424223852049181], [12.818906315773916, 13.421716087127777], [12.798761828395698, 13.403615630157276], [12.792621626187156, 13.402452051321177], [12.77288835561319, 13.39371727623137], [12.758059893049676, 13.367339502316213], [12.751202837640903, 13.359727360829083], [12.748190960444504, 13.354159589693381], [12.736415782562347, 13.348106120800878], [12.737098699845149, 13.345524791336118], [12.73322674431887, 13.341359145108527], [12.732644316382164, 13.337412978426244], [12.733652311604942, 13.336107262640098], [12.737635224585972, 13.337958439730244], [12.740823126985788, 13.33487078116167], [12.739227001225174, 13.32640671369893], [12.729867462613356, 13.326555737657202], [12.725712997656785, 13.32379016138691], [12.71959776782279, 13.322692487568304], [12.712909849709831, 13.324814032341749], [12.708277292563025, 13.323522703010383], [12.707948009393192, 13.321393781997472], [12.71048859597198, 13.316918261768421], [12.719991686167418, 13.314098002221101], [12.718870508567193, 13.308879445929733], [12.714707571996883, 13.306717577354334], [12.708757965807536, 13.307718110902158], [12.706238764207626, 13.310666113750187], [12.706363830226621, 13.31554371906742], [12.701253958803193, 13.320582124065822], [12.69862755621682, 13.320957323921391], [12.693315971355048, 13.318446536378588], [12.687008455675766, 13.320659871356042], [12.687467259206699, 13.318869222236856], [12.685366440209123, 13.317786750558128], [12.683799667420772, 13.321123902646036], [12.681778283740869, 13.320599666241662], [12.684276961912303, 13.313259896127363], [12.691694381290688, 13.302803074002725], [12.688982406412947, 13.297227708991613], [12.685197007935642, 13.29613593292703], [12.684912251998867, 13.294239544219636], [12.687135014569321, 13.294979090013044], [12.687049588867467, 13.292367581998349], [12.684483061344281, 13.291208613986385], [12.676955108991137, 13.282356114942786], [12.676903900694526, 13.27728648278503], [12.675623690580892, 13.275545398001782], [12.672653603980677, 13.277542525167462], [12.672858438066498, 13.27467485516047], [12.66927385010814, 13.273036186071181], [12.668096056587785, 13.273753104022603], [12.665740470446394, 13.27718406709107], [12.665125969987571, 13.28532620244232], [12.65662537566061, 13.290959125863026], [12.65411616373001, 13.290805500073816], [12.651402118612907, 13.287016078928957], [12.643720858830648, 13.288552331425024], [12.642389441319722, 13.293109877918596], [12.644693819164445, 13.294185254845672], [12.642415045018367, 13.300957565339445], [12.647894344448503, 13.30542549798838], [12.646140456017292, 13.307691469385873], [12.644069993635355, 13.307597357132352], [12.640232296883028, 13.302195303170777], [12.639958846323736, 13.297271943045757], [12.633686638927315, 13.289452083347044], [12.632685183574438, 13.285426826686773], [12.625541165292589, 13.278644878158673], [12.622980999573542, 13.277950999938753], [12.618984001410581, 13.279949000346164], [12.610979000980137, 13.278952000234653], [12.603985999554311, 13.280946999604396], [12.600979000280688, 13.286947000203952], [12.597974000199997, 13.286953999627428], [12.59098499985788, 13.282954000426855], [12.588975999842546, 13.277945999708152], [12.589977000138504, 13.273960000253851], [12.58798500000779, 13.271948000100167], [12.588986000303748, 13.267960999700449], [12.587989000192238, 13.265952999731212], [12.589974000000154, 13.264959999804205], [12.589982000369048, 13.257953999577467], [12.593984999708027, 13.256950000042536], [12.592979000080845, 13.254960000004019], [12.58698399971189, 13.253953000330739], [12.581982000169205, 13.250953999627427], [12.577802849721763, 13.246100568986094], [12.574948831423455, 13.245869469300601], [12.573070575746499, 13.241514186630468], [12.569071010918492, 13.243912710003599], [12.56472781783458, 13.244111095950359], [12.564657498944484, 13.239587373858285], [12.565807473735958, 13.238276199187283], [12.56844942739923, 13.238574873931327], [12.570104769019906, 13.233984396962398], [12.565973709818877, 13.228126421796958], [12.551080853998258, 13.227009156247618], [12.555029874229376, 13.222814507783369], [12.555800655276073, 13.219925532837124], [12.554030463035474, 13.212197491221275], [12.538179152945588, 13.215327059995843], [12.534162377791574, 13.2070369403026], [12.550474229801921, 13.202389457107813], [12.555765429730855, 13.203535789645002], [12.559080406335738, 13.20121506482343], [12.560138906585337, 13.196281761793898], [12.555221606092289, 13.19242987733702], [12.54997648562636, 13.184971971379412], [12.549402800898577, 13.180382489959982], [12.54981257608955, 13.172186988838519], [12.552107315899946, 13.168744878673238], [12.549238891361824, 13.162762163043453], [12.555549426065227, 13.163171938234427], [12.556860706856185, 13.162434343070515], [12.556287021229082, 13.161286972715686], [12.543502039587509, 13.156369672222638], [12.539981999569648, 13.151948999846525], [12.532981999619608, 13.153950000392229], [12.52697599964273, 13.153951000438383], [12.524596773922042, 13.149271640773634], [12.519981999969389, 13.147953999977176], [12.519981243639506, 13.14644665259101], [12.508494136595175, 13.139692157667014], [12.496695424354414, 13.112723280055377], [12.478631764044735, 13.091796385195096], [12.459165574131987, 13.06611061081611], [12.429575920092702, 13.07302761143518], [12.425446684716803, 13.054883219884744], [12.41917194123215, 13.045853123622805], [12.408476351802221, 13.023484852044362], [12.40762070533134, 13.007089431432178], [12.409474607367258, 12.995695364649407], [12.414893705280349, 12.984439736804461], [12.412617748710204, 12.966842383069547], [12.405521470939163, 12.94308780295978], [12.394541236189127, 12.916384550906344], [12.398387609600547, 12.904405352824824], [12.405077207647082, 12.89676814993021], [12.408308053573876, 12.887785041446534], [12.40924346901096, 12.859631009363625], [12.431317755809857, 12.852105165920705], [12.460160634405781, 12.81418229937367], [12.473782151025489, 12.806996477005839], [12.476687136602095, 12.80338693196137], [12.476016578702172, 12.801319571341196], [12.477528571086737, 12.800594036085954], [12.481247245264228, 12.803612390199703], [12.484987701920943, 12.801647797807675], [12.490747714835209, 12.7739661409247], [12.497416064599747, 12.76519853698295], [12.49920212178057, 12.709766915210992], [12.536318789280756, 12.721070244895941], [12.528285664351984, 12.738743736134552], [12.532043012974725, 12.745150591826416], [12.551774069417831, 12.749332140765716], [12.561942437593473, 12.759809944073709], [12.575104012140514, 12.7668775190823], [12.59079220139904, 12.780852094248814], [12.607596776669936, 12.78780085082866], [12.627386504883361, 12.811874272080047], [12.628104261902195, 12.81015275744386], [12.636616141821548, 12.811927036203826], [12.640265224660425, 12.815135545668966], [12.638543673152071, 12.826747732222088], [12.647782175606949, 12.835350387910125], [12.663356120388698, 12.842037695383397], [12.674367595787942, 12.83879197466996], [12.677202929771454, 12.849783247698781], [12.675207415989519, 12.852663229424536], [12.696136668872214, 12.868494345237877], [12.714408298304363, 12.888044122638178], [12.737309331860217, 12.89818937463997], [12.755110952208724, 12.916569580122086], [12.763726841420635, 12.938576844046167], [12.784803092089078, 12.957061444630028], [12.812041188050443, 12.996110864025184], [12.82476645380882, 13.034964591842481], [12.838087776729537, 13.032212875923562], [12.855730248552163, 13.031895724608034]]]}}, {"type": "Feature", "properties": {"zoneId": "PSE--rafah"}, "geometry": {"type": "Polygon", "coordinates": [[[34.2441495150001, 31.3417902740001], [34.2421151460001, 31.343020359], [34.2186651850001, 31.3237523290001], [34.2354583790001, 31.2968885290001], [34.2401102170001, 31.2958340050001], [34.265970854, 31.2243847880001], [34.2804966740001, 31.2292094200001], [34.2932404630001, 31.2414405860001], [34.3178027600001, 31.2520362390001], [34.3258536870001, 31.257389835], [34.324589544, 31.2608473620001], [34.329400331, 31.2642819490001], [34.324060893, 31.273101706], [34.319936264, 31.2714156330001], [34.31936775, 31.2725580800001], [34.3155146720001, 31.286464059], [34.3134151940001, 31.287913772], [34.315328101, 31.295160905], [34.305173417, 31.293220875], [34.2969406290001, 31.293429847], [34.2861502900001, 31.299416265], [34.285905481, 31.2968559600001], [34.28306538, 31.298611486], [34.2771772780001, 31.304102696], [34.282452644, 31.3108001410001], [34.2846928550001, 31.3166263270001], [34.281993904, 31.317762429], [34.276248523, 31.3246768280001], [34.2728001350001, 31.3261585670001], [34.2719126800001, 31.3206746700001], [34.270548697, 31.3212567470001], [34.269593404, 31.319839938], [34.2633752880001, 31.3304723430001], [34.25763584, 31.3368325800001], [34.2537781770001, 31.333138885], [34.251776281, 31.335807931], [34.2525914020001, 31.336742783], [34.2476887080001, 31.3380772080001], [34.2441599490001, 31.3417813520001], [34.2441495150001, 31.3417902740001]]]}}, {"type": "Feature", "properties": {"zoneId": "SDN-aj-jazirah-sharg-al-jazirah"}, "geometry": {"type": "Polygon", "coordinates": [[[33.56927465800004, 15.455505445000028], [33.52789306600005, 15.467895508000026], [33.48590087900004, 15.4375], [33.41851806600005, 15.401306152000075], [33.379089355000076, 15.383911133000026], [33.369323730000076, 15.381286621000072], [33.30889892600004, 15.390319824000073], [33.26788330100004, 15.322326660000044], [33.21447753900003, 15.293518066000047], [33.21508789100005, 15.280517578000058], [33.21270752000004, 15.22967529300007], [33.20672607400007, 15.217895508000026], [33.19769287100007, 15.216918945000032], [33.184875488000046, 15.218078613000046], [33.168884277000075, 15.214111328000058], [33.14868164100005, 15.225524902000075], [33.11492919900007, 15.279296875000057], [33.07489013700007, 15.290283203000058], [33.040893555000025, 15.28369140600006], [33.02181666200005, 15.276903307000055], [33.034872258000064, 15.267531616000042], [33.03261108000004, 15.250542780000046], [33.038845879000064, 15.248345621000055], [33.04076075100005, 15.234819395000045], [33.08067590700006, 15.212973465000061], [33.096384785000055, 15.201079593000031], [33.10581012200004, 15.188512486000036], [33.12376312600003, 15.15036234400003], [33.137003470000025, 15.13824405400004], [33.144633500000054, 15.123657239000067], [33.15309881200005, 15.11632977100004], [33.16271357100004, 15.11481165500004], [33.177135735000036, 15.109245206000026], [33.18675050200005, 15.098112315000037], [33.18628736100004, 15.094259359000034], [33.19267275300007, 15.084587364000072], [33.18421925900003, 15.049038874000075], [33.197875003000036, 15.028013114000032], [33.23905925300005, 15.00308586400007], [33.24518709100005, 14.997816433000025], [33.22097465500008, 14.941214984000055], [33.21259334100006, 14.915421308000077], [33.23442909100004, 14.887426683000058], [33.23678959100005, 14.872925933000033], [33.24319709100007, 14.858425433000036], [33.26545384100007, 14.847201368000071], [33.280966216000024, 14.833375118000049], [33.289734216000056, 14.806059868000034], [33.29677196600005, 14.796314618000054], [33.30634471600007, 14.788676868000039], [33.31966059100006, 14.774599868000053], [33.318138841000064, 14.759381618000077], [33.312051591000056, 14.741880368000068], [33.320802091000076, 14.730086118000031], [33.33221584100005, 14.734271368000066], [33.343249092000065, 14.75633786800006], [33.35998934200006, 14.753674618000048], [33.37102259200003, 14.739978118000067], [33.37482734200006, 14.685952867000026], [33.40792709200008, 14.649048367000034], [33.41620173100006, 14.63384614000006], [33.40946514900003, 14.62116455100005], [33.41294842100007, 14.61663629700007], [33.42612247400007, 14.614945366000029], [33.437470337000036, 14.589928375000056], [33.445081049000066, 14.584583777000034], [33.456008447000045, 14.576910041000076], [33.458883110000045, 14.558392550000065], [33.46223193700007, 14.55504372300004], [33.477225592000025, 14.562010367000028], [33.497757282000066, 14.568772697000043], [33.50645307900004, 14.568794395000054], [33.535252842000034, 14.573353992000023], [33.53714796100007, 14.603266654000038], [33.58384871700002, 14.609445367000035], [33.635144342000046, 14.605182617000025], [33.64674101300005, 14.641542110000046], [33.65830534200006, 14.641416492000076], [33.66782571700003, 14.661167117000048], [33.67365134200003, 14.678218367000056], [33.68395255300004, 14.693734100000029], [33.69378576400004, 14.701675516000023], [33.69952009300005, 14.711058964000074], [33.697956185000066, 14.71913915500005], [33.70290856100007, 14.727479997000046], [33.73294871100006, 14.719764158000032], [33.76103380500007, 14.734778234000032], [33.77510634200007, 14.72797336800005], [33.93821959200005, 14.731086368000035], [34.17449951200007, 14.919494629000042], [34.04150390600006, 15.143310547000056], [33.774108891000026, 15.261901851000061], [33.763671894000026, 15.271103874000062], [33.73529051700007, 15.291503911000063], [33.71306127300005, 15.296874412000022], [33.66052246100003, 15.29772949200003], [33.65228271500007, 15.30072021500007], [33.649902344000054, 15.309326172000056], [33.64788818400007, 15.336120605000076], [33.64270019500003, 15.368103027000075], [33.633728027000075, 15.39929199200003], [33.59808351500004, 15.434067742000025], [33.58148193400007, 15.438476562000062], [33.57507324200003, 15.438476562000062], [33.56927465800004, 15.455505445000028]]]}}, {"type": "Feature", "properties": {"zoneId": "SDN-blue-nile-al-kurmuk"}, "geometry": {"type": "Polygon", "coordinates": [[[34.510794702000055, 10.839444085000025], [34.51134681900004, 10.946408131000055], [34.50921459700004, 10.998311686000022], [34.52592253500006, 10.999909685000034], [34.577266767000026, 11.137614148000068], [34.62436676900006, 11.285377309000069], [34.38401273000005, 11.291650402000073], [34.32778929500006, 11.268857952000076], [34.31668337800005, 11.261222891000045], [34.30806765700004, 11.268740371000035], [34.30168308700007, 11.253516940000054], [34.264769358000024, 11.225895625000021], [34.21609538700005, 11.200877287000026], [34.18510653300007, 11.195919407000076], [34.15793359400004, 11.170746860000065], [34.06898049800003, 11.153334008000058], [34.050687450000055, 11.13471301800007], [34.000623732000065, 11.130499900000075], [33.97675003100005, 11.033724793000033], [33.91664410900006, 11.00174187400006], [33.97274253300003, 10.93067185800004], [34.047480636000046, 10.777545830000065], [34.00392899800005, 10.781379512000058], [33.847683560000064, 10.771119933000023], [33.78354453400004, 10.749265645000037], [33.557308728000066, 10.64446553700003], [33.49802121700003, 10.640291868000077], [33.66782121700004, 10.44139186800004], [33.67212121700004, 10.439491868000061], [33.72732121700005, 10.393291868000063], [33.72872121700004, 10.390491868000026], [33.79392121700005, 10.337591868000061], [33.81062121700006, 10.305791868000028], [33.90152121700004, 10.161591868000073], [33.93242121700007, 10.163491868000051], [33.95092121700003, 10.16199186800003], [33.95952121700003, 10.158691868000062], [33.966221217000054, 10.153891868000073], [33.97002121700007, 10.148191868000026], [33.97142121700006, 10.140591868000058], [33.96662121700007, 10.126791868000055], [33.970521217000055, 10.110591868000029], [33.97092121700007, 10.09299186800007], [33.97572121700006, 10.085891868000033], [33.99002121700005, 10.071091868000053], [33.99572121700004, 10.062091868000039], [33.99232121700004, 10.042091868000057], [33.99472121700006, 10.021191868000074], [33.99952121700005, 10.00739186800007], [33.99952121700005, 9.999791868000045], [33.99382121700006, 9.988291868000033], [33.98852121700003, 9.969791868000073], [33.98812121700007, 9.960691868000026], [33.99042121700006, 9.949291868000046], [33.98952121700006, 9.940291868000031], [33.99332121700007, 9.929291868000064], [33.99282121700003, 9.910791868000047], [33.98852121700003, 9.898391868000033], [33.97712121700005, 9.880291868000029], [33.97662121700006, 9.861791868000068], [33.96862121700008, 9.836991868000041], [33.966221217000054, 9.82419186800007], [33.96862121700008, 9.813191868000047], [33.96522121700008, 9.802691868000068], [33.95672121700005, 9.794191868000041], [33.954821217000074, 9.788491868000051], [33.94432121700004, 9.77419186800006], [33.934821217000035, 9.76939186800007], [33.924321217000056, 9.766591868000035], [33.920521217000044, 9.761791868000046], [33.91812121700008, 9.756591868000044], [33.917221217000076, 9.746091868000065], [33.90672121700004, 9.698991868000064], [33.89862121700003, 9.679991868000059], [33.89672121700005, 9.660391868000033], [33.89192121700006, 9.63519186800005], [33.887721217000035, 9.623791868000069], [33.88722121700005, 9.618591868000067], [33.888621217000036, 9.614291868000066], [33.88672121700006, 9.597191868000039], [33.88822121700008, 9.573391868000044], [33.887721217000035, 9.54619186800005], [33.89952121700003, 9.498591868000062], [34.11272121700006, 9.498591868000062], [34.10872121700004, 9.566491868000071], [34.17162121700005, 9.778291868000053], [34.22492121700003, 9.89919186800006], [34.225321217000044, 9.90429186800003], [34.22102121700004, 9.928691868000044], [34.22152121700003, 9.936291868000069], [34.24292121700006, 10.05329186800003], [34.26632121700004, 10.068591868000055], [34.281521217000034, 10.080491868000024], [34.33672121700005, 10.116191868000044], [34.333821217000036, 10.133291868000072], [34.333821217000036, 10.142791868000074], [34.337221217000035, 10.151391868000076], [34.34142121700006, 10.155691868000076], [34.34812121700003, 10.170391868000024], [34.34342121700007, 10.19139186800004], [34.349521217000074, 10.215591868000047], [34.33762121700005, 10.266991868000048], [34.323821217000045, 10.311291868000069], [34.30052121700004, 10.396891868000068], [34.30192121700003, 10.408391868000024], [34.31192121700008, 10.440691868000044], [34.30962121700003, 10.461191868000071], [34.30002121700005, 10.493491868000035], [34.29052121700005, 10.514991868000038], [34.28622121700005, 10.532991868000067], [34.291021217000036, 10.542591868000045], [34.30292121700006, 10.558291868000026], [34.30392121700004, 10.569591868000032], [34.30002121700005, 10.574891868000066], [34.302421217000074, 10.578691868000021], [34.35192121700004, 10.627291868000043], [34.35332121700003, 10.630091868000022], [34.39762121700005, 10.675291868000045], [34.46802121700006, 10.809491868000066], [34.510794702000055, 10.839444085000025]]]}}, {"type": "Feature", "properties": {"zoneId": "SDN-blue-nile-al-kurmuk"}, "geometry": {"type": "Polygon", "coordinates": [[[34.510794702000055, 10.839444085000025], [34.51134681900004, 10.946408131000055], [34.50921459700004, 10.998311686000022], [34.52592253500006, 10.999909685000034], [34.577266767000026, 11.137614148000068], [34.62436676900006, 11.285377309000069], [34.38401273000005, 11.291650402000073], [34.32778929500006, 11.268857952000076], [34.31668337800005, 11.261222891000045], [34.30806765700004, 11.268740371000035], [34.30168308700007, 11.253516940000054], [34.264769358000024, 11.225895625000021], [34.21609538700005, 11.200877287000026], [34.18510653300007, 11.195919407000076], [34.15793359400004, 11.170746860000065], [34.06898049800003, 11.153334008000058], [34.050687450000055, 11.13471301800007], [34.000623732000065, 11.130499900000075], [33.97675003100005, 11.033724793000033], [33.91664410900006, 11.00174187400006], [33.97274253300003, 10.93067185800004], [34.047480636000046, 10.777545830000065], [34.00392899800005, 10.781379512000058], [33.847683560000064, 10.771119933000023], [33.78354453400004, 10.749265645000037], [33.557308728000066, 10.64446553700003], [33.49802121700003, 10.640291868000077], [33.66782121700004, 10.44139186800004], [33.67212121700004, 10.439491868000061], [33.72732121700005, 10.393291868000063], [33.72872121700004, 10.390491868000026], [33.79392121700005, 10.337591868000061], [33.81062121700006, 10.305791868000028], [33.90152121700004, 10.161591868000073], [33.93242121700007, 10.163491868000051], [33.95092121700003, 10.16199186800003], [33.95952121700003, 10.158691868000062], [33.966221217000054, 10.153891868000073], [33.97002121700007, 10.148191868000026], [33.97142121700006, 10.140591868000058], [33.96662121700007, 10.126791868000055], [33.970521217000055, 10.110591868000029], [33.97092121700007, 10.09299186800007], [33.97572121700006, 10.085891868000033], [33.99002121700005, 10.071091868000053], [33.99572121700004, 10.062091868000039], [33.99232121700004, 10.042091868000057], [33.99472121700006, 10.021191868000074], [33.99952121700005, 10.00739186800007], [33.99952121700005, 9.999791868000045], [33.99382121700006, 9.988291868000033], [33.98852121700003, 9.969791868000073], [33.98812121700007, 9.960691868000026], [33.99042121700006, 9.949291868000046], [33.98952121700006, 9.940291868000031], [33.99332121700007, 9.929291868000064], [33.99282121700003, 9.910791868000047], [33.98852121700003, 9.898391868000033], [33.97712121700005, 9.880291868000029], [33.97662121700006, 9.861791868000068], [33.96862121700008, 9.836991868000041], [33.966221217000054, 9.82419186800007], [33.96862121700008, 9.813191868000047], [33.96522121700008, 9.802691868000068], [33.95672121700005, 9.794191868000041], [33.954821217000074, 9.788491868000051], [33.94432121700004, 9.77419186800006], [33.934821217000035, 9.76939186800007], [33.924321217000056, 9.766591868000035], [33.920521217000044, 9.761791868000046], [33.91812121700008, 9.756591868000044], [33.917221217000076, 9.746091868000065], [33.90672121700004, 9.698991868000064], [33.89862121700003, 9.679991868000059], [33.89672121700005, 9.660391868000033], [33.89192121700006, 9.63519186800005], [33.887721217000035, 9.623791868000069], [33.88722121700005, 9.618591868000067], [33.888621217000036, 9.614291868000066], [33.88672121700006, 9.597191868000039], [33.88822121700008, 9.573391868000044], [33.887721217000035, 9.54619186800005], [33.89952121700003, 9.498591868000062], [34.11272121700006, 9.498591868000062], [34.10872121700004, 9.566491868000071], [34.17162121700005, 9.778291868000053], [34.22492121700003, 9.89919186800006], [34.225321217000044, 9.90429186800003], [34.22102121700004, 9.928691868000044], [34.22152121700003, 9.936291868000069], [34.24292121700006, 10.05329186800003], [34.26632121700004, 10.068591868000055], [34.281521217000034, 10.080491868000024], [34.33672121700005, 10.116191868000044], [34.333821217000036, 10.133291868000072], [34.333821217000036, 10.142791868000074], [34.337221217000035, 10.151391868000076], [34.34142121700006, 10.155691868000076], [34.34812121700003, 10.170391868000024], [34.34342121700007, 10.19139186800004], [34.349521217000074, 10.215591868000047], [34.33762121700005, 10.266991868000048], [34.323821217000045, 10.311291868000069], [34.30052121700004, 10.396891868000068], [34.30192121700003, 10.408391868000024], [34.31192121700008, 10.440691868000044], [34.30962121700003, 10.461191868000071], [34.30002121700005, 10.493491868000035], [34.29052121700005, 10.514991868000038], [34.28622121700005, 10.532991868000067], [34.291021217000036, 10.542591868000045], [34.30292121700006, 10.558291868000026], [34.30392121700004, 10.569591868000032], [34.30002121700005, 10.574891868000066], [34.302421217000074, 10.578691868000021], [34.35192121700004, 10.627291868000043], [34.35332121700003, 10.630091868000022], [34.39762121700005, 10.675291868000045], [34.46802121700006, 10.809491868000066], [34.510794702000055, 10.839444085000025]]]}}, {"type": "Feature", "properties": {"zoneId": "SDN-blue-nile-al-kurmuk"}, "geometry": {"type": "Polygon", "coordinates": [[[34.510794702000055, 10.839444085000025], [34.51134681900004, 10.946408131000055], [34.50921459700004, 10.998311686000022], [34.52592253500006, 10.999909685000034], [34.577266767000026, 11.137614148000068], [34.62436676900006, 11.285377309000069], [34.38401273000005, 11.291650402000073], [34.32778929500006, 11.268857952000076], [34.31668337800005, 11.261222891000045], [34.30806765700004, 11.268740371000035], [34.30168308700007, 11.253516940000054], [34.264769358000024, 11.225895625000021], [34.21609538700005, 11.200877287000026], [34.18510653300007, 11.195919407000076], [34.15793359400004, 11.170746860000065], [34.06898049800003, 11.153334008000058], [34.050687450000055, 11.13471301800007], [34.000623732000065, 11.130499900000075], [33.97675003100005, 11.033724793000033], [33.91664410900006, 11.00174187400006], [33.97274253300003, 10.93067185800004], [34.047480636000046, 10.777545830000065], [34.00392899800005, 10.781379512000058], [33.847683560000064, 10.771119933000023], [33.78354453400004, 10.749265645000037], [33.557308728000066, 10.64446553700003], [33.49802121700003, 10.640291868000077], [33.66782121700004, 10.44139186800004], [33.67212121700004, 10.439491868000061], [33.72732121700005, 10.393291868000063], [33.72872121700004, 10.390491868000026], [33.79392121700005, 10.337591868000061], [33.81062121700006, 10.305791868000028], [33.90152121700004, 10.161591868000073], [33.93242121700007, 10.163491868000051], [33.95092121700003, 10.16199186800003], [33.95952121700003, 10.158691868000062], [33.966221217000054, 10.153891868000073], [33.97002121700007, 10.148191868000026], [33.97142121700006, 10.140591868000058], [33.96662121700007, 10.126791868000055], [33.970521217000055, 10.110591868000029], [33.97092121700007, 10.09299186800007], [33.97572121700006, 10.085891868000033], [33.99002121700005, 10.071091868000053], [33.99572121700004, 10.062091868000039], [33.99232121700004, 10.042091868000057], [33.99472121700006, 10.021191868000074], [33.99952121700005, 10.00739186800007], [33.99952121700005, 9.999791868000045], [33.99382121700006, 9.988291868000033], [33.98852121700003, 9.969791868000073], [33.98812121700007, 9.960691868000026], [33.99042121700006, 9.949291868000046], [33.98952121700006, 9.940291868000031], [33.99332121700007, 9.929291868000064], [33.99282121700003, 9.910791868000047], [33.98852121700003, 9.898391868000033], [33.97712121700005, 9.880291868000029], [33.97662121700006, 9.861791868000068], [33.96862121700008, 9.836991868000041], [33.966221217000054, 9.82419186800007], [33.96862121700008, 9.813191868000047], [33.96522121700008, 9.802691868000068], [33.95672121700005, 9.794191868000041], [33.954821217000074, 9.788491868000051], [33.94432121700004, 9.77419186800006], [33.934821217000035, 9.76939186800007], [33.924321217000056, 9.766591868000035], [33.920521217000044, 9.761791868000046], [33.91812121700008, 9.756591868000044], [33.917221217000076, 9.746091868000065], [33.90672121700004, 9.698991868000064], [33.89862121700003, 9.679991868000059], [33.89672121700005, 9.660391868000033], [33.89192121700006, 9.63519186800005], [33.887721217000035, 9.623791868000069], [33.88722121700005, 9.618591868000067], [33.888621217000036, 9.614291868000066], [33.88672121700006, 9.597191868000039], [33.88822121700008, 9.573391868000044], [33.887721217000035, 9.54619186800005], [33.89952121700003, 9.498591868000062], [34.11272121700006, 9.498591868000062], [34.10872121700004, 9.566491868000071], [34.17162121700005, 9.778291868000053], [34.22492121700003, 9.89919186800006], [34.225321217000044, 9.90429186800003], [34.22102121700004, 9.928691868000044], [34.22152121700003, 9.936291868000069], [34.24292121700006, 10.05329186800003], [34.26632121700004, 10.068591868000055], [34.281521217000034, 10.080491868000024], [34.33672121700005, 10.116191868000044], [34.333821217000036, 10.133291868000072], [34.333821217000036, 10.142791868000074], [34.337221217000035, 10.151391868000076], [34.34142121700006, 10.155691868000076], [34.34812121700003, 10.170391868000024], [34.34342121700007, 10.19139186800004], [34.349521217000074, 10.215591868000047], [34.33762121700005, 10.266991868000048], [34.323821217000045, 10.311291868000069], [34.30052121700004, 10.396891868000068], [34.30192121700003, 10.408391868000024], [34.31192121700008, 10.440691868000044], [34.30962121700003, 10.461191868000071], [34.30002121700005, 10.493491868000035], [34.29052121700005, 10.514991868000038], [34.28622121700005, 10.532991868000067], [34.291021217000036, 10.542591868000045], [34.30292121700006, 10.558291868000026], [34.30392121700004, 10.569591868000032], [34.30002121700005, 10.574891868000066], [34.302421217000074, 10.578691868000021], [34.35192121700004, 10.627291868000043], [34.35332121700003, 10.630091868000022], [34.39762121700005, 10.675291868000045], [34.46802121700006, 10.809491868000066], [34.510794702000055, 10.839444085000025]]]}}, {"type": "Feature", "properties": {"zoneId": "SDN-blue-nile-baw"}, "geometry": {"type": "Polygon", "coordinates": [[[34.38401273000005, 11.291650402000073], [34.381928568000035, 11.347488337000073], [34.374809597000024, 11.376381437000077], [34.37255700400004, 11.422076898000057], [34.359419367000044, 11.46212083000006], [34.33938954000007, 11.490037400000062], [34.30675291600005, 11.559933268000066], [34.28480909100006, 11.60324433900007], [34.285148253000045, 11.61503358300007], [34.280635080000025, 11.633776262000026], [34.272126499000024, 11.646124909000036], [34.257977468000036, 11.651985151000076], [34.22463453800003, 11.671832133000066], [34.21737805400005, 11.681364368000061], [34.17287824500005, 11.683161038000037], [34.16179785400004, 11.664349292000054], [34.12596755000004, 11.60254311400007], [34.03528397800005, 11.535516104000067], [33.98304879800003, 11.565399425000066], [33.87582798300008, 11.517887502000065], [33.76841390200008, 11.473500813000044], [33.757018361000064, 11.484645013000033], [33.737897572000065, 11.476938947000065], [33.658470074000036, 11.42317081300007], [33.286888893000025, 10.960411196000052], [33.249921217000065, 10.918191868000065], [33.26572121700008, 10.829191868000066], [33.24092121700005, 10.783091868000042], [33.219021217000034, 10.734991868000066], [33.48272121700006, 10.657891868000036], [33.49802121700003, 10.640291868000077], [33.557308728000066, 10.64446553700003], [33.78354453400004, 10.749265645000037], [33.847683560000064, 10.771119933000023], [34.00392899800005, 10.781379512000058], [34.047480636000046, 10.777545830000065], [33.97274253300003, 10.93067185800004], [33.91664410900006, 11.00174187400006], [33.97675003100005, 11.033724793000033], [34.000623732000065, 11.130499900000075], [34.050687450000055, 11.13471301800007], [34.06898049800003, 11.153334008000058], [34.15793359400004, 11.170746860000065], [34.18510653300007, 11.195919407000076], [34.21609538700005, 11.200877287000026], [34.264769358000024, 11.225895625000021], [34.30168308700007, 11.253516940000054], [34.30806765700004, 11.268740371000035], [34.31668337800005, 11.261222891000045], [34.32778929500006, 11.268857952000076], [34.38401273000005, 11.291650402000073]]]}}, {"type": "Feature", "properties": {"zoneId": "SDN-central-darfur-bendasi"}, "geometry": {"type": "Polygon", "coordinates": [[[22.638858295000034, 12.617552800000055], [22.647267166000063, 12.59631108700006], [22.659474197000065, 12.572690482000041], [22.695301725000036, 12.473874022000075], [22.692643321000048, 12.460713777000024], [22.686696, 12.43267497000005], [22.692677322000065, 12.39068364600007], [22.725086990000023, 12.324277395000024], [22.73210596200005, 12.288510501000076], [22.724293533000036, 12.256101127000022], [22.624501053000074, 12.101682180000068], [22.592239391000078, 12.06041268000007], [22.597950266000055, 12.053274305000059], [22.604914792000045, 12.050488470000062], [22.61211706200004, 12.050956150000047], [22.63191706200007, 12.060556150000025], [22.636973391000026, 12.060888680000062], [22.623172516000068, 12.003781555000046], [22.580818141000066, 11.851971930000047], [22.563686016000077, 11.756793430000073], [22.55321651500003, 11.707776555000066], [22.560354766000046, 11.631157930000029], [22.601757391000035, 11.573099055000057], [22.638401016000046, 11.533600055000022], [22.657912641000053, 11.515516180000077], [22.668858141000044, 11.510757180000041], [22.742621391000057, 11.48743855500004], [22.769036123000035, 11.462140709000039], [22.777055719000032, 11.492984097000033], [22.794191717000047, 11.538161097000057], [22.81288571500005, 11.570876097000053], [22.837811712000075, 11.581781097000032], [22.911808705000055, 11.579444098000067], [22.939260690000026, 11.602823672000056], [22.96273807800003, 11.642205098000034], [23.015340753000032, 11.704778651000026], [23.02408222200006, 11.758077369000034], [23.031655573000023, 11.788370773000054], [23.045287605000055, 11.808061486000042], [23.072551669000063, 11.819421513000066], [23.08434169700007, 11.829405382000061], [23.093295687000023, 11.889452100000028], [23.10965268500007, 11.916714100000036], [23.143925683000077, 11.938524100000052], [23.144704667000042, 11.950208100000054], [23.203901678000022, 11.989154101000054], [23.217143677000024, 11.999280101000068], [23.267202904000044, 12.163165141000036], [23.264340204000064, 12.164527552000038], [23.206075166000062, 12.157181555000022], [23.169094349000034, 12.161381540000036], [23.089085354000076, 12.160330041000066], [23.025266702000067, 12.15769602000006], [22.95564523400003, 12.15768838200006], [22.95909454100007, 12.17380303400006], [22.95593653900005, 12.198668030000022], [22.957515525000076, 12.240505036000059], [22.961857531000078, 12.273264050000023], [22.961700089000033, 12.290278896000075], [22.96555909800003, 12.327816529000074], [22.998518841000077, 12.358729825000069], [22.993431539000028, 12.387722045000032], [22.97172454500003, 12.409430040000075], [22.965409543000078, 12.42284903600006], [22.963435546000028, 12.44139903000007], [22.97172454500003, 12.46468604200004], [22.983170545000064, 12.47889402900006], [23.03763652200007, 12.503760027000055], [23.061712526000065, 12.529019033000054], [23.087366544000076, 12.567699038000057], [23.10789053600007, 12.608351038000023], [23.11047837800004, 12.625741882000057], [23.108299672000044, 12.627697100000034], [23.064555676000055, 12.613699100000076], [23.018186680000042, 12.611949099000071], [22.956069685000045, 12.615449099000045], [22.93419768700005, 12.620698099000037], [22.906201689000056, 12.597951098000067], [22.88170469100004, 12.608450098000048], [22.85545869400005, 12.603200098000059], [22.818713697000078, 12.609325098000056], [22.78284270100005, 12.618073097000035], [22.760095703000047, 12.620698097000059], [22.735599705000027, 12.63732109700004], [22.72685070600005, 12.639071097000055], [22.71285270800007, 12.62594709700005], [22.70322870800004, 12.63119709600005], [22.686605710000038, 12.618948096000054], [22.671732621000046, 12.627697101000024], [22.655109511000035, 12.62857205000006], [22.638858295000034, 12.617552800000055]]]}}, {"type": "Feature", "properties": {"zoneId": "SDN-central-darfur-gharb-jabal-marrah"}, "geometry": {"type": "Polygon", "coordinates": [[[24.127253905000032, 13.265254367000068], [24.101793894000025, 13.239651983000044], [24.032470703000058, 13.31671142600004], [24.028282196000077, 13.330702673000076], [24.000930077000078, 13.341118764000043], [23.99336977200005, 13.341794669000024], [23.970185161000074, 13.349882323000031], [23.927917480000076, 13.373107910000044], [23.90810251000005, 13.389683940000054], [23.882104988000037, 13.371290378000026], [23.834538008000038, 13.373473334000039], [23.835905628000035, 13.287294105000058], [23.833429628000033, 13.224898105000022], [23.837886628000035, 13.196176105000063], [23.831943628000033, 13.175872105000053], [23.79579363000005, 13.123876105000022], [23.790849630000025, 13.10720410500005], [23.792976761000034, 13.099363800000049], [23.812233654000067, 13.073454527000024], [23.84218562800004, 13.056525150000027], [23.784124071000065, 12.988208487000065], [23.80327563000003, 12.981079105000049], [23.797062631000074, 12.974038105000034], [23.784700102000045, 12.967697659000066], [23.803630507000037, 12.908839023000041], [23.802103100000068, 12.908154900000056], [23.810775904000025, 12.87793116000006], [23.816012769000054, 12.876962457000047], [23.833211755000036, 12.799744755000063], [23.84803263300006, 12.803459488000044], [23.883326803000045, 12.803999150000038], [24.016723633000026, 12.820922852000024], [24.040724829000055, 12.82645620900007], [24.061659273000032, 12.829048019000027], [24.101078269000027, 12.82971488100003], [24.119330657000035, 12.84300436500007], [24.13290555900005, 12.84300436500007], [24.144674699000063, 12.848470994000024], [24.15548579500006, 12.864672670000061], [24.162456940000027, 12.88484943900005], [24.20909951400006, 12.932681670000022], [24.267446337000024, 12.956434025000021], [24.32605600200003, 12.97551614300005], [24.32363427300004, 13.003912391000028], [24.316153885000062, 13.026353555000071], [24.278751945000067, 13.064586649000034], [24.270440403000066, 13.061262032000059], [24.25714193600004, 13.05876857000004], [24.244674622000048, 13.062093187000073], [24.228051538000045, 13.083703196000044], [24.225558075000038, 13.094508201000053], [24.226389229000063, 13.106975515000045], [24.208934991000035, 13.135234758000024], [24.177351130000034, 13.165156310000043], [24.144936115000064, 13.207545176000053], [24.127253905000032, 13.265254367000068]]]}}, {"type": "Feature", "properties": {"zoneId": "SDN-central-darfur-shamal-jabal-marrah"}, "geometry": {"type": "Polygon", "coordinates": [[[24.246868091000067, 13.264940159000048], [24.265541849000044, 13.226727925000034], [24.270211035000045, 13.20630023800004], [24.278835267000034, 13.194595922000076], [24.288691533000076, 13.190283806000025], [24.315180248000047, 13.185971689000041], [24.32750058000005, 13.188435756000047], [24.341668963000075, 13.187203723000039], [24.350909212000033, 13.184123640000053], [24.354605311000057, 13.165027125000051], [24.35891742800004, 13.161947041000076], [24.36827174800004, 13.16440213900006], [24.379174815000056, 13.14181338000003], [24.37846410900005, 13.137486443000057], [24.38315057500006, 13.127502235000065], [24.39476485700004, 13.125464642000054], [24.40760169600003, 13.126075919000073], [24.413877983000077, 13.121520030000056], [24.42190065400007, 13.130736671000022], [24.439876639000033, 13.115298007000035], [24.446104422000076, 13.120913806000033], [24.446217647000026, 13.126631660000044], [24.446105957000043, 13.130676270000038], [24.45147705100004, 13.14251709000007], [24.485473633000026, 13.162475586000028], [24.52587890600006, 13.182312012000068], [24.545471191000047, 13.185729980000076], [24.554870605000076, 13.198730469000054], [24.563110352000024, 13.203308105000076], [24.59228736400007, 13.21228218500005], [24.608705772000064, 13.227884948000053], [24.616232468000078, 13.22747813500007], [24.620848333000026, 13.229893066000045], [24.630424680000033, 13.244776529000035], [24.63880017100007, 13.247639865000053], [24.642076994000035, 13.252664845000027], [24.63990221800003, 13.263455219000036], [24.71508788700004, 13.384886494000057], [24.71290281200004, 13.397207682000044], [24.683345732000078, 13.430657780000047], [24.581268673000068, 13.41699602500006], [24.543090981000034, 13.415281073000074], [24.467529458000058, 13.416684881000037], [24.420715493000046, 13.399900213000024], [24.269063990000063, 13.351361612000062], [24.24795856000003, 13.265042427000026], [24.246868091000067, 13.264940159000048]]]}}, {"type": "Feature", "properties": {"zoneId": "SDN-central-darfur-wasat-jabal-marrah"}, "geometry": {"type": "Polygon", "coordinates": [[[24.32605600200003, 12.97551614300005], [24.386714668000025, 12.988901359000067], [24.373487632000035, 13.030243749000022], [24.37630634800007, 13.045299852000028], [24.386901855000076, 13.06048584000007], [24.396484375000057, 13.10772705100004], [24.413877983000077, 13.121520030000056], [24.40760169600003, 13.126075919000073], [24.39476485700004, 13.125464642000054], [24.38315057500006, 13.127502235000065], [24.37846410900005, 13.137486443000057], [24.379174815000056, 13.14181338000003], [24.36827174800004, 13.16440213900006], [24.35891742800004, 13.161947041000076], [24.354605311000057, 13.165027125000051], [24.350909212000033, 13.184123640000053], [24.341668963000075, 13.187203723000039], [24.32750058000005, 13.188435756000047], [24.315180248000047, 13.185971689000041], [24.288691533000076, 13.190283806000025], [24.278835267000034, 13.194595922000076], [24.270211035000045, 13.20630023800004], [24.265541849000044, 13.226727925000034], [24.246868091000067, 13.264940159000048], [24.129882812000062, 13.270080566000047], [24.127253905000032, 13.265254367000068], [24.144936115000064, 13.207545176000053], [24.177351130000034, 13.165156310000043], [24.208934991000035, 13.135234758000024], [24.226389229000063, 13.106975515000045], [24.225558075000038, 13.094508201000053], [24.228051538000045, 13.083703196000044], [24.244674622000048, 13.062093187000073], [24.25714193600004, 13.05876857000004], [24.270440403000066, 13.061262032000059], [24.278751945000067, 13.064586649000034], [24.316153885000062, 13.026353555000071], [24.32363427300004, 13.003912391000028], [24.32605600200003, 12.97551614300005]]]}}, {"type": "Feature", "properties": {"zoneId": "SDN-central-darfur-zalingi"}, "geometry": {"type": "Polygon", "coordinates": [[[23.24825261600006, 12.676127637000036], [23.257516662000057, 12.656203101000074], [23.264082161000033, 12.65312547600007], [23.332808407000073, 12.662009602000069], [23.341938656000025, 12.649398102000077], [23.35575265500006, 12.645846102000064], [23.379746779000072, 12.64388510200007], [23.431552401000033, 12.656476103000045], [23.46389664900005, 12.646241103000023], [23.49941764700003, 12.615061103000073], [23.550332644000036, 12.55506910300005], [23.58072264300006, 12.535729103000051], [23.61545564100004, 12.527835104000076], [23.69916801200003, 12.523098479000055], [23.776295730000072, 12.522115456000051], [23.776290756000037, 12.603149933000054], [23.78669691700003, 12.692279394000025], [23.838196191000065, 12.71186679400006], [23.853242769000076, 12.717741802000035], [23.856115559000045, 12.768599029000029], [23.89254302300003, 12.797431388000064], [23.883326803000045, 12.803999150000038], [23.84803263300006, 12.803459488000044], [23.833211755000036, 12.799744755000063], [23.816012769000054, 12.876962457000047], [23.810775904000025, 12.87793116000006], [23.802103100000068, 12.908154900000056], [23.803630507000037, 12.908839023000041], [23.784700102000045, 12.967697659000066], [23.797062631000074, 12.974038105000034], [23.80327563000003, 12.981079105000049], [23.784124071000065, 12.988208487000065], [23.84218562800004, 13.056525150000027], [23.812233654000067, 13.073454527000024], [23.792976761000034, 13.099363800000049], [23.790849630000025, 13.10720410500005], [23.79579363000005, 13.123876105000022], [23.831943628000033, 13.175872105000053], [23.837886628000035, 13.196176105000063], [23.833429628000033, 13.224898105000022], [23.835905628000035, 13.287294105000058], [23.834538008000038, 13.373473334000039], [23.80627441400003, 13.379882812000062], [23.781494141000053, 13.39288330100004], [23.76947021500007, 13.445312500000057], [23.717529297000056, 13.46868896500007], [23.687927246000072, 13.475280762000068], [23.672119141000053, 13.475524902000075], [23.627319336000028, 13.489929199000073], [23.602905273000033, 13.503906250000057], [23.583496094000054, 13.512512207000043], [23.570678711000028, 13.519897461000028], [23.54772949200003, 13.526489258000026], [23.527526855000076, 13.537109375000057], [23.50549316400003, 13.554077148000033], [23.494323730000076, 13.559326172000056], [23.463500977000024, 13.553283691000047], [23.436279297000056, 13.54968261700003], [23.39807128900003, 13.498718262000068], [23.377319336000028, 13.50030517600004], [23.353698730000076, 13.479492187000062], [23.32189941400003, 13.470092773000033], [23.30108642600004, 13.454711914000029], [23.262084961000028, 13.430480957000043], [23.24267578100006, 13.425903320000032], [23.232425767000052, 13.425923341000043], [23.224691132000032, 13.428633393000041], [23.219715896000025, 13.416318411000077], [23.218709887000045, 13.409517331000075], [23.200897785000052, 13.398414108000054], [23.194691482000053, 13.315488333000076], [23.18595879000003, 13.29462886400006], [23.194251618000067, 13.262935127000048], [23.208080618000054, 13.230985127000054], [23.227393618000065, 13.209287127000039], [23.24789861800008, 13.193074127000045], [23.263158618000034, 13.185682127000064], [23.273649618000036, 13.170661127000074], [23.302023618000078, 13.110099126000023], [23.31299161800007, 13.078626126000074], [23.291770618000044, 13.049537126000075], [23.27484161800004, 13.013057126000035], [23.259560118000024, 12.995429126000033], [23.23736361500005, 12.978844112000047], [23.227263618000052, 12.932082126000068], [23.232521618000078, 12.91312812600006], [23.249814618000073, 12.878402126000026], [23.26019161800008, 12.86097012600004], [23.265310618000058, 12.85778812600006], [23.27720861800003, 12.827904126000021], [23.27554857100006, 12.820433078000065], [23.261989614000072, 12.805768130000047], [23.247047618000067, 12.769659126000022], [23.24953861800003, 12.756654126000058], [23.25368861800007, 12.71418012600003], [23.24732461800005, 12.680838126000026], [23.24825261600006, 12.676127637000036]]]}}, {"type": "Feature", "properties": {"zoneId": "SDN-east-darfur-ad-du-ayn"}, "geometry": {"type": "Polygon", "coordinates": [[[26.359578769000052, 11.369879659000048], [26.361863726000024, 11.40025741900007], [26.35768203400005, 11.45709219500003], [26.357798654000078, 11.521641700000032], [26.31014198300005, 11.52967798900005], [26.24111583900003, 11.53622779400007], [26.17679737800006, 11.53442543500006], [26.111308671000074, 11.52474449600004], [26.087640605000047, 11.516002376000074], [26.03305104800006, 11.521426852000047], [26.01647748700003, 11.435615060000032], [26.050102158000072, 11.342039011000054], [26.06066722500003, 11.33662090200005], [26.081487509000056, 11.357857592000073], [26.089333649000025, 11.344364609000024], [26.091241512000067, 11.333180551000055], [26.096282415000076, 11.304608148000057], [26.118719549000048, 11.307893708000051], [26.151099160000058, 11.310297001000038], [26.16067545800007, 11.325330090000023], [26.169714442000043, 11.329230744000029], [26.185526165000056, 11.326842426000042], [26.202305420000073, 11.316260589000024], [26.20907815700008, 11.304711217000033], [26.213317871000072, 11.286926270000038], [26.268676758000026, 11.286926270000038], [26.30908203100006, 11.296325684000067], [26.358703613000046, 11.334899902000075], [26.359578769000052, 11.369879659000048]]]}}, {"type": "Feature", "properties": {"zoneId": "SDN-north-darfur-al-fasher"}, "geometry": {"type": "Polygon", "coordinates": [[[26.182500822000065, 13.641803648000064], [26.125072767000063, 13.762582394000049], [26.106559080000068, 13.795907030000023], [26.095450868000057, 13.808866611000042], [26.025098859000025, 13.864407671000038], [25.973260536000055, 13.892178201000036], [25.945490006000057, 13.944016524000062], [25.95289548100004, 14.010665796000069], [25.971409167000047, 14.106936967000024], [25.97653372600007, 14.115089674000046], [25.900006603000065, 14.095125898000049], [25.87544107100007, 14.02651264800005], [25.819534071000078, 13.945193148000044], [25.629788353000038, 13.94688714800003], [25.528139103000058, 13.887591617000055], [25.433266134000064, 13.922321898000064], [25.445972384000072, 13.959593398000038], [25.411242103000063, 13.993476648000069], [25.390912352000043, 13.998559148000027], [25.357876071000078, 14.044301148000045], [25.360417321000057, 14.071407836000049], [25.339240321000034, 14.09258464800007], [25.31213382100003, 14.11206764800005], [25.263003352000055, 14.125620898000022], [25.251144383000053, 14.12138539800003], [25.232508633000066, 14.15865689800006], [25.220081868000022, 14.17378988300004], [25.210908071000063, 14.19275183600007], [25.207979602000023, 14.193238148000034], [25.159296571000027, 14.203984586000047], [25.026308821000043, 14.196439336000026], [24.97490557100008, 14.18842233600003], [24.95840010200004, 14.164371367000058], [24.94708182100004, 14.089388836000069], [24.93812182100004, 14.068167336000045], [24.875400633000027, 14.030911898000056], [24.86879838300007, 13.99790064800004], [24.84569063300006, 13.977150898000048], [24.772122852000052, 13.964889367000069], [24.73628213300003, 13.947440648000054], [24.72024813300004, 13.906412648000071], [24.721191133000048, 13.864912898000057], [24.688180102000047, 13.82577089800003], [24.621205602000032, 13.798994898000046], [24.613050633000057, 13.799015648000022], [24.613717570000063, 13.790601085000048], [24.625788570000054, 13.774718398000061], [24.620070820000024, 13.755023898000047], [24.619435320000036, 13.73596464800005], [24.568810265000025, 13.62231218200003], [24.627835142000038, 13.61087778500007], [24.672806458000025, 13.621800378000046], [24.74787296900007, 13.628790551000066], [24.771565029000044, 13.620605356000056], [24.840355137000074, 13.610713690000068], [24.904570447000026, 13.63226118700004], [24.92392987100004, 13.628224231000047], [24.95270091100008, 13.633159614000022], [25.006341142000053, 13.610809147000055], [25.108625861000064, 13.551089897000054], [25.146109111000044, 13.532666084000027], [25.167709612000067, 13.499629897000034], [25.17415935500003, 13.482430831000045], [25.239285133000067, 13.509794648000025], [25.26978013300004, 13.51233589800006], [25.281639133000056, 13.503018148000024], [25.299427883000078, 13.46913489800005], [25.31552238300003, 13.444569648000027], [25.370582383000055, 13.432710648000068], [25.537568299000043, 13.450616727000067], [25.552704353000024, 13.452193398000077], [25.72296710300003, 13.482688148000022], [25.82885185300006, 13.506406398000024], [25.88475910300008, 13.501323898000066], [25.92287763400003, 13.51233589800006], [25.978784822000023, 13.549607335000076], [25.998267603000045, 13.582643398000073], [26.06518688400007, 13.60466739800006], [26.110081884000067, 13.614832398000033], [26.170224603000065, 13.640244898000049], [26.182500822000065, 13.641803648000064]]]}}, {"type": "Feature", "properties": {"zoneId": "SDN-north-darfur-al-fasher"}, "geometry": {"type": "Polygon", "coordinates": [[[26.182500822000065, 13.641803648000064], [26.125072767000063, 13.762582394000049], [26.106559080000068, 13.795907030000023], [26.095450868000057, 13.808866611000042], [26.025098859000025, 13.864407671000038], [25.973260536000055, 13.892178201000036], [25.945490006000057, 13.944016524000062], [25.95289548100004, 14.010665796000069], [25.971409167000047, 14.106936967000024], [25.97653372600007, 14.115089674000046], [25.900006603000065, 14.095125898000049], [25.87544107100007, 14.02651264800005], [25.819534071000078, 13.945193148000044], [25.629788353000038, 13.94688714800003], [25.528139103000058, 13.887591617000055], [25.433266134000064, 13.922321898000064], [25.445972384000072, 13.959593398000038], [25.411242103000063, 13.993476648000069], [25.390912352000043, 13.998559148000027], [25.357876071000078, 14.044301148000045], [25.360417321000057, 14.071407836000049], [25.339240321000034, 14.09258464800007], [25.31213382100003, 14.11206764800005], [25.263003352000055, 14.125620898000022], [25.251144383000053, 14.12138539800003], [25.232508633000066, 14.15865689800006], [25.220081868000022, 14.17378988300004], [25.210908071000063, 14.19275183600007], [25.207979602000023, 14.193238148000034], [25.159296571000027, 14.203984586000047], [25.026308821000043, 14.196439336000026], [24.97490557100008, 14.18842233600003], [24.95840010200004, 14.164371367000058], [24.94708182100004, 14.089388836000069], [24.93812182100004, 14.068167336000045], [24.875400633000027, 14.030911898000056], [24.86879838300007, 13.99790064800004], [24.84569063300006, 13.977150898000048], [24.772122852000052, 13.964889367000069], [24.73628213300003, 13.947440648000054], [24.72024813300004, 13.906412648000071], [24.721191133000048, 13.864912898000057], [24.688180102000047, 13.82577089800003], [24.621205602000032, 13.798994898000046], [24.613050633000057, 13.799015648000022], [24.613717570000063, 13.790601085000048], [24.625788570000054, 13.774718398000061], [24.620070820000024, 13.755023898000047], [24.619435320000036, 13.73596464800005], [24.568810265000025, 13.62231218200003], [24.627835142000038, 13.61087778500007], [24.672806458000025, 13.621800378000046], [24.74787296900007, 13.628790551000066], [24.771565029000044, 13.620605356000056], [24.840355137000074, 13.610713690000068], [24.904570447000026, 13.63226118700004], [24.92392987100004, 13.628224231000047], [24.95270091100008, 13.633159614000022], [25.006341142000053, 13.610809147000055], [25.108625861000064, 13.551089897000054], [25.146109111000044, 13.532666084000027], [25.167709612000067, 13.499629897000034], [25.17415935500003, 13.482430831000045], [25.239285133000067, 13.509794648000025], [25.26978013300004, 13.51233589800006], [25.281639133000056, 13.503018148000024], [25.299427883000078, 13.46913489800005], [25.31552238300003, 13.444569648000027], [25.370582383000055, 13.432710648000068], [25.537568299000043, 13.450616727000067], [25.552704353000024, 13.452193398000077], [25.72296710300003, 13.482688148000022], [25.82885185300006, 13.506406398000024], [25.88475910300008, 13.501323898000066], [25.92287763400003, 13.51233589800006], [25.978784822000023, 13.549607335000076], [25.998267603000045, 13.582643398000073], [26.06518688400007, 13.60466739800006], [26.110081884000067, 13.614832398000033], [26.170224603000065, 13.640244898000049], [26.182500822000065, 13.641803648000064]]]}}, {"type": "Feature", "properties": {"zoneId": "SDN-north-darfur-al-koma"}, "geometry": {"type": "Polygon", "coordinates": [[[27.44379001200008, 14.097457106000036], [27.419262385000025, 14.099523432000069], [27.34180087200008, 14.100852355000029], [27.34319118700006, 14.256482343000073], [27.34021847100007, 14.267330079000033], [27.231904100000065, 14.259632027000066], [27.18932095100007, 14.264114464000045], [27.145982322000066, 13.973821623000049], [27.47928705700008, 13.979611250000062], [27.471222651000062, 14.020896734000075], [27.44379001200008, 14.097457106000036]]]}}, {"type": "Feature", "properties": {"zoneId": "SDN-north-darfur-al-lait"}, "geometry": {"type": "Polygon", "coordinates": [[[26.806305210000062, 11.752373557000055], [26.82189941400003, 11.749511719000054], [26.87811279300007, 11.748107910000044], [26.893920898000033, 11.751525879000042], [26.915283203000058, 11.75952148400006], [26.949890137000068, 11.77569580100004], [26.969482422000056, 11.781494141000053], [26.99249267600004, 11.784729004000042], [27.05898839400004, 11.790360560000067], [27.159793104000073, 11.786724266000022], [27.218881544000055, 11.763970218000054], [27.219704512000078, 11.763647728000024], [27.181977046000043, 11.882102790000033], [27.14323958600005, 11.963767265000058], [27.100373042000058, 12.046287360000065], [27.064179194000076, 12.102317633000041], [27.06680370600003, 12.13710767300006], [27.074609234000036, 12.181273127000054], [27.066749823000066, 12.17916583400006], [27.023155573000054, 12.161111646000052], [26.968112322000025, 12.128526084000043], [26.941691572000025, 12.120159646000047], [26.86551182200003, 12.080088146000037], [26.829843822000043, 12.058511146000058], [26.799900322000042, 12.052786646000072], [26.766434072000038, 12.056309396000074], [26.708748572000047, 12.07348289600003], [26.68320857200007, 12.085812584000053], [26.62816532200003, 12.098142334000045], [26.557269822000023, 12.07832664600005], [26.497823072000074, 12.05983208400005], [26.469200572000034, 12.056749834000072], [26.433532572000047, 12.05498833400003], [26.37056307200004, 12.043979896000053], [26.33269332200007, 12.026365834000046], [26.291741322000064, 11.99554164600005], [26.270164322000028, 11.983212084000058], [26.243734793000044, 11.953684467000073], [26.236297278000052, 11.932931621000023], [26.351233397000044, 11.876584880000053], [26.539306641000053, 11.858520508000026], [26.63560848900005, 11.84292266600005], [26.702569992000065, 11.806764701000077], [26.743103027000075, 11.789672852000024], [26.752685547000056, 11.782287598000039], [26.761108398000033, 11.770080566000047], [26.806305210000062, 11.752373557000055]]]}}, {"type": "Feature", "properties": {"zoneId": "SDN-north-darfur-al-malha"}, "geometry": {"type": "Polygon", "coordinates": [[[27.494904683000073, 18.715319101000034], [27.495985876000077, 19.72963997900007], [27.49628294100006, 20.00833191600003], [25.002864630000033, 20.020535996000035], [25.002913548000038, 20.00704743700004], [24.00014857000008, 20.00658734800004], [24.00079005400005, 19.56538488800004], [24.001505592000058, 19.073249375000046], [24.00211530400003, 18.653899438000053], [24.002993222000043, 18.05008217900007], [24.00014857000008, 16.819332531000043], [24.002584354000078, 16.763266293000072], [24.003076988000032, 16.50074576800006], [24.326325352000026, 16.514449150000075], [24.447084320000044, 16.482006400000046], [24.535400570000036, 16.35764290000003], [24.55522657000006, 16.009785150000027], [24.573250320000056, 15.79169833700007], [24.573250320000056, 15.389769649000073], [24.524586320000026, 15.195113649000064], [24.528348883000035, 15.188633649000053], [24.527443133000077, 15.191579337000064], [24.870406253000056, 15.188893806000067], [25.28187457100006, 15.186186899000063], [25.28187463300003, 15.006236708000074], [25.24738338800006, 14.758164739000051], [25.246910883000055, 14.754766332000031], [25.398639571000047, 14.698887082000056], [25.529927446000045, 14.727121020000027], [25.651333446000024, 14.732767832000036], [25.75015225900006, 14.749708207000026], [25.80097338400003, 14.724297645000036], [25.82638388400005, 14.686181832000045], [25.86167632100006, 14.618420332000028], [25.88849857100007, 14.621243707000076], [25.925202759000058, 14.657947895000063], [25.97461213400004, 14.698887082000056], [26.059314009000047, 14.710180707000063], [26.159544509000057, 14.698887082000056], [26.218835822000074, 14.679123332000074], [26.312007822000055, 14.662182957000027], [26.408003259000054, 14.608538457000066], [27.020679948000065, 14.41513589400006], [27.283843842000067, 14.344204990000037], [27.32634541500005, 14.331582045000061], [27.306142844000078, 14.399122958000078], [27.19935666300006, 14.803689317000021], [27.119705784000075, 14.918252305000067], [27.069996864000075, 15.077515563000077], [27.045146775000035, 15.36510590100005], [27.00538827200006, 15.837458627000046], [26.969863513000064, 16.217331673000047], [26.941173177000053, 16.52951326400006], [27.492571300000066, 16.52625963500003], [27.494904683000073, 18.715319101000034]]]}}, {"type": "Feature", "properties": {"zoneId": "SDN-north-darfur-as-serief"}, "geometry": {"type": "Polygon", "coordinates": [[[23.951432381000075, 14.115493396000033], [23.913582629000075, 14.124505143000022], [23.73123116900007, 14.202147783000044], [23.51165387900005, 14.301137643000061], [23.41252337900005, 14.326370643000075], [23.329614379000077, 14.342592143000047], [23.284555132000037, 14.342592148000051], [23.185424629000067, 14.360615893000045], [23.142595302000075, 14.357111947000021], [23.139421475000063, 14.320307748000062], [23.116688553000074, 14.23766850800007], [23.106396920000066, 14.21824814100006], [23.122392666000053, 14.20189954500006], [23.135347985000067, 14.184158557000046], [23.15718270600007, 14.158869760000073], [23.18562508800005, 14.158869760000073], [23.220598233000032, 14.165095346000044], [23.220623259000035, 14.145536363000076], [23.207788596000057, 14.104877951000049], [23.217973721000078, 14.088496224000039], [23.24678231400003, 14.011469857000066], [23.24281503000003, 13.990901010000073], [23.23140145600007, 13.978083627000046], [23.205400479000048, 13.959467904000064], [23.191789639000035, 13.954707162000034], [23.168169034000073, 13.928706185000067], [23.151953539000033, 13.904541537000057], [23.229149420000056, 13.872893774000033], [23.257323883000026, 13.850980303000028], [23.258889131000046, 13.83845831900004], [23.24584539800003, 13.822805839000068], [23.22236667900006, 13.801935867000054], [23.207757698000023, 13.78002239500006], [23.211409944000025, 13.761239420000038], [23.23488866300005, 13.730977960000075], [23.287063594000074, 13.691846761000022], [23.301150826000026, 13.674107284000058], [23.316803305000064, 13.665759295000043], [23.342890771000043, 13.664194047000024], [23.365325992000066, 13.67775952900007], [23.374717480000072, 13.675672532000021], [23.381500221000067, 13.657933055000058], [23.389848210000025, 13.645411072000059], [23.463414863000025, 13.60262762800005], [23.50463305900007, 13.594801388000064], [23.57663446500004, 13.60158412900006], [23.595939190000024, 13.614627862000077], [23.61913474800008, 13.636998787000039], [23.63924438300006, 13.64488932200004], [23.65280986500005, 13.64593282100003], [23.66533184900004, 13.654802560000064], [23.680984328000022, 13.66106355100004], [23.692462813000077, 13.66002005300004], [23.70811529300005, 13.645411072000059], [23.715941533000034, 13.634454336000033], [23.720115527000075, 13.621932353000034], [23.731594012000073, 13.609932118000074], [23.747120885000072, 13.587371291000068], [23.900657882000075, 13.670798148000074], [24.00718880900007, 13.760562674000028], [24.22037229700004, 13.988014347000046], [24.190614632000063, 14.001748648000046], [23.964960629000075, 14.088383643000043], [23.951432381000075, 14.115493396000033]]]}}, {"type": "Feature", "properties": {"zoneId": "SDN-north-darfur-at-tawisha"}, "geometry": {"type": "Polygon", "coordinates": [[[27.074609234000036, 12.181273127000054], [27.081818354000063, 12.237693610000065], [27.083222163000073, 12.322898688000066], [27.075775874000044, 12.393089117000045], [27.083222163000073, 12.40132886300006], [27.126374018000035, 12.57851392200007], [27.13010384300003, 12.621463411000036], [27.122589839000057, 12.685508551000055], [27.13152270300003, 12.835671052000066], [27.13797069800006, 12.908531012000026], [27.162201655000047, 12.955894294000075], [27.187072706000038, 12.984046941000031], [26.891241885000056, 12.971277272000066], [26.537278885000035, 12.97468071000003], [26.387425354000072, 12.985607579000032], [26.34472282200005, 12.986300085000039], [26.30829832200004, 12.973593897000057], [26.28458007200004, 12.960040647000028], [26.27526232200006, 12.910910085000069], [26.267638572000067, 12.85585014700007], [26.226978822000035, 12.767753897000034], [26.17191857200004, 12.733023647000039], [26.163447822000023, 12.642386147000025], [26.150741822000043, 12.613585397000065], [26.105846572000075, 12.54751333400003], [26.08130577000003, 12.501832758000035], [26.09210205100004, 12.48640154900005], [26.09210205100004, 12.426648130000046], [26.089294434000067, 12.411206237000044], [26.05072021500007, 12.409253112000044], [26.016906738000046, 12.416028014000062], [25.969482422000056, 12.391797057000076], [25.954845842000054, 12.391808585000035], [25.916619817000026, 12.400469703000056], [25.88929697100008, 12.379188354000064], [25.898055809000027, 12.347419119000051], [25.936096323000072, 12.307372604000022], [25.952841901000056, 12.287638450000031], [25.957636111000056, 12.26414181900003], [25.95986270800006, 12.235956753000039], [25.972473145000038, 12.21569824200003], [25.989074707000043, 12.213928223000039], [26.019714355000076, 12.21569824200003], [26.03328522100003, 12.208943238000074], [26.03369140600006, 12.186279297000056], [26.07769775400004, 12.107116699000073], [26.16650390600006, 12.090087891000053], [26.178100586000028, 12.066101074000073], [26.201416462000054, 12.037770513000055], [26.21636955300005, 11.996344643000043], [26.207990266000024, 11.941496438000058], [26.236297278000052, 11.932931621000023], [26.243734793000044, 11.953684467000073], [26.270164322000028, 11.983212084000058], [26.291741322000064, 11.99554164600005], [26.33269332200007, 12.026365834000046], [26.37056307200004, 12.043979896000053], [26.433532572000047, 12.05498833400003], [26.469200572000034, 12.056749834000072], [26.497823072000074, 12.05983208400005], [26.557269822000023, 12.07832664600005], [26.62816532200003, 12.098142334000045], [26.68320857200007, 12.085812584000053], [26.708748572000047, 12.07348289600003], [26.766434072000038, 12.056309396000074], [26.799900322000042, 12.052786646000072], [26.829843822000043, 12.058511146000058], [26.86551182200003, 12.080088146000037], [26.941691572000025, 12.120159646000047], [26.968112322000025, 12.128526084000043], [27.023155573000054, 12.161111646000052], [27.066749823000066, 12.17916583400006], [27.074609234000036, 12.181273127000054]]]}}, {"type": "Feature", "properties": {"zoneId": "SDN-north-darfur-at-tina"}, "geometry": {"type": "Polygon", "coordinates": [[[23.142595302000075, 14.357111947000021], [23.15404959400007, 14.44485370700005], [23.159998246000043, 14.510288885000023], [23.158416328000044, 14.601943991000041], [23.140189233000058, 14.716231235000066], [23.144948155000066, 14.770482946000072], [23.165887412000075, 14.824734657000022], [23.213372157000038, 15.024398554000072], [23.22489804500003, 15.061728973000072], [23.246789087000025, 15.123594959000059], [23.27724618700006, 15.17689488600007], [23.32673897600006, 15.23400195000005], [23.494329466000067, 15.499127111000064], [23.56132190900007, 15.72778935100007], [23.572778974000073, 15.761796996000044], [23.54534680000006, 15.75625615000007], [23.512176285000066, 15.745790144000068], [23.47964680000007, 15.73195615000003], [23.464446800000076, 15.723156150000023], [23.451246800000035, 15.717856150000046], [23.44254680000006, 15.711556150000035], [23.427346800000066, 15.706756150000047], [23.367846800000052, 15.697756150000032], [23.36114680000003, 15.695356150000066], [23.336846800000046, 15.693456150000031], [23.32907463500004, 15.694383334000065], [23.276905786000043, 15.703957259000049], [23.26214680000004, 15.704356150000024], [23.199446800000032, 15.714656150000053], [23.185546800000054, 15.712956150000025], [23.174146800000074, 15.71345615000007], [23.14574680000004, 15.718356150000034], [23.138446800000054, 15.716756150000037], [23.12030874900006, 15.716745581000055], [23.10984680000007, 15.713856150000026], [23.09634680000005, 15.704056150000042], [23.090346800000077, 15.695856150000054], [23.085646800000063, 15.683956150000029], [23.075046800000052, 15.672956150000061], [23.054246800000044, 15.659156150000058], [23.043246800000077, 15.646356150000031], [23.038546800000063, 15.63775615000003], [23.027246800000057, 15.62355615000007], [23.019546800000057, 15.61865615000005], [22.99564680000003, 15.596356150000076], [22.98144680000007, 15.58585615000004], [22.954746800000066, 15.577756150000027], [22.927046800000028, 15.553856150000058], [22.923346800000047, 15.544956150000075], [22.925246800000025, 15.509256150000056], [22.921985826000025, 15.49016780900007], [22.929046800000037, 15.467856150000046], [22.939246800000035, 15.456756150000047], [22.94854680000003, 15.45315615000004], [22.959912836000058, 15.443581772000073], [22.96854680000007, 15.435056150000037], [22.97334680000006, 15.425556150000034], [22.989446800000053, 15.412156150000044], [22.988046800000063, 15.399856150000062], [22.98994680000004, 15.389356150000026], [22.98904680000004, 15.37435615000004], [23.002346800000055, 15.330356150000057], [23.002846800000043, 15.324156150000022], [23.002346800000055, 15.312256150000053], [22.999946800000032, 15.304656150000028], [22.99474680000003, 15.295556150000039], [22.991846800000076, 15.28365615000007], [22.995146800000043, 15.273256150000066], [22.992846800000052, 15.257956150000041], [22.999446800000044, 15.243256150000036], [22.999946800000032, 15.23655615000007], [22.997146800000053, 15.227556150000055], [22.993246800000065, 15.221856150000065], [22.987146800000062, 15.21655615000003], [22.981846800000028, 15.208456150000075], [22.978346800000054, 15.201156150000031], [22.97718932600003, 15.194638722000036], [22.966646800000035, 15.184756150000055], [22.944746800000075, 15.177056150000055], [22.93721432600006, 15.172747683000068], [22.929046800000037, 15.15665615000006], [22.92544680000003, 15.141356150000036], [22.92714680000006, 15.134756150000044], [22.93424680000004, 15.122856150000075], [22.93578670100004, 15.112785347000056], [22.93424680000004, 15.104256150000026], [22.92664680000007, 15.091456150000056], [22.91865457600005, 15.088514847000056], [22.91294382600006, 15.08803897200005], [22.895246800000052, 15.090056150000066], [22.877146800000048, 15.088556150000045], [22.861446800000067, 15.080456150000032], [22.861946800000055, 15.067656150000062], [22.860546800000066, 15.057156150000026], [22.856246800000065, 15.050056150000046], [22.825046800000052, 15.037156150000044], [22.816067231000034, 15.03560163700007], [22.811946800000044, 15.032056150000074], [22.806246800000054, 15.021456150000063], [22.801446800000065, 15.019456150000053], [22.79154680000005, 15.001956150000069], [22.79154680000005, 14.995756150000034], [22.787746800000036, 14.98535615000003], [22.782502436000073, 14.983608029000038], [22.87599374000007, 14.898676889000058], [22.837602627000024, 14.703669564000052], [22.817677322000065, 14.559506888000044], [22.90251618900004, 14.50311040300005], [23.010245740000073, 14.54910320700003], [23.087086502000034, 14.451901908000025], [23.114064041000063, 14.418271537000066], [23.142595302000075, 14.357111947000021]]]}}, {"type": "Feature", "properties": {"zoneId": "SDN-north-darfur-at-tina"}, "geometry": {"type": "Polygon", "coordinates": [[[23.142595302000075, 14.357111947000021], [23.15404959400007, 14.44485370700005], [23.159998246000043, 14.510288885000023], [23.158416328000044, 14.601943991000041], [23.140189233000058, 14.716231235000066], [23.144948155000066, 14.770482946000072], [23.165887412000075, 14.824734657000022], [23.213372157000038, 15.024398554000072], [23.22489804500003, 15.061728973000072], [23.246789087000025, 15.123594959000059], [23.27724618700006, 15.17689488600007], [23.32673897600006, 15.23400195000005], [23.494329466000067, 15.499127111000064], [23.56132190900007, 15.72778935100007], [23.572778974000073, 15.761796996000044], [23.54534680000006, 15.75625615000007], [23.512176285000066, 15.745790144000068], [23.47964680000007, 15.73195615000003], [23.464446800000076, 15.723156150000023], [23.451246800000035, 15.717856150000046], [23.44254680000006, 15.711556150000035], [23.427346800000066, 15.706756150000047], [23.367846800000052, 15.697756150000032], [23.36114680000003, 15.695356150000066], [23.336846800000046, 15.693456150000031], [23.32907463500004, 15.694383334000065], [23.276905786000043, 15.703957259000049], [23.26214680000004, 15.704356150000024], [23.199446800000032, 15.714656150000053], [23.185546800000054, 15.712956150000025], [23.174146800000074, 15.71345615000007], [23.14574680000004, 15.718356150000034], [23.138446800000054, 15.716756150000037], [23.12030874900006, 15.716745581000055], [23.10984680000007, 15.713856150000026], [23.09634680000005, 15.704056150000042], [23.090346800000077, 15.695856150000054], [23.085646800000063, 15.683956150000029], [23.075046800000052, 15.672956150000061], [23.054246800000044, 15.659156150000058], [23.043246800000077, 15.646356150000031], [23.038546800000063, 15.63775615000003], [23.027246800000057, 15.62355615000007], [23.019546800000057, 15.61865615000005], [22.99564680000003, 15.596356150000076], [22.98144680000007, 15.58585615000004], [22.954746800000066, 15.577756150000027], [22.927046800000028, 15.553856150000058], [22.923346800000047, 15.544956150000075], [22.925246800000025, 15.509256150000056], [22.921985826000025, 15.49016780900007], [22.929046800000037, 15.467856150000046], [22.939246800000035, 15.456756150000047], [22.94854680000003, 15.45315615000004], [22.959912836000058, 15.443581772000073], [22.96854680000007, 15.435056150000037], [22.97334680000006, 15.425556150000034], [22.989446800000053, 15.412156150000044], [22.988046800000063, 15.399856150000062], [22.98994680000004, 15.389356150000026], [22.98904680000004, 15.37435615000004], [23.002346800000055, 15.330356150000057], [23.002846800000043, 15.324156150000022], [23.002346800000055, 15.312256150000053], [22.999946800000032, 15.304656150000028], [22.99474680000003, 15.295556150000039], [22.991846800000076, 15.28365615000007], [22.995146800000043, 15.273256150000066], [22.992846800000052, 15.257956150000041], [22.999446800000044, 15.243256150000036], [22.999946800000032, 15.23655615000007], [22.997146800000053, 15.227556150000055], [22.993246800000065, 15.221856150000065], [22.987146800000062, 15.21655615000003], [22.981846800000028, 15.208456150000075], [22.978346800000054, 15.201156150000031], [22.97718932600003, 15.194638722000036], [22.966646800000035, 15.184756150000055], [22.944746800000075, 15.177056150000055], [22.93721432600006, 15.172747683000068], [22.929046800000037, 15.15665615000006], [22.92544680000003, 15.141356150000036], [22.92714680000006, 15.134756150000044], [22.93424680000004, 15.122856150000075], [22.93578670100004, 15.112785347000056], [22.93424680000004, 15.104256150000026], [22.92664680000007, 15.091456150000056], [22.91865457600005, 15.088514847000056], [22.91294382600006, 15.08803897200005], [22.895246800000052, 15.090056150000066], [22.877146800000048, 15.088556150000045], [22.861446800000067, 15.080456150000032], [22.861946800000055, 15.067656150000062], [22.860546800000066, 15.057156150000026], [22.856246800000065, 15.050056150000046], [22.825046800000052, 15.037156150000044], [22.816067231000034, 15.03560163700007], [22.811946800000044, 15.032056150000074], [22.806246800000054, 15.021456150000063], [22.801446800000065, 15.019456150000053], [22.79154680000005, 15.001956150000069], [22.79154680000005, 14.995756150000034], [22.787746800000036, 14.98535615000003], [22.782502436000073, 14.983608029000038], [22.87599374000007, 14.898676889000058], [22.837602627000024, 14.703669564000052], [22.817677322000065, 14.559506888000044], [22.90251618900004, 14.50311040300005], [23.010245740000073, 14.54910320700003], [23.087086502000034, 14.451901908000025], [23.114064041000063, 14.418271537000066], [23.142595302000075, 14.357111947000021]]]}}, {"type": "Feature", "properties": {"zoneId": "SDN-north-darfur-dar-as-salam"}, "geometry": {"type": "Polygon", "coordinates": [[[25.17415935500003, 13.482430831000045], [25.179145111000025, 13.469135147000031], [25.195027862000074, 13.441181584000049], [25.216628361000062, 13.42212233400005], [25.216628361000062, 13.406239647000064], [25.213451861000067, 13.383368334000068], [25.174062612000057, 13.344614584000055], [25.127049862000035, 13.307131334000076], [25.114343611000038, 13.284895646000052], [25.106084612000075, 13.255036147000055], [25.09083711200003, 13.23152964600007], [25.069236611000065, 13.207387896000057], [25.060977612000045, 13.181340147000071], [25.060977612000045, 13.156563084000027], [25.050177362000056, 13.137503896000055], [25.001893861000042, 13.079690896000045], [24.97965811200004, 13.034583896000072], [24.943008633000034, 12.994925084000045], [24.95147705100004, 12.98272705100004], [24.98089490900003, 12.953309120000029], [25.008911133000026, 12.949096680000025], [25.091704407000066, 12.94514698200004], [25.16027832000003, 12.968872070000032], [25.204895020000038, 12.978088379000042], [25.239929199000073, 12.974487305000025], [25.26581211000007, 12.952323700000022], [25.30090002000003, 12.967100667000068], [25.330322266000053, 12.963317871000072], [25.36608886700003, 12.975708008000026], [25.390686035000044, 12.970275879000042], [25.430114746000072, 12.965881348000039], [25.439426601000036, 12.965301920000059], [25.45849778400003, 12.969068479000043], [25.456565067000042, 12.961193360000038], [25.460463702000027, 12.96548195400004], [25.47188520800006, 12.97166857600007], [25.477595826000027, 12.972620323000058], [25.485674777000042, 12.97214511900006], [25.519474332000073, 12.956915825000067], [25.56563595600005, 12.956439956000054], [25.585898453000027, 12.968764815000043], [25.598790137000037, 13.058607194000047], [25.573567707000052, 13.344972881000047], [25.537568299000043, 13.450616727000067], [25.370582383000055, 13.432710648000068], [25.31552238300003, 13.444569648000027], [25.299427883000078, 13.46913489800005], [25.281639133000056, 13.503018148000024], [25.26978013300004, 13.51233589800006], [25.239285133000067, 13.509794648000025], [25.17415935500003, 13.482430831000045]]]}}, {"type": "Feature", "properties": {"zoneId": "SDN-north-darfur-kebkabiya"}, "geometry": {"type": "Polygon", "coordinates": [[[24.613050633000057, 13.799015648000022], [24.544206133000046, 13.838552648000075], [24.22037229700004, 13.988014347000046], [24.00718880900007, 13.760562674000028], [23.900657882000075, 13.670798148000074], [23.747120885000072, 13.587371291000068], [23.76288930900006, 13.572530422000057], [23.808339472000057, 13.522442488000024], [23.844201337000072, 13.478749251000067], [23.90810251000005, 13.389683940000054], [23.927917480000076, 13.373107910000044], [23.970185161000074, 13.349882323000031], [23.99336977200005, 13.341794669000024], [24.000930077000078, 13.341118764000043], [24.028282196000077, 13.330702673000076], [24.032470703000058, 13.31671142600004], [24.101793894000025, 13.239651983000044], [24.127253905000032, 13.265254367000068], [24.129882812000062, 13.270080566000047], [24.246868091000067, 13.264940159000048], [24.24795856000003, 13.265042427000026], [24.269063990000063, 13.351361612000062], [24.420715493000046, 13.399900213000024], [24.467529458000058, 13.416684881000037], [24.543090981000034, 13.415281073000074], [24.581268673000068, 13.41699602500006], [24.520329924000066, 13.511065647000066], [24.568810265000025, 13.62231218200003], [24.619435320000036, 13.73596464800005], [24.620070820000024, 13.755023898000047], [24.625788570000054, 13.774718398000061], [24.613717570000063, 13.790601085000048], [24.613050633000057, 13.799015648000022]]]}}, {"type": "Feature", "properties": {"zoneId": "SDN-north-darfur-kelemando"}, "geometry": {"type": "Polygon", "coordinates": [[[25.537568299000043, 13.450616727000067], [25.573567707000052, 13.344972881000047], [25.598790137000037, 13.058607194000047], [25.585898453000027, 12.968764815000043], [25.56563595600005, 12.956439956000054], [25.567539450000027, 12.865544574000069], [25.568682284000033, 12.864753392000068], [25.577517645000057, 12.867181685000048], [25.65069580100004, 12.835400573000072], [25.71868896500007, 12.802197447000026], [25.765686035000044, 12.771801940000046], [25.822326660000044, 12.774426452000057], [25.848660901000073, 12.756429894000064], [25.873063067000032, 12.725678412000036], [25.931432777000055, 12.677751361000048], [25.946185435000075, 12.655384427000058], [25.96664880000003, 12.614933590000021], [25.98684731000003, 12.580424782000023], [25.996630913000047, 12.56835312100003], [26.08130577000003, 12.501832758000035], [26.105846572000075, 12.54751333400003], [26.150741822000043, 12.613585397000065], [26.163447822000023, 12.642386147000025], [26.17191857200004, 12.733023647000039], [26.226978822000035, 12.767753897000034], [26.267638572000067, 12.85585014700007], [26.27526232200006, 12.910910085000069], [26.28458007200004, 12.960040647000028], [26.30829832200004, 12.973593897000057], [26.34472282200005, 12.986300085000039], [26.312533822000034, 13.003241585000069], [26.28203882200006, 13.015947835000077], [26.285427322000032, 13.189598835000027], [26.288815572000033, 13.263294835000067], [26.40401832200007, 13.379344648000028], [26.342181572000072, 13.475064398000029], [26.326087322000035, 13.507253398000046], [26.182500822000065, 13.641803648000064], [26.170224603000065, 13.640244898000049], [26.110081884000067, 13.614832398000033], [26.06518688400007, 13.60466739800006], [25.998267603000045, 13.582643398000073], [25.978784822000023, 13.549607335000076], [25.92287763400003, 13.51233589800006], [25.88475910300008, 13.501323898000066], [25.82885185300006, 13.506406398000024], [25.72296710300003, 13.482688148000022], [25.552704353000024, 13.452193398000077], [25.537568299000043, 13.450616727000067]]]}}, {"type": "Feature", "properties": {"zoneId": "SDN-north-darfur-kernoi"}, "geometry": {"type": "Polygon", "coordinates": [[[23.73123116900007, 14.202147783000044], [23.721491557000036, 14.286262631000056], [23.64725237400006, 14.398573191000025], [23.666288062000035, 14.482330218000072], [23.668667523000067, 14.62604966300006], [23.682944289000034, 14.70219241500007], [23.70293176100006, 14.771672676000037], [23.744810275000077, 14.996293795000042], [23.744810275000077, 15.01913662100003], [23.750520981000022, 15.050545506000049], [23.799061986000027, 15.204734579000046], [23.857120835000046, 15.295154098000069], [23.970383178000077, 15.576882281000053], [23.992355648000057, 15.713304696000023], [23.966046800000072, 15.711956150000049], [23.934568323000065, 15.717777432000048], [23.89744680000007, 15.727256150000073], [23.86894680000006, 15.730056150000053], [23.832746800000052, 15.748156150000057], [23.815646800000025, 15.752456150000057], [23.783689760000073, 15.75335314800003], [23.750946800000065, 15.751456150000024], [23.72481595200003, 15.753336223000076], [23.70037799200003, 15.760564245000069], [23.676506231000076, 15.763359915000024], [23.603346800000054, 15.765756150000072], [23.572778974000073, 15.761796996000044], [23.56132190900007, 15.72778935100007], [23.494329466000067, 15.499127111000064], [23.32673897600006, 15.23400195000005], [23.27724618700006, 15.17689488600007], [23.246789087000025, 15.123594959000059], [23.22489804500003, 15.061728973000072], [23.213372157000038, 15.024398554000072], [23.165887412000075, 14.824734657000022], [23.144948155000066, 14.770482946000072], [23.140189233000058, 14.716231235000066], [23.158416328000044, 14.601943991000041], [23.159998246000043, 14.510288885000023], [23.15404959400007, 14.44485370700005], [23.142595302000075, 14.357111947000021], [23.185424629000067, 14.360615893000045], [23.284555132000037, 14.342592148000051], [23.329614379000077, 14.342592143000047], [23.41252337900005, 14.326370643000075], [23.51165387900005, 14.301137643000061], [23.73123116900007, 14.202147783000044]]]}}, {"type": "Feature", "properties": {"zoneId": "SDN-north-darfur-kutum"}, "geometry": {"type": "Polygon", "coordinates": [[[25.207979602000023, 14.193238148000034], [25.232267383000078, 14.309794148000037], [25.234104883000043, 14.666230649000056], [25.24738338800006, 14.758164739000051], [25.28187463300003, 15.006236708000074], [25.28187457100006, 15.186186899000063], [24.870406253000056, 15.188893806000067], [24.527443133000077, 15.191579337000064], [24.528348883000035, 15.188633649000053], [24.519394383000076, 15.070436899000072], [24.52490638300003, 14.906917149000037], [24.55062863300003, 14.816889399000047], [24.513882633000037, 14.750746399000036], [24.45508888300003, 14.73237339900004], [24.394364883000037, 14.732833649000042], [24.357106633000058, 14.714584649000074], [24.319087882000076, 14.702418649000037], [24.28182938200007, 14.702418649000037], [24.257497382000054, 14.684929899000053], [24.26738238200005, 14.664399899000045], [24.309202882000022, 14.669722399000023], [24.330493383000032, 14.658316899000056], [24.32212938300006, 14.63170364900003], [24.272704882000028, 14.572394399000075], [24.151044882000065, 14.560228399000039], [24.134316632000036, 14.535896399000023], [24.151044882000065, 14.48723239900005], [24.148207632000037, 14.459833899000046], [24.062841382000045, 14.373176148000027], [23.997449132000042, 14.335157398000035], [23.957909632000053, 14.276608398000064], [23.94878513200007, 14.154187898000032], [23.953161882000074, 14.15181314800003], [23.951432381000075, 14.115493396000033], [23.964960629000075, 14.088383643000043], [24.190614632000063, 14.001748648000046], [24.22037229700004, 13.988014347000046], [24.544206133000046, 13.838552648000075], [24.613050633000057, 13.799015648000022], [24.621205602000032, 13.798994898000046], [24.688180102000047, 13.82577089800003], [24.721191133000048, 13.864912898000057], [24.72024813300004, 13.906412648000071], [24.73628213300003, 13.947440648000054], [24.772122852000052, 13.964889367000069], [24.84569063300006, 13.977150898000048], [24.86879838300007, 13.99790064800004], [24.875400633000027, 14.030911898000056], [24.93812182100004, 14.068167336000045], [24.94708182100004, 14.089388836000069], [24.95840010200004, 14.164371367000058], [24.97490557100008, 14.18842233600003], [25.026308821000043, 14.196439336000026], [25.159296571000027, 14.203984586000047], [25.207979602000023, 14.193238148000034]]]}}, {"type": "Feature", "properties": {"zoneId": "SDN-north-darfur-melit"}, "geometry": {"type": "Polygon", "coordinates": [[[26.182500822000065, 13.641803648000064], [26.40994782200005, 13.73596464800005], [26.39300607200005, 13.844390648000058], [26.48469882200004, 13.97564464800007], [26.57903532200004, 13.98766789800004], [26.64855257200003, 13.999879898000074], [26.664051572000062, 14.000824898000076], [26.698074072000054, 13.976631148000024], [26.725498322000078, 13.974805648000029], [26.759291822000023, 13.982529836000026], [26.79694757200008, 13.974805648000029], [26.82494782200007, 13.972874586000046], [27.145982322000066, 13.973821623000049], [27.18932095100007, 14.264114464000045], [27.231904100000065, 14.259632027000066], [27.34021847100007, 14.267330079000033], [27.339345969000078, 14.278517489000023], [27.32634541500005, 14.331582045000061], [27.283843842000067, 14.344204990000037], [27.020679948000065, 14.41513589400006], [26.408003259000054, 14.608538457000066], [26.312007822000055, 14.662182957000027], [26.218835822000074, 14.679123332000074], [26.159544509000057, 14.698887082000056], [26.059314009000047, 14.710180707000063], [25.97461213400004, 14.698887082000056], [25.925202759000058, 14.657947895000063], [25.88849857100007, 14.621243707000076], [25.86167632100006, 14.618420332000028], [25.82638388400005, 14.686181832000045], [25.80097338400003, 14.724297645000036], [25.75015225900006, 14.749708207000026], [25.651333446000024, 14.732767832000036], [25.529927446000045, 14.727121020000027], [25.398639571000047, 14.698887082000056], [25.246910883000055, 14.754766332000031], [25.24738338800006, 14.758164739000051], [25.234104883000043, 14.666230649000056], [25.232267383000078, 14.309794148000037], [25.207979602000023, 14.193238148000034], [25.210908071000063, 14.19275183600007], [25.220081868000022, 14.17378988300004], [25.232508633000066, 14.15865689800006], [25.251144383000053, 14.12138539800003], [25.263003352000055, 14.125620898000022], [25.31213382100003, 14.11206764800005], [25.339240321000034, 14.09258464800007], [25.360417321000057, 14.071407836000049], [25.357876071000078, 14.044301148000045], [25.390912352000043, 13.998559148000027], [25.411242103000063, 13.993476648000069], [25.445972384000072, 13.959593398000038], [25.433266134000064, 13.922321898000064], [25.528139103000058, 13.887591617000055], [25.629788353000038, 13.94688714800003], [25.819534071000078, 13.945193148000044], [25.87544107100007, 14.02651264800005], [25.900006603000065, 14.095125898000049], [25.97653372600007, 14.115089674000046], [25.971409167000047, 14.106936967000024], [25.95289548100004, 14.010665796000069], [25.945490006000057, 13.944016524000062], [25.973260536000055, 13.892178201000036], [26.025098859000025, 13.864407671000038], [26.095450868000057, 13.808866611000042], [26.106559080000068, 13.795907030000023], [26.125072767000063, 13.762582394000049], [26.182500822000065, 13.641803648000064]]]}}, {"type": "Feature", "properties": {"zoneId": "SDN-north-darfur-saraf-omra"}, "geometry": {"type": "Polygon", "coordinates": [[[23.151953539000033, 13.904541537000057], [23.149187100000063, 13.90026380300003], [23.123369229000048, 13.831110971000044], [23.120988858000032, 13.804072396000038], [23.11462302900003, 13.788674319000052], [23.10060311600006, 13.758112924000045], [23.102983314000028, 13.757258494000041], [23.10060311600006, 13.752070443000036], [23.20839120100004, 13.716303842000059], [23.20662118200005, 13.71026136100005], [23.178422940000075, 13.704279916000075], [23.177019131000065, 13.700861947000021], [23.182048532000067, 13.608199507000052], [23.182390224000073, 13.59307386100005], [23.180192959000067, 13.588313119000077], [23.17396737400003, 13.585078256000031], [23.164812100000063, 13.585078256000031], [23.15779305700005, 13.586909310000067], [23.15242196300005, 13.585078256000031], [23.13857732300005, 13.565806960000032], [23.139970792000042, 13.554865853000024], [23.14601327200006, 13.546504037000034], [23.163028780000047, 13.53886162300006], [23.178422940000075, 13.534663217000059], [23.188005460000056, 13.524104135000073], [23.191179288000058, 13.514094369000077], [23.19038583100007, 13.486506478000024], [23.182207120000044, 13.472102182000071], [23.18458749000007, 13.470271127000046], [23.182313419000025, 13.464465503000042], [23.205494705000035, 13.446286672000042], [23.224691132000032, 13.428633393000041], [23.232425767000052, 13.425923341000043], [23.24267578100006, 13.425903320000032], [23.262084961000028, 13.430480957000043], [23.30108642600004, 13.454711914000029], [23.32189941400003, 13.470092773000033], [23.353698730000076, 13.479492187000062], [23.377319336000028, 13.50030517600004], [23.39807128900003, 13.498718262000068], [23.436279297000056, 13.54968261700003], [23.463500977000024, 13.553283691000047], [23.494323730000076, 13.559326172000056], [23.50549316400003, 13.554077148000033], [23.527526855000076, 13.537109375000057], [23.54772949200003, 13.526489258000026], [23.570678711000028, 13.519897461000028], [23.583496094000054, 13.512512207000043], [23.602905273000033, 13.503906250000057], [23.627319336000028, 13.489929199000073], [23.672119141000053, 13.475524902000075], [23.687927246000072, 13.475280762000068], [23.717529297000056, 13.46868896500007], [23.76947021500007, 13.445312500000057], [23.781494141000053, 13.39288330100004], [23.80627441400003, 13.379882812000062], [23.834538008000038, 13.373473334000039], [23.882104988000037, 13.371290378000026], [23.90810251000005, 13.389683940000054], [23.844201337000072, 13.478749251000067], [23.808339472000057, 13.522442488000024], [23.76288930900006, 13.572530422000057], [23.747120885000072, 13.587371291000068], [23.731594012000073, 13.609932118000074], [23.720115527000075, 13.621932353000034], [23.715941533000034, 13.634454336000033], [23.70811529300005, 13.645411072000059], [23.692462813000077, 13.66002005300004], [23.680984328000022, 13.66106355100004], [23.66533184900004, 13.654802560000064], [23.65280986500005, 13.64593282100003], [23.63924438300006, 13.64488932200004], [23.61913474800008, 13.636998787000039], [23.595939190000024, 13.614627862000077], [23.57663446500004, 13.60158412900006], [23.50463305900007, 13.594801388000064], [23.463414863000025, 13.60262762800005], [23.389848210000025, 13.645411072000059], [23.381500221000067, 13.657933055000058], [23.374717480000072, 13.675672532000021], [23.365325992000066, 13.67775952900007], [23.342890771000043, 13.664194047000024], [23.316803305000064, 13.665759295000043], [23.301150826000026, 13.674107284000058], [23.287063594000074, 13.691846761000022], [23.23488866300005, 13.730977960000075], [23.211409944000025, 13.761239420000038], [23.207757698000023, 13.78002239500006], [23.22236667900006, 13.801935867000054], [23.24584539800003, 13.822805839000068], [23.258889131000046, 13.83845831900004], [23.257323883000026, 13.850980303000028], [23.229149420000056, 13.872893774000033], [23.151953539000033, 13.904541537000057]]]}}, {"type": "Feature", "properties": {"zoneId": "SDN-north-darfur-tawila"}, "geometry": {"type": "Polygon", "coordinates": [[[24.568810265000025, 13.62231218200003], [24.520329924000066, 13.511065647000066], [24.581268673000068, 13.41699602500006], [24.683345732000078, 13.430657780000047], [24.71290281200004, 13.397207682000044], [24.71508788700004, 13.384886494000057], [24.63990221800003, 13.263455219000036], [24.642076994000035, 13.252664845000027], [24.63880017100007, 13.247639865000053], [24.630424680000033, 13.244776529000035], [24.620848333000026, 13.229893066000045], [24.616232468000078, 13.22747813500007], [24.608705772000064, 13.227884948000053], [24.59228736400007, 13.21228218500005], [24.563110352000024, 13.203308105000076], [24.554870605000076, 13.198730469000054], [24.545471191000047, 13.185729980000076], [24.52587890600006, 13.182312012000068], [24.485473633000026, 13.162475586000028], [24.45147705100004, 13.14251709000007], [24.446105957000043, 13.130676270000038], [24.446217647000026, 13.126631660000044], [24.449253441000053, 13.12452995700005], [24.48608398400006, 13.122314453000058], [24.559509277000075, 13.114074707000043], [24.584705344000042, 13.107729935000066], [24.628190326000038, 13.102308813000036], [24.652126249000048, 13.105913952000037], [24.663939291000077, 13.111676103000036], [24.716420921000065, 13.106538083000032], [24.732901456000036, 13.099492025000075], [24.758524226000077, 13.099464858000033], [24.777710287000048, 13.088921331000051], [24.79106792400006, 13.072215795000034], [24.82829294100003, 13.054873490000034], [24.851074219000054, 13.040100098000039], [24.879745092000064, 13.02531207800007], [24.900328458000047, 13.016724105000037], [24.923389495000038, 13.010002963000034], [24.939674833000026, 12.999709383000038], [24.943008633000034, 12.994925084000045], [24.97965811200004, 13.034583896000072], [25.001893861000042, 13.079690896000045], [25.050177362000056, 13.137503896000055], [25.060977612000045, 13.156563084000027], [25.060977612000045, 13.181340147000071], [25.069236611000065, 13.207387896000057], [25.09083711200003, 13.23152964600007], [25.106084612000075, 13.255036147000055], [25.114343611000038, 13.284895646000052], [25.127049862000035, 13.307131334000076], [25.174062612000057, 13.344614584000055], [25.213451861000067, 13.383368334000068], [25.216628361000062, 13.406239647000064], [25.216628361000062, 13.42212233400005], [25.195027862000074, 13.441181584000049], [25.179145111000025, 13.469135147000031], [25.17415935500003, 13.482430831000045], [25.167709612000067, 13.499629897000034], [25.146109111000044, 13.532666084000027], [25.108625861000064, 13.551089897000054], [25.006341142000053, 13.610809147000055], [24.95270091100008, 13.633159614000022], [24.92392987100004, 13.628224231000047], [24.904570447000026, 13.63226118700004], [24.840355137000074, 13.610713690000068], [24.771565029000044, 13.620605356000056], [24.74787296900007, 13.628790551000066], [24.672806458000025, 13.621800378000046], [24.627835142000038, 13.61087778500007], [24.568810265000025, 13.62231218200003]]]}}, {"type": "Feature", "properties": {"zoneId": "SDN-north-darfur-tawila"}, "geometry": {"type": "Polygon", "coordinates": [[[24.568810265000025, 13.62231218200003], [24.520329924000066, 13.511065647000066], [24.581268673000068, 13.41699602500006], [24.683345732000078, 13.430657780000047], [24.71290281200004, 13.397207682000044], [24.71508788700004, 13.384886494000057], [24.63990221800003, 13.263455219000036], [24.642076994000035, 13.252664845000027], [24.63880017100007, 13.247639865000053], [24.630424680000033, 13.244776529000035], [24.620848333000026, 13.229893066000045], [24.616232468000078, 13.22747813500007], [24.608705772000064, 13.227884948000053], [24.59228736400007, 13.21228218500005], [24.563110352000024, 13.203308105000076], [24.554870605000076, 13.198730469000054], [24.545471191000047, 13.185729980000076], [24.52587890600006, 13.182312012000068], [24.485473633000026, 13.162475586000028], [24.45147705100004, 13.14251709000007], [24.446105957000043, 13.130676270000038], [24.446217647000026, 13.126631660000044], [24.449253441000053, 13.12452995700005], [24.48608398400006, 13.122314453000058], [24.559509277000075, 13.114074707000043], [24.584705344000042, 13.107729935000066], [24.628190326000038, 13.102308813000036], [24.652126249000048, 13.105913952000037], [24.663939291000077, 13.111676103000036], [24.716420921000065, 13.106538083000032], [24.732901456000036, 13.099492025000075], [24.758524226000077, 13.099464858000033], [24.777710287000048, 13.088921331000051], [24.79106792400006, 13.072215795000034], [24.82829294100003, 13.054873490000034], [24.851074219000054, 13.040100098000039], [24.879745092000064, 13.02531207800007], [24.900328458000047, 13.016724105000037], [24.923389495000038, 13.010002963000034], [24.939674833000026, 12.999709383000038], [24.943008633000034, 12.994925084000045], [24.97965811200004, 13.034583896000072], [25.001893861000042, 13.079690896000045], [25.050177362000056, 13.137503896000055], [25.060977612000045, 13.156563084000027], [25.060977612000045, 13.181340147000071], [25.069236611000065, 13.207387896000057], [25.09083711200003, 13.23152964600007], [25.106084612000075, 13.255036147000055], [25.114343611000038, 13.284895646000052], [25.127049862000035, 13.307131334000076], [25.174062612000057, 13.344614584000055], [25.213451861000067, 13.383368334000068], [25.216628361000062, 13.406239647000064], [25.216628361000062, 13.42212233400005], [25.195027862000074, 13.441181584000049], [25.179145111000025, 13.469135147000031], [25.17415935500003, 13.482430831000045], [25.167709612000067, 13.499629897000034], [25.146109111000044, 13.532666084000027], [25.108625861000064, 13.551089897000054], [25.006341142000053, 13.610809147000055], [24.95270091100008, 13.633159614000022], [24.92392987100004, 13.628224231000047], [24.904570447000026, 13.63226118700004], [24.840355137000074, 13.610713690000068], [24.771565029000044, 13.620605356000056], [24.74787296900007, 13.628790551000066], [24.672806458000025, 13.621800378000046], [24.627835142000038, 13.61087778500007], [24.568810265000025, 13.62231218200003]]]}}, {"type": "Feature", "properties": {"zoneId": "SDN-north-darfur-um-baru"}, "geometry": {"type": "Polygon", "coordinates": [[[24.003076988000032, 16.50074576800006], [24.003562681000062, 16.293538867000052], [23.998962478000067, 15.972568097000021], [23.99979527200003, 15.738070286000038], [23.998846800000024, 15.713856150000026], [23.992355648000057, 15.713304696000023], [23.970383178000077, 15.576882281000053], [23.857120835000046, 15.295154098000069], [23.799061986000027, 15.204734579000046], [23.750520981000022, 15.050545506000049], [23.744810275000077, 15.01913662100003], [23.744810275000077, 14.996293795000042], [23.70293176100006, 14.771672676000037], [23.682944289000034, 14.70219241500007], [23.668667523000067, 14.62604966300006], [23.666288062000035, 14.482330218000072], [23.64725237400006, 14.398573191000025], [23.721491557000036, 14.286262631000056], [23.73123116900007, 14.202147783000044], [23.913582629000075, 14.124505143000022], [23.951432381000075, 14.115493396000033], [23.953161882000074, 14.15181314800003], [23.94878513200007, 14.154187898000032], [23.957909632000053, 14.276608398000064], [23.997449132000042, 14.335157398000035], [24.062841382000045, 14.373176148000027], [24.148207632000037, 14.459833899000046], [24.151044882000065, 14.48723239900005], [24.134316632000036, 14.535896399000023], [24.151044882000065, 14.560228399000039], [24.272704882000028, 14.572394399000075], [24.32212938300006, 14.63170364900003], [24.330493383000032, 14.658316899000056], [24.309202882000022, 14.669722399000023], [24.26738238200005, 14.664399899000045], [24.257497382000054, 14.684929899000053], [24.28182938200007, 14.702418649000037], [24.319087882000076, 14.702418649000037], [24.357106633000058, 14.714584649000074], [24.394364883000037, 14.732833649000042], [24.45508888300003, 14.73237339900004], [24.513882633000037, 14.750746399000036], [24.55062863300003, 14.816889399000047], [24.52490638300003, 14.906917149000037], [24.519394383000076, 15.070436899000072], [24.528348883000035, 15.188633649000053], [24.524586320000026, 15.195113649000064], [24.573250320000056, 15.389769649000073], [24.573250320000056, 15.79169833700007], [24.55522657000006, 16.009785150000027], [24.535400570000036, 16.35764290000003], [24.447084320000044, 16.482006400000046], [24.326325352000026, 16.514449150000075], [24.003076988000032, 16.50074576800006]]]}}, {"type": "Feature", "properties": {"zoneId": "SDN-north-darfur-um-baru"}, "geometry": {"type": "Polygon", "coordinates": [[[24.003076988000032, 16.50074576800006], [24.003562681000062, 16.293538867000052], [23.998962478000067, 15.972568097000021], [23.99979527200003, 15.738070286000038], [23.998846800000024, 15.713856150000026], [23.992355648000057, 15.713304696000023], [23.970383178000077, 15.576882281000053], [23.857120835000046, 15.295154098000069], [23.799061986000027, 15.204734579000046], [23.750520981000022, 15.050545506000049], [23.744810275000077, 15.01913662100003], [23.744810275000077, 14.996293795000042], [23.70293176100006, 14.771672676000037], [23.682944289000034, 14.70219241500007], [23.668667523000067, 14.62604966300006], [23.666288062000035, 14.482330218000072], [23.64725237400006, 14.398573191000025], [23.721491557000036, 14.286262631000056], [23.73123116900007, 14.202147783000044], [23.913582629000075, 14.124505143000022], [23.951432381000075, 14.115493396000033], [23.953161882000074, 14.15181314800003], [23.94878513200007, 14.154187898000032], [23.957909632000053, 14.276608398000064], [23.997449132000042, 14.335157398000035], [24.062841382000045, 14.373176148000027], [24.148207632000037, 14.459833899000046], [24.151044882000065, 14.48723239900005], [24.134316632000036, 14.535896399000023], [24.151044882000065, 14.560228399000039], [24.272704882000028, 14.572394399000075], [24.32212938300006, 14.63170364900003], [24.330493383000032, 14.658316899000056], [24.309202882000022, 14.669722399000023], [24.26738238200005, 14.664399899000045], [24.257497382000054, 14.684929899000053], [24.28182938200007, 14.702418649000037], [24.319087882000076, 14.702418649000037], [24.357106633000058, 14.714584649000074], [24.394364883000037, 14.732833649000042], [24.45508888300003, 14.73237339900004], [24.513882633000037, 14.750746399000036], [24.55062863300003, 14.816889399000047], [24.52490638300003, 14.906917149000037], [24.519394383000076, 15.070436899000072], [24.528348883000035, 15.188633649000053], [24.524586320000026, 15.195113649000064], [24.573250320000056, 15.389769649000073], [24.573250320000056, 15.79169833700007], [24.55522657000006, 16.009785150000027], [24.535400570000036, 16.35764290000003], [24.447084320000044, 16.482006400000046], [24.326325352000026, 16.514449150000075], [24.003076988000032, 16.50074576800006]]]}}, {"type": "Feature", "properties": {"zoneId": "SDN-north-darfur-um-kadadah"}, "geometry": {"type": "Polygon", "coordinates": [[[27.145982322000066, 13.973821623000049], [26.82494782200007, 13.972874586000046], [26.79694757200008, 13.974805648000029], [26.759291822000023, 13.982529836000026], [26.725498322000078, 13.974805648000029], [26.698074072000054, 13.976631148000024], [26.664051572000062, 14.000824898000076], [26.64855257200003, 13.999879898000074], [26.57903532200004, 13.98766789800004], [26.48469882200004, 13.97564464800007], [26.39300607200005, 13.844390648000058], [26.40994782200005, 13.73596464800005], [26.182500822000065, 13.641803648000064], [26.326087322000035, 13.507253398000046], [26.342181572000072, 13.475064398000029], [26.40401832200007, 13.379344648000028], [26.288815572000033, 13.263294835000067], [26.285427322000032, 13.189598835000027], [26.28203882200006, 13.015947835000077], [26.312533822000034, 13.003241585000069], [26.34472282200005, 12.986300085000039], [26.387425354000072, 12.985607579000032], [26.537278885000035, 12.97468071000003], [26.891241885000056, 12.971277272000066], [27.187072706000038, 12.984046941000031], [27.240387689000045, 13.044090094000069], [27.358185542000058, 13.170493903000022], [27.348419917000058, 13.202293220000058], [27.35281444800006, 13.216087164000044], [27.366608393000035, 13.223106207000058], [27.377777827000045, 13.23671704700007], [27.382172358000048, 13.269492926000055], [27.38497997500008, 13.342490973000054], [27.51779247500008, 13.492881598000054], [27.54318310000008, 13.545493903000022], [27.54558881400004, 13.610887899000033], [27.540767036000034, 13.644274128000063], [27.53618940100006, 13.64909590600007], [27.528987251000046, 13.64964522200006], [27.524155198000074, 13.66132671300005], [27.49722362800003, 13.704124274000037], [27.455170405000047, 13.74031812100003], [27.455170405000047, 13.746299566000062], [27.468170893000035, 13.822532477000038], [27.47928705700008, 13.979611250000062], [27.145982322000066, 13.973821623000049]]]}}, {"type": "Feature", "properties": {"zoneId": "SDN-north-kordofan-bara"}, "geometry": {"type": "Polygon", "coordinates": [[[31.53332519500003, 14.212524414000029], [31.499046543000077, 14.211906580000061], [31.493101617000036, 14.216042181000034], [31.491608855000038, 14.22518320000006], [31.484871172000055, 14.23111024700006], [31.475760325000067, 14.24436826300007], [31.420707536000066, 14.29191385300004], [31.412783271000023, 14.301089318000038], [31.411949138000068, 14.307762384000057], [31.40569313900005, 14.310681850000037], [31.39359820800007, 14.306928251000045], [31.345635550000054, 14.322776781000073], [31.318873778000068, 14.323124336000035], [31.31145926100004, 14.329797402000054], [31.31071780900004, 14.340919177000046], [31.316649423000058, 14.356489663000048], [31.348810840000056, 14.386625603000027], [31.31118011500007, 14.457019806000062], [31.30134964000007, 14.467069626000068], [31.286350250000055, 14.486289978000059], [31.128546868000058, 14.492136820000042], [31.085493056000075, 14.558599603000062], [31.046674043000053, 14.558599603000062], [31.042208285000072, 14.532443018000038], [31.035187445000076, 14.519961526000031], [31.010207041000058, 14.530418439000073], [30.99259727100008, 14.500671174000047], [30.939683246000072, 14.572302171000047], [30.822352649000038, 14.571281905000035], [30.771199463000073, 14.539615647000062], [30.765822488000026, 14.515419259000055], [30.757506541000055, 14.512647277000042], [30.746775897000077, 14.52355099500005], [30.720326042000067, 14.504964611000048], [30.596873849000076, 14.45905263800006], [30.560144270000023, 14.432525720000058], [30.541840799000056, 14.383716463000042], [30.50295066800004, 14.359539986000073], [30.48991012600004, 14.359020233000024], [30.449124695000023, 14.350651026000037], [30.445273239000073, 14.35261065800006], [30.43226538600004, 14.273825044000034], [30.403506695000033, 14.228290450000031], [30.38113882400006, 14.22110077700006], [30.36915603600005, 14.228290450000031], [30.345989313000075, 14.263439961000074], [30.326816852000036, 14.305779145000031], [30.34778115000006, 14.402214916000048], [30.312705837000067, 14.42006133700005], [30.255407096000056, 14.387071152000033], [30.257223319000047, 14.381622483000058], [30.266390847000025, 14.31327379000004], [30.219398890000036, 14.159147924000024], [30.220774275000053, 14.112384836000047], [30.212521965000064, 14.032612509000046], [30.173527051000065, 13.935625865000077], [30.131275225000024, 13.941259441000057], [30.118599678000066, 13.93140068200006], [30.12352905700004, 13.89689502400006], [30.116487087000053, 13.876473309000062], [30.10381153900005, 13.849713819000044], [30.090995152000062, 13.83189763300004], [30.07409442200003, 13.821757195000032], [30.07691121000005, 13.813870187000077], [30.079337981000037, 13.75664604800005], [30.094023126000025, 13.713347719000069], [30.106203840000035, 13.711081191000062], [30.10735404600007, 13.696703610000043], [30.101603014000034, 13.65874679500007], [30.106203840000035, 13.635742665000066], [30.111496550000027, 13.624427216000072], [30.11818776700005, 13.610121855000045], [30.128250122000054, 13.618300438000063], [30.275579453000034, 13.591890335000073], [30.279486508000048, 13.593761297000071], [30.29411784200005, 13.554845661000058], [30.29697523200008, 13.510556118000068], [30.289870011000062, 13.451982176000058], [30.311262182000064, 13.45340832100004], [30.314689636000026, 13.500670433000039], [30.323610306000035, 13.485090256000035], [30.381824615000028, 13.525348720000068], [30.404127352000046, 13.501983949000078], [30.432701250000036, 13.503412643000047], [30.441273420000073, 13.510556118000068], [30.442719965000038, 13.52502157500004], [30.45240833400004, 13.52610969500006], [30.486357232000046, 13.538209915000039], [30.49781398700003, 13.551755280000066], [30.49079956500003, 13.572990704000063], [30.486501877000023, 13.603074521000053], [30.506977309000035, 13.635203925000042], [30.553967700000044, 13.682328225000049], [30.51443685000004, 13.704070193000064], [30.51658569400007, 13.73630285400003], [30.552725718000033, 13.752326739000068], [30.574698984000065, 13.76880668900003], [30.575483743000063, 13.78450187900006], [30.555079996000075, 13.824524613000051], [30.51427250200004, 13.850421677000043], [30.501716350000038, 13.889659652000034], [30.558219034000047, 13.920265272000051], [30.555864756000062, 13.95008613300007], [30.573914224000077, 13.982261273000063], [30.571153501000026, 14.01642490100005], [30.48512386300007, 14.091692590000036], [30.485685087000036, 14.107406863000051], [30.499715688000038, 14.115264], [30.578080772000078, 14.038466217000064], [30.579407541000023, 14.042687754000042], [30.609228402000042, 14.048965830000043], [30.621681396000042, 14.044482752000022], [30.647005488000048, 14.062032358000067], [30.659052184000075, 14.080102402000023], [30.71638506800008, 14.031076031000055], [30.765750885000045, 14.055780411000057], [30.779800415000068, 14.040229797000052], [30.808300018000068, 14.022910118000027], [30.842260361000058, 14.03133964500006], [30.88083076500004, 14.045430183000065], [30.918159485000047, 14.038579941000023], [30.950389862000065, 14.020359993000056], [30.95829963700004, 14.02132034300007], [30.969999313000073, 14.011730194000052], [30.980779648000066, 13.998000145000049], [30.980886102000056, 13.994738067000071], [30.97492894800007, 13.990987266000047], [30.97492894800007, 13.981873920000055], [30.980285311000046, 13.975401648000059], [30.977239609000037, 13.957559586000059], [30.944681544000048, 13.872438816000056], [30.94076708800003, 13.870761192000032], [30.94195229500008, 13.865189254000029], [30.938097497000058, 13.854949951000037], [30.95029689900008, 13.83479976700005], [30.95702735200007, 13.820470930000056], [30.925894072000062, 13.80977034500006], [30.914947313000027, 13.786563217000037], [30.92063962800006, 13.77693006900006], [30.928521294000063, 13.777367940000033], [30.964864531000046, 13.794882753000024], [30.968481170000075, 13.799442863000024], [30.969586424000056, 13.819890054000041], [30.98454736800005, 13.82341027700005], [31.00395673400004, 13.800119038000048], [31.03153659900005, 13.798439980000069], [31.11695720800003, 13.76117038700005], [31.135427177000054, 13.762186819000021], [31.203335194000033, 13.849497127000063], [31.249956674000032, 13.826050443000042], [31.252964317000078, 13.78380777600006], [31.244212402000073, 13.731296288000067], [31.260790506000035, 13.650247782000065], [31.303115142000024, 13.598155922000046], [31.32791639100003, 13.595340170000043], [31.358975324000028, 13.591794975000028], [31.407975777000047, 13.652555537000069], [31.45480918900006, 13.649440621000053], [31.594482422000056, 13.685026024000024], [31.680480957000043, 13.695922852000024], [31.816582615000073, 13.71992645000006], [31.837890625000057, 13.722473145000038], [31.814880371000072, 13.786499023000033], [31.786499023000033, 13.872497559000067], [31.59387207000003, 14.007873535000044], [31.56170654300007, 14.070495605000076], [31.535120565000057, 14.169583255000077], [31.53332519500003, 14.212524414000029]]]}}, {"type": "Feature", "properties": {"zoneId": "SDN-north-kordofan-gharb-bara"}, "geometry": {"type": "Polygon", "coordinates": [[[29.527272696000068, 13.35474096300004], [29.52750858400003, 13.353309749000061], [29.556770219000043, 13.343650196000056], [29.54568357900007, 13.373738124000056], [29.60799026500007, 13.330530167000063], [29.688110352000024, 13.315090179000038], [29.69693946800004, 13.324279785000044], [29.712259293000045, 13.345879555000067], [29.729480743000067, 13.352339745000052], [29.755090714000062, 13.352390289000027], [29.795070648000035, 13.383680344000027], [29.82481956500004, 13.411270142000035], [29.82995154100007, 13.41795854000003], [29.891418103000035, 13.395626682000056], [29.905683983000074, 13.414346984000076], [29.862956240000074, 13.45974521200003], [29.87586671200006, 13.476102825000055], [29.880888812000023, 13.493879137000022], [29.87407719600003, 13.50523183200005], [29.831082130000027, 13.512785019000034], [29.82298148500007, 13.534017935000065], [29.83808786000003, 13.540990108000074], [29.899235902000044, 13.553219716000058], [29.904470797000045, 13.565454602000045], [29.914200746000063, 13.560744597000053], [29.932564, 13.57816675600003], [29.94049856500004, 13.570447385000023], [29.946737553000048, 13.580499087000021], [29.960681898000075, 13.582242130000054], [29.978183398000056, 13.562115405000043], [30.060039520000032, 13.56285953500003], [30.069561914000076, 13.57059924300006], [30.065230933000066, 13.588316891000034], [30.06758854800006, 13.603158649000022], [30.111496550000027, 13.624427216000072], [30.106203840000035, 13.635742665000066], [30.101603014000034, 13.65874679500007], [30.10735404600007, 13.696703610000043], [30.106203840000035, 13.711081191000062], [30.094023126000025, 13.713347719000069], [30.079337981000037, 13.75664604800005], [30.07691121000005, 13.813870187000077], [30.07409442200003, 13.821757195000032], [30.090995152000062, 13.83189763300004], [30.10381153900005, 13.849713819000044], [30.116487087000053, 13.876473309000062], [30.12352905700004, 13.89689502400006], [30.118599678000066, 13.93140068200006], [30.131275225000024, 13.941259441000057], [30.173527051000065, 13.935625865000077], [30.212521965000064, 14.032612509000046], [30.220774275000053, 14.112384836000047], [30.219398890000036, 14.159147924000024], [30.266390847000025, 14.31327379000004], [30.257223319000047, 14.381622483000058], [30.255407096000056, 14.387071152000033], [30.23203926800005, 14.457174635000058], [30.160684459000038, 14.478161344000057], [29.971804080000027, 14.553713495000068], [29.862673194000024, 14.58729222900007], [29.79958401300007, 14.532388784000034], [29.78712104300007, 14.398411850000059], [29.66959547400006, 14.381622483000058], [29.59054324300007, 14.403581436000024], [29.541707876000032, 14.380520291000039], [29.535500666000075, 14.34534609900004], [29.573778462000064, 14.31120644300006], [29.572743927000033, 14.271894111000051], [29.555156831000033, 14.198442124000053], [29.53131290300007, 14.166934075000029], [29.561105062000024, 14.131759239000075], [29.512839736000046, 14.113847469000063], [29.502395544000024, 14.088781409000035], [29.492050194000058, 14.069125244000077], [29.473428563000027, 14.073263384000029], [29.463239217000023, 14.095440195000037], [29.419570944000043, 14.07923444000005], [29.403080181000064, 14.053607218000025], [29.380320410000024, 14.048434543000042], [29.360487720000037, 14.056848411000033], [29.319628393000073, 14.029508616000044], [29.276023947000056, 14.063050497000063], [29.200829198000065, 14.11584681000005], [29.15603232600006, 14.109447257000056], [29.109635565000076, 14.034252507000076], [28.996043497000073, 13.944658763000064], [28.996043497000073, 13.882149535000053], [28.87491284600003, 13.854030967000028], [28.871641066000052, 13.855580152000073], [28.871641066000052, 13.776301525000065], [28.959653762000073, 13.741511486000036], [28.99206343000003, 13.71868433800006], [29.02685346800007, 13.712458752000032], [29.074818153000024, 13.688659481000059], [29.106626418000076, 13.687312267000038], [29.219236281000065, 13.550898693000022], [29.268430617000035, 13.528254650000065], [29.25964155400004, 13.502070568000022], [29.284238722000055, 13.493708752000032], [29.290464308000026, 13.489863537000076], [29.301877882000042, 13.479304455000033], [29.381833937000067, 13.436091564000037], [29.39367475800003, 13.433467053000072], [29.40203657400008, 13.438655041000061], [29.411252882000042, 13.438655041000061], [29.415037062000067, 13.428889416000061], [29.51586714000007, 13.407466076000048], [29.527272696000068, 13.35474096300004]]]}}, {"type": "Feature", "properties": {"zoneId": "SDN-north-kordofan-sheikan"}, "geometry": {"type": "Polygon", "coordinates": [[[29.788330078000058, 12.745727539000029], [29.80572509800004, 12.737915039000029], [29.84368896500007, 12.73132324200003], [29.851074219000054, 12.729309082000043], [29.85968017600004, 12.724304199000073], [29.93072509800004, 12.725280762000068], [29.971496582000043, 12.720092773000033], [30.009277344000054, 12.708496094000054], [30.01169427800005, 12.704326883000022], [30.012084961000028, 12.698730469000054], [30.00170898400006, 12.671508789000029], [30.00347900400004, 12.64428710900006], [30.013122559000067, 12.626281738000046], [30.02392578100006, 12.614501953000058], [30.036034448000066, 12.594772779000039], [30.035888672000056, 12.548522949000073], [30.038879395000038, 12.529724121000072], [30.044311523000033, 12.519714355000076], [30.039489746000072, 12.507324219000054], [30.031921387000068, 12.495727539000029], [30.030090332000043, 12.487670898000033], [30.030517578000058, 12.476074219000054], [30.040710449000073, 12.446716309000067], [30.050292969000054, 12.443481445000032], [30.070922852000024, 12.447082520000038], [30.087890625000057, 12.456481934000067], [30.12530517600004, 12.481506348000039], [30.135681152000075, 12.489929199000073], [30.15991210900006, 12.500671387000068], [30.22650146500007, 12.526489258000026], [30.270324707000043, 12.533081055000025], [30.328918457000043, 12.536682129000042], [30.35949707000003, 12.526672363000046], [30.373718262000068, 12.514282227000024], [30.434395950000066, 12.557380030000047], [30.457876699000053, 12.577675759000044], [30.449390213000072, 12.65579712500005], [30.433130924000068, 12.679915587000039], [30.424641199000064, 12.676099799000042], [30.373533095000028, 12.726005325000074], [30.341981565000026, 12.777457432000062], [30.33109393600006, 12.788700971000026], [30.32151536500004, 12.802099250000026], [30.315226996000035, 12.816797517000055], [30.313087164000024, 12.828631514000051], [30.313761665000072, 12.832789300000059], [30.31948188100006, 12.839115586000048], [30.334853726000063, 12.849342764000028], [30.353473345000054, 12.859257297000056], [30.472788528000024, 13.085673446000044], [30.458031076000054, 13.10597648700002], [30.454652714000076, 13.130360117000066], [30.507048268000062, 13.171914896000033], [30.527190305000033, 13.185220397000023], [30.524059390000048, 13.245647090000034], [30.513321532000077, 13.261272743000063], [30.513723430000027, 13.283540995000067], [30.483684510000046, 13.336220749000063], [30.47551833600005, 13.331877247000023], [30.426447411000026, 13.30552005800007], [30.411077996000074, 13.304070473000024], [30.323610306000035, 13.485090256000035], [30.314689636000026, 13.500670433000039], [30.311262182000064, 13.45340832100004], [30.289870011000062, 13.451982176000058], [30.29697523200008, 13.510556118000068], [30.29411784200005, 13.554845661000058], [30.279486508000048, 13.593761297000071], [30.275579453000034, 13.591890335000073], [30.128250122000054, 13.618300438000063], [30.11818776700005, 13.610121855000045], [30.111496550000027, 13.624427216000072], [30.06758854800006, 13.603158649000022], [30.065230933000066, 13.588316891000034], [30.069561914000076, 13.57059924300006], [30.060039520000032, 13.56285953500003], [29.978183398000056, 13.562115405000043], [29.960681898000075, 13.582242130000054], [29.946737553000048, 13.580499087000021], [29.94049856500004, 13.570447385000023], [29.932564, 13.57816675600003], [29.914200746000063, 13.560744597000053], [29.904470797000045, 13.565454602000045], [29.899235902000044, 13.553219716000058], [29.83808786000003, 13.540990108000074], [29.82298148500007, 13.534017935000065], [29.831082130000027, 13.512785019000034], [29.87407719600003, 13.50523183200005], [29.880888812000023, 13.493879137000022], [29.87586671200006, 13.476102825000055], [29.862956240000074, 13.45974521200003], [29.905683983000074, 13.414346984000076], [29.891418103000035, 13.395626682000056], [29.82995154100007, 13.41795854000003], [29.82481956500004, 13.411270142000035], [29.795070648000035, 13.383680344000027], [29.755090714000062, 13.352390289000027], [29.729480743000067, 13.352339745000052], [29.712259293000045, 13.345879555000067], [29.69693946800004, 13.324279785000044], [29.688110352000024, 13.315090179000038], [29.60799026500007, 13.330530167000063], [29.54568357900007, 13.373738124000056], [29.556770219000043, 13.343650196000056], [29.52750858400003, 13.353309749000061], [29.527272696000068, 13.35474096300004], [29.520078566000052, 13.255305432000057], [29.532041457000048, 13.16509547100003], [29.546079544000065, 13.100703381000073], [29.564850085000046, 13.088088114000072], [29.587644485000055, 13.088679455000033], [29.637228282000024, 13.002319483000065], [29.636423184000023, 13.000494218000028], [29.634873905000063, 12.998701845000028], [29.702878859000066, 12.906855724000025], [29.72326460100004, 12.877070568000022], [29.78448286300005, 12.75225367400003], [29.788083937000067, 12.749262951000048], [29.788330078000058, 12.745727539000029]]]}}, {"type": "Feature", "properties": {"zoneId": "SDN-south-darfur-al-wihda"}, "geometry": {"type": "Polygon", "coordinates": [[[24.943008633000034, 12.994925084000045], [24.939674833000026, 12.999709383000038], [24.923389495000038, 13.010002963000034], [24.900328458000047, 13.016724105000037], [24.879745092000064, 13.02531207800007], [24.851074219000054, 13.040100098000039], [24.82829294100003, 13.054873490000034], [24.79106792400006, 13.072215795000034], [24.795450988000027, 12.959843571000022], [24.81727971300006, 12.834042423000028], [24.82243582800004, 12.796704371000033], [24.98234400700005, 12.732327354000063], [25.15010035000006, 12.673631500000056], [25.14410400500003, 12.695312500000057], [25.145874023000033, 12.73413085900006], [25.16247558500004, 12.759887695000032], [25.16809082000003, 12.806091309000067], [25.180908203000058, 12.850280762000068], [25.166076660000044, 12.907470703000058], [25.145874023000033, 12.94451904300007], [25.16026799100007, 12.962883126000065], [25.16027832000003, 12.968872070000032], [25.091704407000066, 12.94514698200004], [25.008911133000026, 12.949096680000025], [24.98089490900003, 12.953309120000029], [24.95147705100004, 12.98272705100004], [24.943008633000034, 12.994925084000045]]]}}, {"type": "Feature", "properties": {"zoneId": "SDN-south-darfur-beliel"}, "geometry": {"type": "Polygon", "coordinates": [[[25.296212712000056, 11.572280374000059], [25.29447872800006, 11.575657073000059], [25.289600192000023, 11.633836994000035], [25.286037367000063, 11.699630975000048], [25.288341376000062, 11.787694509000062], [25.292476127000043, 11.823121637000042], [25.30347892700007, 11.87793362900004], [25.30969415800007, 11.926506026000027], [25.311242573000072, 12.008032555000057], [25.309817829000053, 12.039482058000033], [25.311245505000045, 12.060183368000025], [25.30610298600004, 12.165470732000074], [25.309639369000024, 12.193314211000029], [25.313922398000045, 12.204735625000069], [25.333196032000046, 12.224723097000037], [25.362104312000042, 12.243284205000066], [25.177888108000047, 12.221428045000039], [25.049668834000045, 12.232115416000056], [24.987136545000055, 12.246909981000044], [24.982365668000057, 12.215115651000076], [24.980529785000044, 12.20288085900006], [25.047485351000034, 12.146301270000038], [25.025258550000046, 12.132646829000066], [24.95124858500003, 12.10507717300004], [24.94530327500007, 12.073231540000052], [24.950033364000035, 12.048505391000049], [24.940634224000064, 12.027311549000046], [24.913634583000032, 12.014471655000023], [24.888908435000076, 11.992110549000074], [24.85878999600004, 11.977480031000027], [24.910149432000026, 11.900926466000044], [24.961606364000033, 11.788594758000045], [25.052776771000026, 11.715281860000061], [25.296212712000056, 11.572280374000059]]]}}, {"type": "Feature", "properties": {"zoneId": "SDN-south-darfur-gereida"}, "geometry": {"type": "Polygon", "coordinates": [[[25.63758501600006, 11.14177931000006], [25.638929802000064, 11.148872635000032], [25.615112305000025, 11.13470459000007], [25.599121094000054, 11.123107910000044], [25.56671142600004, 11.127502441000047], [25.54449462900004, 11.157104493000077], [25.537719727000024, 11.18530273400006], [25.54187011700003, 11.246276856000065], [25.54968261700003, 11.283874512000068], [25.54968261700003, 11.30712890600006], [25.531921387000068, 11.328491211000028], [25.513488770000038, 11.345275879000042], [25.389892578000058, 11.400512695000032], [25.297308761000068, 11.33283218400004], [25.232249386000035, 11.307277415000044], [25.19131292700007, 11.299632346000067], [25.160702136000054, 11.306028668000067], [25.10965363200006, 11.298292047000075], [25.08150981700004, 11.271488531000045], [25.056046601000048, 11.242126487000064], [25.21105214800008, 10.901048187000072], [25.550290111000038, 10.96005051000003], [25.708007147000046, 10.976110161000065], [25.71585526700005, 11.00990067600003], [25.70505204400007, 11.053662883000072], [25.688450481000075, 11.071668253000041], [25.640843061000055, 11.134473429000025], [25.636673273000042, 11.136701601000027], [25.63758501600006, 11.14177931000006]]]}}, {"type": "Feature", "properties": {"zoneId": "SDN-south-darfur-kas"}, "geometry": {"type": "Polygon", "coordinates": [[[24.44488525400004, 12.29132080200003], [24.428100586000028, 12.338684082000043], [24.42150878900003, 12.371704102000024], [24.41912841800007, 12.396728516000053], [24.463501645000065, 12.423923987000023], [24.469682789000046, 12.454227467000067], [24.471092774000056, 12.480209439000078], [24.47724339900003, 12.514110120000055], [24.480513019000057, 12.526891540000065], [24.491312735000065, 12.546692368000038], [24.49225195500003, 12.564881021000076], [24.489612049000073, 12.583482444000026], [24.483924810000076, 12.59044386000005], [24.478675512000052, 12.592033909000065], [24.465224894000073, 12.591707602000042], [24.45905474700004, 12.598648937000064], [24.45689399300005, 12.610064626000053], [24.456860498000026, 12.62641056700005], [24.465661926000053, 12.631122987000026], [24.469899731000055, 12.637890467000034], [24.46859770100008, 12.664670314000034], [24.325262262000024, 12.665654067000048], [24.288709433000065, 12.656856227000048], [24.239671095000062, 12.65304648700004], [24.212038177000068, 12.661874845000057], [24.194320425000058, 12.681918800000062], [24.18050396700005, 12.712213614000063], [24.15411044500007, 12.749883769000064], [24.126477527000077, 12.762491349000072], [24.08621480000005, 12.753683629000022], [24.061659273000032, 12.829048019000027], [24.040724829000055, 12.82645620900007], [24.016723633000026, 12.820922852000024], [23.883326803000045, 12.803999150000038], [23.89254302300003, 12.797431388000064], [23.856115559000045, 12.768599029000029], [23.853242769000076, 12.717741802000035], [23.838196191000065, 12.71186679400006], [24.01733846600007, 12.27408212000006], [24.071939772000064, 12.272305344000074], [24.09760823000005, 12.265994628000044], [24.12213255900008, 12.22888540100007], [24.144714355000076, 12.11108398500005], [24.199096680000025, 12.091491699000073], [24.225280762000068, 12.065124511000022], [24.229511815000023, 12.063507508000043], [24.23775192900007, 12.101853338000069], [24.25399188800003, 12.114439306000065], [24.281193819000066, 12.144889228000068], [24.29540378200005, 12.15463320400005], [24.344123658000058, 12.13392725600005], [24.35715446100005, 12.121765174000075], [24.361843027000077, 12.133873402000063], [24.370061790000022, 12.13951871200004], [24.394657046000077, 12.149039462000076], [24.406469325000046, 12.159426616000076], [24.43707275400004, 12.235473633000026], [24.44488525400004, 12.29132080200003]]]}}, {"type": "Feature", "properties": {"zoneId": "SDN-south-darfur-kateila"}, "geometry": {"type": "Polygon", "coordinates": [[[24.487548743000048, 11.303422847000036], [24.450146974000063, 11.309752377000052], [24.42087960400005, 11.335450556000069], [24.400892132000024, 11.36543176400005], [24.368055570000024, 11.343302777000076], [24.276684267000064, 11.339733585000033], [24.24598922000007, 11.33687823200006], [24.19673437700004, 11.356865705000075], [24.169608522000033, 11.341875100000038], [24.156759432000058, 11.306897024000023], [24.12746591000007, 11.27618607200003], [24.134094238000046, 11.264099121000072], [24.156127930000025, 11.232482910000044], [24.214715472000023, 11.178281582000068], [24.179504395000038, 11.16632080100004], [24.16827392600004, 11.145080566000047], [24.111877441000047, 11.125671387000068], [24.09991455000005, 11.063720703000058], [24.096313477000024, 11.018493652000075], [24.082092285000044, 10.962280272000044], [24.077087402000075, 10.93548584000007], [24.059326172000056, 10.893493652000075], [24.03747558500004, 10.850524902000075], [24.032470703000058, 10.828674315000058], [24.034118652000075, 10.818725586000028], [24.070312500000057, 10.779113769000048], [24.088073730000076, 10.772277832000043], [24.179687501000046, 10.767272949000073], [24.239685059000067, 10.787292480000076], [24.246887207000043, 10.755676270000038], [24.285888672000056, 10.708679199000073], [24.326721191000047, 10.672119141000053], [24.33892822300004, 10.688110352000024], [24.353698730000076, 10.70111084000007], [24.38049316400003, 10.745910644000048], [24.456298828000058, 10.850891113000046], [24.453674316000047, 10.919494629000042], [24.49127197300004, 10.979492187000062], [24.496887207000043, 10.995910645000038], [24.48730468800005, 11.028076172000056], [24.463869489000047, 11.054112157000077], [24.47351074200003, 11.06689453100006], [24.489074707000043, 11.136108398000033], [24.456298828000058, 11.159484863000046], [24.45007324200003, 11.16827392600004], [24.470886230000076, 11.17572021500007], [24.48481312800004, 11.17743450000006], [24.482674384000063, 11.182305563000057], [24.479480456000033, 11.234069527000031], [24.487548743000048, 11.303422847000036]]]}}, {"type": "Feature", "properties": {"zoneId": "SDN-south-darfur-kubum"}, "geometry": {"type": "Polygon", "coordinates": [[[24.229511815000023, 12.063507508000043], [24.225280762000068, 12.065124511000022], [24.199096680000025, 12.091491699000073], [24.144714355000076, 12.11108398500005], [24.098083496000072, 12.157104493000077], [24.07130505600003, 12.155207110000049], [24.055234856000027, 12.151242904000071], [24.034742924000057, 12.130476552000061], [23.98052486000006, 12.121663846000047], [23.952898360000063, 12.106067169000028], [23.951835962000075, 12.10182314800005], [23.954056222000077, 12.093883901000027], [23.952836468000044, 12.087846161000073], [23.954056222000077, 12.064914718000068], [23.95189113500004, 12.060706611000057], [23.948262386000067, 12.057931645000053], [23.94402376000005, 12.057321768000065], [23.93088087700005, 12.06250572600004], [23.91505457900007, 12.072873645000072], [23.89983815900007, 12.07747824300003], [23.870503002000078, 12.068665538000062], [23.843455005000067, 12.049698298000067], [23.82424386400004, 12.04064168800005], [23.815675061000036, 12.035091756000043], [23.807716136000067, 12.024113962000058], [23.792255812000064, 12.014691377000076], [23.791889839000078, 12.00648854800005], [23.802261307000038, 11.962245925000047], [23.791076660000044, 11.958312988000046], [23.74530960000004, 11.951871174000075], [23.76147454900007, 11.897093346000077], [23.75207815300007, 11.875908899000024], [23.75848379400003, 11.863512754000055], [23.758300942000062, 11.851316229000076], [23.732727212000043, 11.835874335000028], [23.720276124000065, 11.823728421000055], [23.72229020000003, 11.81170441300003], [23.730529757000056, 11.795286333000035], [23.715088052000056, 11.710325018000049], [23.713684243000046, 11.669492499000057], [23.714111471000024, 11.640318662000027], [23.741017541000076, 11.422050985000055], [23.76725209500006, 11.429705660000025], [23.78688068500003, 11.437624234000054], [23.808435512000074, 11.44887557800007], [23.82506793400006, 11.46263390100006], [23.836410829000044, 11.466486376000034], [23.840263304000075, 11.46263390100006], [23.839835151000045, 11.456243928000049], [23.82751387600007, 11.44007018000002], [23.823661401000038, 11.427718387000027], [23.824089556000047, 11.417047785000022], [23.83047952800007, 11.40912921100005], [23.83586060500005, 11.40912921100005], [23.84127220000005, 11.414601841000035], [23.843259473000046, 11.427290234000054], [23.857904621000046, 11.441048556000055], [23.879918118000035, 11.441048556000055], [23.889273741000068, 11.415060512000025], [23.89710076500006, 11.402280567000048], [23.89807914100004, 11.388094090000038], [23.911317758000052, 11.373877096000058], [23.937856026000077, 11.366050074000043], [23.938834403000044, 11.358681723000075], [23.942258725000045, 11.351863598000023], [23.959410853000065, 11.345473625000068], [23.969225148000078, 11.338624981000066], [23.977905273000033, 11.32788085900006], [23.99890136700003, 11.336730958000032], [24.040743427000052, 11.360542581000061], [24.046416, 11.419445], [24.042936225000062, 11.45730388000004], [24.026197468000078, 11.466317057000026], [24.010746307000034, 11.513958135000053], [24.040361032000078, 11.546148053000024], [24.024909871000034, 11.569324794000067], [24.003020727000035, 11.597651922000068], [24.019759485000066, 11.64014261400007], [24.049374209000064, 11.79079143000007], [24.071263353000063, 11.80237980100003], [24.112221, 11.766532], [24.160107527000036, 11.79079143000007], [24.136088, 11.919993], [24.179266, 11.934709], [24.21547418600005, 11.99165651900006], [24.24890738000005, 12.056095003000053], [24.229511815000023, 12.063507508000043]]]}}, {"type": "Feature", "properties": {"zoneId": "SDN-south-darfur-mershing"}, "geometry": {"type": "Polygon", "coordinates": [[[24.82243582800004, 12.796704371000033], [24.850475695000057, 12.647097916000064], [24.910134885000048, 12.398998705000054], [24.982365668000057, 12.215115651000076], [24.987136545000055, 12.246909981000044], [25.036926270000038, 12.322692870000026], [25.073913574000073, 12.40209960900006], [25.057495118000077, 12.458129883000026], [25.062927246000072, 12.490478515000063], [25.090515137000068, 12.542297363000046], [25.123718262000068, 12.575500488000046], [25.169921875000057, 12.610473633000026], [25.158874513000058, 12.641906738000046], [25.15010035000006, 12.673631500000056], [24.98234400700005, 12.732327354000063], [24.82243582800004, 12.796704371000033]]]}}, {"type": "Feature", "properties": {"zoneId": "SDN-south-darfur-nitega"}, "geometry": {"type": "Polygon", "coordinates": [[[25.15010035000006, 12.673631500000056], [25.158874513000058, 12.641906738000046], [25.169921875000057, 12.610473633000026], [25.123718262000068, 12.575500488000046], [25.090515137000068, 12.542297363000046], [25.062927246000072, 12.490478515000063], [25.057495118000077, 12.458129883000026], [25.073913574000073, 12.40209960900006], [25.036926270000038, 12.322692870000026], [24.987136545000055, 12.246909981000044], [25.049668834000045, 12.232115416000056], [25.177888108000047, 12.221428045000039], [25.362104312000042, 12.243284205000066], [25.411004407000064, 12.29586898100007], [25.427184742000065, 12.329181435000066], [25.436702586000024, 12.36154210500007], [25.45669005900004, 12.402468834000047], [25.44431686200005, 12.441491995000035], [25.43099188000008, 12.465286605000074], [25.41766689800005, 12.501454412000044], [25.414811545000077, 12.536670435000076], [25.419570467000028, 12.595681068000033], [25.44622043100003, 12.617572109000037], [25.468111471000043, 12.628041737000046], [25.478581100000042, 12.648029210000061], [25.473822178000034, 12.670872035000059], [25.459545412000068, 12.690859508000074], [25.461637711000037, 12.705970554000032], [25.466334844000073, 12.794032082000058], [25.464304334000076, 12.841241444000048], [25.457641843000033, 12.901203861000056], [25.456565067000042, 12.961193360000038], [25.45849778400003, 12.969068479000043], [25.439426601000036, 12.965301920000059], [25.430114746000072, 12.965881348000039], [25.390686035000044, 12.970275879000042], [25.36608886700003, 12.975708008000026], [25.330322266000053, 12.963317871000072], [25.30090002000003, 12.967100667000068], [25.26581211000007, 12.952323700000022], [25.239929199000073, 12.974487305000025], [25.204895020000038, 12.978088379000042], [25.16027832000003, 12.968872070000032], [25.16026799100007, 12.962883126000065], [25.145874023000033, 12.94451904300007], [25.166076660000044, 12.907470703000058], [25.180908203000058, 12.850280762000068], [25.16809082000003, 12.806091309000067], [25.16247558500004, 12.759887695000032], [25.145874023000033, 12.73413085900006], [25.14410400500003, 12.695312500000057], [25.15010035000006, 12.673631500000056]]]}}, {"type": "Feature", "properties": {"zoneId": "SDN-south-darfur-nyala-janoub"}, "geometry": {"type": "Polygon", "coordinates": [[[24.85878999600004, 11.977480031000027], [24.888908435000076, 11.992110549000074], [24.913634583000032, 12.014471655000023], [24.940634224000064, 12.027311549000046], [24.950033364000035, 12.048505391000049], [24.94530327500007, 12.073231540000052], [24.95124858500003, 12.10507717300004], [24.918512217000057, 12.090821819000041], [24.904060885000035, 12.081347290000053], [24.89366086900003, 12.06316799900003], [24.86253626900003, 12.061340350000023], [24.833677093000063, 12.067904506000048], [24.796021214000064, 12.072961403000022], [24.759251262000078, 12.070425544000045], [24.70364294500007, 12.06215932400005], [24.721130371000072, 12.029724121000072], [24.76807411900006, 11.931277173000069], [24.809046258000023, 11.953316207000057], [24.85878999600004, 11.977480031000027]]]}}, {"type": "Feature", "properties": {"zoneId": "SDN-south-darfur-nyala-shimal"}, "geometry": {"type": "Polygon", "coordinates": [[[24.70364294500007, 12.06215932400005], [24.759251262000078, 12.070425544000045], [24.796021214000064, 12.072961403000022], [24.833677093000063, 12.067904506000048], [24.86253626900003, 12.061340350000023], [24.89366086900003, 12.06316799900003], [24.904060885000035, 12.081347290000053], [24.918512217000057, 12.090821819000041], [24.95124858500003, 12.10507717300004], [25.025258550000046, 12.132646829000066], [25.047485351000034, 12.146301270000038], [24.980529785000044, 12.20288085900006], [24.982365668000057, 12.215115651000076], [24.910134885000048, 12.398998705000054], [24.850475695000057, 12.647097916000064], [24.82243582800004, 12.796704371000033], [24.82453706600006, 12.781477647000031], [24.673036275000072, 12.719910694000077], [24.560658799000066, 12.683056631000056], [24.46859770100008, 12.664670314000034], [24.469899731000055, 12.637890467000034], [24.465661926000053, 12.631122987000026], [24.456860498000026, 12.62641056700005], [24.45689399300005, 12.610064626000053], [24.45905474700004, 12.598648937000064], [24.465224894000073, 12.591707602000042], [24.478675512000052, 12.592033909000065], [24.483924810000076, 12.59044386000005], [24.489612049000073, 12.583482444000026], [24.49225195500003, 12.564881021000076], [24.491312735000065, 12.546692368000038], [24.480513019000057, 12.526891540000065], [24.47724339900003, 12.514110120000055], [24.471092774000056, 12.480209439000078], [24.469682789000046, 12.454227467000067], [24.463501645000065, 12.423923987000023], [24.41912841800007, 12.396728516000053], [24.42150878900003, 12.371704102000024], [24.428100586000028, 12.338684082000043], [24.44488525400004, 12.29132080200003], [24.578674316000047, 12.24530029300007], [24.62910025700006, 12.200297185000068], [24.70364294500007, 12.06215932400005]]]}}, {"type": "Feature", "properties": {"zoneId": "SDN-south-darfur-shattaya"}, "geometry": {"type": "Polygon", "coordinates": [[[23.838196191000065, 12.71186679400006], [23.78669691700003, 12.692279394000025], [23.776290756000037, 12.603149933000054], [23.776295730000072, 12.522115456000051], [23.776288168000065, 12.511039986000071], [23.78911339700005, 12.448733696000033], [23.76707970700005, 12.402896292000037], [23.73541715300007, 12.292325952000056], [23.732289667000032, 12.281680472000062], [23.72166955000006, 12.256717094000066], [23.689880455000036, 12.127684502000022], [23.69329834000007, 12.09228515600006], [23.701721191000047, 12.06170654300007], [23.747924485000055, 12.030882991000055], [23.74469010200005, 12.02850128800003], [23.73168975300007, 11.99749575900006], [23.74530960000004, 11.951871174000075], [23.791076660000044, 11.958312988000046], [23.802261307000038, 11.962245925000047], [23.791889839000078, 12.00648854800005], [23.792255812000064, 12.014691377000076], [23.807716136000067, 12.024113962000058], [23.815675061000036, 12.035091756000043], [23.82424386400004, 12.04064168800005], [23.843455005000067, 12.049698298000067], [23.870503002000078, 12.068665538000062], [23.89983815900007, 12.07747824300003], [23.91505457900007, 12.072873645000072], [23.93088087700005, 12.06250572600004], [23.94402376000005, 12.057321768000065], [23.948262386000067, 12.057931645000053], [23.95189113500004, 12.060706611000057], [23.954056222000077, 12.064914718000068], [23.952836468000044, 12.087846161000073], [23.954056222000077, 12.093883901000027], [23.951835962000075, 12.10182314800005], [23.952898360000063, 12.106067169000028], [23.98052486000006, 12.121663846000047], [24.034742924000057, 12.130476552000061], [24.055234856000027, 12.151242904000071], [24.07130505600003, 12.155207110000049], [24.098083496000072, 12.157104493000077], [24.144714355000076, 12.11108398500005], [24.12213255900008, 12.22888540100007], [24.09760823000005, 12.265994628000044], [24.071939772000064, 12.272305344000074], [24.01733846600007, 12.27408212000006], [23.838196191000065, 12.71186679400006]]]}}, {"type": "Feature", "properties": {"zoneId": "SDN-south-darfur-tulus"}, "geometry": {"type": "Polygon", "coordinates": [[[24.48481312800004, 11.17743450000006], [24.470886230000076, 11.17572021500007], [24.45007324200003, 11.16827392600004], [24.456298828000058, 11.159484863000046], [24.489074707000043, 11.136108398000033], [24.47351074200003, 11.06689453100006], [24.463869489000047, 11.054112157000077], [24.660488257000054, 11.057769466000025], [24.70810128900007, 11.00724099000007], [24.72907685100006, 11.007817001000035], [24.789775333000023, 10.966294963000053], [24.800891913000044, 10.94880130200005], [24.80908203100006, 10.956481934000067], [24.845886230000076, 10.955688477000024], [24.857299805000025, 10.956909180000025], [24.926513673000045, 10.97491455100004], [24.956468416000064, 11.04548438200004], [24.978103029000067, 11.077467598000055], [25.03171006100007, 11.17962564100003], [25.056046601000048, 11.242126487000064], [25.08150981700004, 11.271488531000045], [25.10965363200006, 11.298292047000075], [25.160702136000054, 11.306028668000067], [25.19131292700007, 11.299632346000067], [25.232249386000035, 11.307277415000044], [25.297308761000068, 11.33283218400004], [25.389892578000058, 11.400512695000032], [25.369873047000056, 11.416687012000068], [25.30267334000007, 11.537902832000043], [25.299072266000053, 11.56671142600004], [25.296212712000056, 11.572280374000059], [25.261145218000024, 11.555366960000072], [25.222900390000063, 11.541076660000044], [25.212890625000057, 11.518493653000064], [25.17108154300007, 11.498718263000058], [25.128906250000057, 11.481506349000028], [25.10449218800005, 11.466674805000025], [25.07708740100003, 11.46069335900006], [25.06567382700007, 11.452270508000026], [24.981689453000058, 11.447509766000053], [24.97772216800007, 11.36608886700003], [24.966308594000054, 11.331481934000067], [24.94067382700007, 11.26947021500007], [24.92767334000007, 11.254089355000076], [24.921296120000022, 11.242254804000027], [24.91024900800005, 11.233860810000067], [24.88965879700004, 11.225076776000037], [24.800292136000053, 11.200281527000072], [24.783098711000036, 11.193704246000038], [24.772277831000054, 11.193481445000032], [24.735473632000037, 11.188110352000024], [24.712280273000033, 11.182678223000039], [24.639099121000072, 11.185729980000076], [24.58947753900003, 11.180908203000058], [24.55090332000003, 11.186889648000033], [24.48481312800004, 11.17743450000006]]]}}, {"type": "Feature", "properties": {"zoneId": "SDN-south-kordofan-al-buram"}, "geometry": {"type": "Polygon", "coordinates": [[[30.130270663000033, 10.688437668000063], [30.102869120000037, 10.711574260000077], [30.102273711000066, 10.721440846000064], [30.06682028700004, 10.752572373000021], [30.043501569000057, 10.750668804000043], [30.02970069500003, 10.757331295000029], [29.963075787000037, 10.802065162000076], [29.94594366800004, 10.808727653000062], [29.92214905700007, 10.813010683000073], [29.861234856000067, 10.833949939000036], [29.842675060000033, 10.838232969000046], [29.833157216000075, 10.84632313700007], [29.830994033000025, 10.861898058000065], [29.82708959000007, 10.867286188000037], [29.813439003000042, 10.878206658000067], [29.813746588000072, 10.879840364000074], [29.81181497500006, 10.881385655000031], [29.79031666800006, 10.88574912200005], [29.776895887000023, 10.891076251000072], [29.738455137000074, 10.869192492000025], [29.706751680000025, 10.854710666000074], [29.65837398900004, 10.825146522000068], [29.640937507000046, 10.824009360000048], [29.625536037000074, 10.81713620000005], [29.592079756000032, 10.78214512300002], [29.62539745600003, 10.754905523000048], [29.67898632200007, 10.705894294000075], [29.686005366000074, 10.703086677000044], [29.711029780000047, 10.677085699000031], [29.798371088000067, 10.599937263000072], [29.80777050300003, 10.59413892300006], [29.84237743600005, 10.56453687100003], [29.844574702000045, 10.535301031000074], [29.852570307000065, 10.519737066000062], [29.871979487000033, 10.488303961000042], [29.873383296000043, 10.482688728000028], [29.88058544300003, 10.471702398000048], [29.881623042000058, 10.467918219000069], [29.887604487000033, 10.464927497000076], [29.888581050000028, 10.455283941000062], [29.89437938900005, 10.448509039000044], [29.899201167000058, 10.43453198800006], [29.91641308100003, 10.40273267300006], [29.922821772000077, 10.384910407000064], [29.936005366000074, 10.357688728000028], [29.944184077000045, 10.345725836000042], [29.952387560000034, 10.318937230000074], [29.95751953100006, 10.316101074000073], [29.96087646500007, 10.306518555000025], [29.973882417000027, 10.292904727000064], [29.99964259400008, 10.326822039000035], [30.005045713000072, 10.343804945000045], [30.080712573000028, 10.434605177000037], [30.127906246000066, 10.49824082400005], [30.080712573000028, 10.578800514000022], [30.079760789000034, 10.593553172000043], [30.074533519000056, 10.602802687000064], [30.075001867000026, 10.645235065000065], [30.101889776000064, 10.67283681300006], [30.130270663000033, 10.688437668000063]]]}}, {"type": "Feature", "properties": {"zoneId": "SDN-south-kordofan-al-buram"}, "geometry": {"type": "Polygon", "coordinates": [[[30.130270663000033, 10.688437668000063], [30.102869120000037, 10.711574260000077], [30.102273711000066, 10.721440846000064], [30.06682028700004, 10.752572373000021], [30.043501569000057, 10.750668804000043], [30.02970069500003, 10.757331295000029], [29.963075787000037, 10.802065162000076], [29.94594366800004, 10.808727653000062], [29.92214905700007, 10.813010683000073], [29.861234856000067, 10.833949939000036], [29.842675060000033, 10.838232969000046], [29.833157216000075, 10.84632313700007], [29.830994033000025, 10.861898058000065], [29.82708959000007, 10.867286188000037], [29.813439003000042, 10.878206658000067], [29.813746588000072, 10.879840364000074], [29.81181497500006, 10.881385655000031], [29.79031666800006, 10.88574912200005], [29.776895887000023, 10.891076251000072], [29.738455137000074, 10.869192492000025], [29.706751680000025, 10.854710666000074], [29.65837398900004, 10.825146522000068], [29.640937507000046, 10.824009360000048], [29.625536037000074, 10.81713620000005], [29.592079756000032, 10.78214512300002], [29.62539745600003, 10.754905523000048], [29.67898632200007, 10.705894294000075], [29.686005366000074, 10.703086677000044], [29.711029780000047, 10.677085699000031], [29.798371088000067, 10.599937263000072], [29.80777050300003, 10.59413892300006], [29.84237743600005, 10.56453687100003], [29.844574702000045, 10.535301031000074], [29.852570307000065, 10.519737066000062], [29.871979487000033, 10.488303961000042], [29.873383296000043, 10.482688728000028], [29.88058544300003, 10.471702398000048], [29.881623042000058, 10.467918219000069], [29.887604487000033, 10.464927497000076], [29.888581050000028, 10.455283941000062], [29.89437938900005, 10.448509039000044], [29.899201167000058, 10.43453198800006], [29.91641308100003, 10.40273267300006], [29.922821772000077, 10.384910407000064], [29.936005366000074, 10.357688728000028], [29.944184077000045, 10.345725836000042], [29.952387560000034, 10.318937230000074], [29.95751953100006, 10.316101074000073], [29.96087646500007, 10.306518555000025], [29.973882417000027, 10.292904727000064], [29.99964259400008, 10.326822039000035], [30.005045713000072, 10.343804945000045], [30.080712573000028, 10.434605177000037], [30.127906246000066, 10.49824082400005], [30.080712573000028, 10.578800514000022], [30.079760789000034, 10.593553172000043], [30.074533519000056, 10.602802687000064], [30.075001867000026, 10.645235065000065], [30.101889776000064, 10.67283681300006], [30.130270663000033, 10.688437668000063]]]}}, {"type": "Feature", "properties": {"zoneId": "SDN-south-kordofan-al-quoz"}, "geometry": {"type": "Polygon", "coordinates": [[[29.600983393000035, 12.443321051000055], [29.606091423000066, 12.444327398000041], [29.59783506900004, 12.435378153000045], [29.617093598000054, 12.42340457000006], [29.638984639000057, 12.413886726000044], [29.653261405000023, 12.396754607000048], [29.666586387000052, 12.375815350000039], [29.682746171000076, 12.35870499200007], [29.688477428000056, 12.345358249000071], [29.688477428000056, 12.331081483000048], [29.73892200100005, 12.310142226000039], [29.749238354000056, 12.301545266000062], [29.76047310000007, 12.304428880000046], [29.76069115100006, 12.303285664000043], [29.762816051000073, 12.303832156000055], [29.766523749000044, 12.284444047000022], [29.764620180000065, 12.266360144000032], [29.75795769000007, 12.251131593000025], [29.780800515000067, 12.20544594200004], [29.779848731000072, 12.183364544000028], [29.785559437000074, 12.170039562000056], [29.79283335100007, 12.166388062000067], [29.876008003000038, 12.21266161400007], [29.89022362000003, 12.211261536000052], [29.967486689000054, 12.24622415400006], [29.99036346400004, 12.260899821000066], [30.05985706200005, 12.311228725000035], [30.090287489000048, 12.328062578000072], [30.103668244000062, 12.330220765000035], [30.15373816600004, 12.355687363000072], [30.165392372000042, 12.363888471000053], [30.170178461000035, 12.360943185000053], [30.18376599800007, 12.366721028000029], [30.199297898000054, 12.367341569000075], [30.21050524700007, 12.372745330000043], [30.215030656000067, 12.373384490000035], [30.225408637000044, 12.370048711000038], [30.24457605200007, 12.380059780000067], [30.262043207000033, 12.384794875000068], [30.28706045200005, 12.39685724700007], [30.32200706800006, 12.431770071000074], [30.330631691000065, 12.431765899000027], [30.337964080000063, 12.434780970000077], [30.351335165000023, 12.440811739000026], [30.363844830000062, 12.448999081000068], [30.412719088000074, 12.471130715000072], [30.406127930000025, 12.474670410000044], [30.379699707000043, 12.498718262000068], [30.369873047000056, 12.510314941000047], [30.373718262000068, 12.514282227000024], [30.35949707000003, 12.526672363000046], [30.328918457000043, 12.536682129000042], [30.270324707000043, 12.533081055000025], [30.22650146500007, 12.526489258000026], [30.15991210900006, 12.500671387000068], [30.135681152000075, 12.489929199000073], [30.12530517600004, 12.481506348000039], [30.087890625000057, 12.456481934000067], [30.070922852000024, 12.447082520000038], [30.050292969000054, 12.443481445000032], [30.040710449000073, 12.446716309000067], [30.030517578000058, 12.476074219000054], [30.030090332000043, 12.487670898000033], [30.031921387000068, 12.495727539000029], [30.039489746000072, 12.507324219000054], [30.044311523000033, 12.519714355000076], [30.038879395000038, 12.529724121000072], [30.035888672000056, 12.548522949000073], [30.036034448000066, 12.594772779000039], [30.02392578100006, 12.614501953000058], [30.013122559000067, 12.626281738000046], [30.00347900400004, 12.64428710900006], [30.00170898400006, 12.671508789000029], [30.012084961000028, 12.698730469000054], [30.01169427800005, 12.704326883000022], [30.009277344000054, 12.708496094000054], [29.971496582000043, 12.720092773000033], [29.93072509800004, 12.725280762000068], [29.85968017600004, 12.724304199000073], [29.851074219000054, 12.729309082000043], [29.84368896500007, 12.73132324200003], [29.80572509800004, 12.737915039000029], [29.788330078000058, 12.745727539000029], [29.787384760000066, 12.744285406000074], [29.738007319000076, 12.736900153000022], [29.711823237000033, 12.728538337000032], [29.706391108000048, 12.709312262000026], [29.705414546000043, 12.698509039000044], [29.70938183100003, 12.688499274000037], [29.712982905000047, 12.683921637000026], [29.71597362800003, 12.672935309000025], [29.712982905000047, 12.66109448800006], [29.66342235700006, 12.530540290000033], [29.650177729000063, 12.505332770000052], [29.643585932000065, 12.50093823900005], [29.64260937000006, 12.497093024000037], [29.644623530000047, 12.490928473000054], [29.644013178000023, 12.487083258000041], [29.632416499000044, 12.471336188000066], [29.62820507300006, 12.461936774000037], [29.600983393000035, 12.443321051000055]]]}}, {"type": "Feature", "properties": {"zoneId": "SDN-south-kordofan-ar-reif-ash-shargi"}, "geometry": {"type": "Polygon", "coordinates": [[[29.49391073000004, 11.400243368000076], [29.495154167000067, 11.403872934000049], [29.517015939000032, 11.373873209000067], [29.553507499000034, 11.348379760000057], [29.58900477700007, 11.315749718000063], [29.60720782900006, 11.302525183000057], [29.622428084000035, 11.297404263000033], [29.64773223900005, 11.294461169000044], [29.659868541000037, 11.276145560000032], [29.65980583700008, 11.253801617000022], [29.66901210900005, 11.222149932000036], [29.691336840000076, 11.210422425000047], [29.72454768600005, 11.196222871000032], [29.756660460000035, 11.14978330100007], [29.798789743000043, 11.082156090000069], [29.82893258000007, 11.051843597000072], [29.837952811000036, 11.034689137000044], [29.835919689000036, 10.998938151000061], [29.83178066200003, 10.985768336000035], [29.831648271000063, 10.942410965000022], [29.829597957000033, 10.928340917000071], [29.82965145000003, 10.90050321900003], [29.830971345000023, 10.899354206000055], [29.84109680000006, 10.911567551000076], [29.857394397000064, 10.93966610800004], [29.89040396200005, 10.973537434000036], [29.912436487000036, 11.005436072000066], [30.040087065000023, 11.090254878000053], [30.059577250000075, 11.10012223900003], [30.121179968000035, 11.157955228000048], [30.146593745000075, 11.170858905000046], [30.15439193700007, 11.176590332000046], [30.15274622100003, 11.178525163000074], [30.138374336000027, 11.195421861000057], [30.132319463000044, 11.205098547000034], [30.12809155900004, 11.228365230000065], [30.123484807000068, 11.244119881000074], [30.13212434600007, 11.26305725700007], [30.145930201000056, 11.338149463000036], [30.15032477400007, 11.348200322000025], [30.15598573400007, 11.35171636900003], [30.154969125000036, 11.352114382000025], [30.157184973000028, 11.354098113000077], [30.154861150000045, 11.355007913000065], [30.047595494000063, 11.39700349100002], [29.964921170000025, 11.400054234000038], [29.926848776000043, 11.393114240000045], [29.91831617200006, 11.386128365000047], [29.90428457300004, 11.388009881000073], [29.89136412000005, 11.381618567000032], [29.87611155500008, 11.383197666000058], [29.856799333000026, 11.374989044000074], [29.83180999700005, 11.388487019000024], [29.81095199200007, 11.410952983000072], [29.797569933000034, 11.421807085000069], [29.782236054000066, 11.430936016000032], [29.765809601000058, 11.436174057000073], [29.746116623000034, 11.445673405000036], [29.733700678000048, 11.44491492800006], [29.72589210700005, 11.453022403000034], [29.725112213000045, 11.46428730200006], [29.730305628000053, 11.46713274900003], [29.711222648000046, 11.46935615700005], [29.69694588200008, 11.473163294000074], [29.658874506000075, 11.459838313000034], [29.635079896000036, 11.459838313000034], [29.626513836000072, 11.464597235000042], [29.588442460000067, 11.464597235000042], [29.577021047000073, 11.471259725000039], [29.540795634000062, 11.469396481000047], [29.53133539600003, 11.476018647000046], [29.48945688200007, 11.476018647000046], [29.481842607000033, 11.481729354000038], [29.459549159000062, 11.481773986000064], [29.478974115000028, 11.424094978000028], [29.48898388200007, 11.410728278000022], [29.49391073000004, 11.400243368000076]]]}}, {"type": "Feature", "properties": {"zoneId": "SDN-south-kordofan-delami"}, "geometry": {"type": "Polygon", "coordinates": [[[30.66311307500007, 11.60536784900006], [30.664897671000062, 11.674967084000059], [30.672036054000046, 11.682105467000042], [30.67382065000004, 11.737071016000073], [30.666682267000056, 11.754916974000025], [30.648836309000046, 11.781685910000022], [30.623851969000043, 11.829869995000024], [30.600652224000044, 11.89233084700004], [30.595298437000054, 11.920884379000029], [30.584590862000027, 11.944084124000028], [30.577452479000044, 12.020821741000077], [30.572098692000054, 12.044840441000076], [30.565025121000076, 12.03873903400006], [30.52267071500006, 12.027793514000052], [30.505538596000065, 12.020655131000069], [30.483171662000075, 12.013992640000026], [30.45271456200004, 12.002571227000033], [30.42273335300007, 11.99543284400005], [30.399652581000055, 11.984296967000034], [30.382996354000056, 11.978586260000043], [30.367833070000074, 11.975751995000053], [30.36158120500005, 11.966688955000052], [30.346322317000045, 11.968131038000024], [30.33921427200005, 11.958598788000074], [30.323985721000042, 11.956219327000042], [30.308621411000047, 11.946477788000038], [30.27972774600005, 11.911009568000054], [30.235859891000075, 11.84767914400004], [30.21952738300007, 11.827157362000037], [30.193353312000056, 11.808121674000063], [30.136246248000077, 11.76091316700007], [30.06443776100008, 11.707228179000026], [29.990623234000054, 11.625569425000037], [29.94417827700005, 11.565014234000046], [29.925186238000038, 11.530914891000066], [29.897993091000046, 11.488614440000049], [29.84015369800005, 11.406171723000057], [29.83180999700005, 11.388487019000024], [29.856799333000026, 11.374989044000074], [29.87611155500008, 11.383197666000058], [29.89136412000005, 11.381618567000032], [29.90428457300004, 11.388009881000073], [29.91831617200006, 11.386128365000047], [29.926848776000043, 11.393114240000045], [29.964921170000025, 11.400054234000038], [30.047595494000063, 11.39700349100002], [30.154861150000045, 11.355007913000065], [30.16656589300004, 11.35290963500006], [30.17763038700008, 11.348983524000062], [30.196190183000056, 11.339703626000073], [30.263112524000064, 11.299371762000021], [30.282029239000053, 11.28973494500002], [30.290238379000073, 11.309508266000023], [30.338779384000077, 11.378393662000065], [30.338779384000077, 11.386602803000073], [30.343419332000053, 11.393384267000044], [30.344847009000034, 11.409445628000071], [30.35127155400005, 11.416584011000054], [30.364477562000047, 11.422651637000058], [30.373757460000036, 11.423722394000038], [30.38553579200004, 11.427648505000036], [30.398384882000073, 11.424436233000051], [30.40730786000006, 11.431217697000022], [30.440858261000074, 11.437285322000037], [30.46905487400005, 11.444780624000032], [30.484759316000066, 11.444423705000077], [30.49760840600004, 11.451205169000048], [30.53472799700006, 11.459057390000055], [30.54686324800008, 11.459771229000069], [30.58541051700007, 11.469764965000024], [30.635379198000066, 11.48011562000005], [30.648942126000065, 11.487967842000046], [30.669656377000024, 11.49280271200007], [30.672511730000053, 11.522308028000054], [30.665849239000067, 11.530874088000076], [30.66311307500007, 11.60536784900006]]]}}, {"type": "Feature", "properties": {"zoneId": "SDN-south-kordofan-dilling"}, "geometry": {"type": "Polygon", "coordinates": [[[29.51914824800008, 12.353216261000057], [29.503815425000028, 12.325095954000062], [29.495575678000023, 12.305320563000066], [29.49258495600003, 12.29012281000007], [29.488373530000047, 12.279502691000062], [29.489228022000077, 12.266502203000073], [29.478607905000047, 12.258140388000072], [29.44442821800004, 12.249900642000057], [29.43700212500005, 12.241744113000038], [29.440399897000077, 12.228721441000062], [29.442169917000058, 12.211082282000064], [29.432404292000058, 12.186912360000065], [29.41781688900005, 12.159507574000031], [29.38479687000006, 12.139304938000066], [29.36258007300006, 12.12929517200007], [29.353424800000028, 12.128501716000073], [29.348175775000072, 12.11531812100003], [29.347382319000076, 12.104514898000048], [29.282990229000063, 12.001914802000044], [29.269623530000047, 11.974326910000059], [29.25058056100005, 11.824912848000054], [29.22921825700007, 11.775718512000026], [29.224520510000048, 11.746726812000077], [29.232025874000044, 11.747520271000042], [29.230377925000028, 11.734519782000064], [29.25497509300004, 11.696494880000046], [29.366791499000044, 11.699912849000043], [29.37680126400005, 11.701499763000072], [29.45156933100003, 11.507896247000076], [29.459549159000062, 11.481773986000064], [29.481842607000033, 11.481729354000038], [29.48945688200007, 11.476018647000046], [29.53133539600003, 11.476018647000046], [29.540795634000062, 11.469396481000047], [29.577021047000073, 11.471259725000039], [29.588442460000067, 11.464597235000042], [29.626513836000072, 11.464597235000042], [29.635079896000036, 11.459838313000034], [29.658874506000075, 11.459838313000034], [29.69694588200008, 11.473163294000074], [29.711222648000046, 11.46935615700005], [29.730305628000053, 11.46713274900003], [29.732891840000036, 11.477046561000066], [29.72814383000008, 11.479636385000049], [29.724259094000047, 11.488269130000049], [29.72684891800003, 11.501649885000063], [29.71951108500008, 11.50726116900006], [29.71735289800006, 11.51589391400006], [29.71951108500008, 11.542223787000069], [29.716057987000056, 11.558367020000048], [29.716489624000076, 11.584696893000057], [29.712604888000044, 11.593761276000066], [29.689728114000047, 11.639169515000049], [29.676778996000053, 11.656866643000058], [29.67375753500005, 11.66636266200004], [29.655628770000078, 11.680175055000063], [29.643974565000065, 11.691829261000066], [29.631888721000053, 11.698303819000046], [29.61203340700007, 11.716864221000037], [29.60987522100004, 11.724633692000054], [29.608580309000047, 11.739827324000032], [29.617644692000056, 11.749323343000071], [29.642679653000073, 11.750618255000063], [29.64742766300003, 11.757092814000032], [29.634910182000056, 11.769178657000054], [29.62929889800006, 11.78385432400006], [29.605990486000053, 11.80068817700004], [29.574049329000047, 11.79896162800003], [29.556783838000058, 11.802414726000052], [29.542971446000024, 11.807594373000029], [29.53347542700004, 11.815795481000066], [29.53045396600004, 11.82701805000005], [29.52527431900006, 11.834787520000077], [29.526137593000044, 11.842988628000057], [29.535633613000073, 11.851621373000057], [29.564769128000023, 11.871045050000077], [29.610522677000063, 11.904712756000038], [29.61742887300005, 11.920683335000035], [29.635557638000023, 11.943128472000069], [29.650626337000062, 11.955613965000055], [29.68664231400004, 11.974553925000066], [29.68879959700007, 11.989654908000034], [29.69656906800003, 11.995266193000077], [29.70520181300003, 11.99569783000004], [29.711676372000056, 11.992244732000074], [29.719445843000074, 11.979727251000043], [29.73153168600004, 11.974115967000046], [29.757861559000048, 11.955555565000054], [29.770379039000034, 11.943901359000051], [29.782033245000036, 11.937426800000026], [29.798435461000054, 11.949944281000057], [29.798003824000034, 11.955555565000054], [29.782033245000036, 11.97808703000004], [29.775127049000048, 11.991899422000074], [29.784191431000067, 12.01261801000004], [29.765199392000056, 12.035494785000026], [29.752681911000025, 12.065277756000057], [29.753113549000034, 12.073478864000037], [29.75958810800006, 12.10239856000004], [29.78634961800003, 12.156784854000023], [29.794766544000026, 12.165417600000069], [29.79283335100007, 12.166388062000067], [29.785559437000074, 12.170039562000056], [29.779848731000072, 12.183364544000028], [29.780800515000067, 12.20544594200004], [29.75795769000007, 12.251131593000025], [29.764620180000065, 12.266360144000032], [29.766523749000044, 12.284444047000022], [29.762816051000073, 12.303832156000055], [29.76069115100006, 12.303285664000043], [29.76047310000007, 12.304428880000046], [29.749238354000056, 12.301545266000062], [29.73892200100005, 12.310142226000039], [29.688477428000056, 12.331081483000048], [29.688477428000056, 12.345358249000071], [29.682746171000076, 12.35870499200007], [29.666586387000052, 12.375815350000039], [29.653261405000023, 12.396754607000048], [29.638984639000057, 12.413886726000044], [29.617093598000054, 12.42340457000006], [29.59783506900004, 12.435378153000045], [29.606091423000066, 12.444327398000041], [29.600983393000035, 12.443321051000055], [29.58419872500008, 12.428306403000022], [29.554413569000076, 12.390708747000076], [29.523407710000072, 12.360496344000069], [29.51914824800008, 12.353216261000057]]]}}, {"type": "Feature", "properties": {"zoneId": "SDN-south-kordofan-dilling"}, "geometry": {"type": "Polygon", "coordinates": [[[29.51914824800008, 12.353216261000057], [29.503815425000028, 12.325095954000062], [29.495575678000023, 12.305320563000066], [29.49258495600003, 12.29012281000007], [29.488373530000047, 12.279502691000062], [29.489228022000077, 12.266502203000073], [29.478607905000047, 12.258140388000072], [29.44442821800004, 12.249900642000057], [29.43700212500005, 12.241744113000038], [29.440399897000077, 12.228721441000062], [29.442169917000058, 12.211082282000064], [29.432404292000058, 12.186912360000065], [29.41781688900005, 12.159507574000031], [29.38479687000006, 12.139304938000066], [29.36258007300006, 12.12929517200007], [29.353424800000028, 12.128501716000073], [29.348175775000072, 12.11531812100003], [29.347382319000076, 12.104514898000048], [29.282990229000063, 12.001914802000044], [29.269623530000047, 11.974326910000059], [29.25058056100005, 11.824912848000054], [29.22921825700007, 11.775718512000026], [29.224520510000048, 11.746726812000077], [29.232025874000044, 11.747520271000042], [29.230377925000028, 11.734519782000064], [29.25497509300004, 11.696494880000046], [29.366791499000044, 11.699912849000043], [29.37680126400005, 11.701499763000072], [29.45156933100003, 11.507896247000076], [29.459549159000062, 11.481773986000064], [29.481842607000033, 11.481729354000038], [29.48945688200007, 11.476018647000046], [29.53133539600003, 11.476018647000046], [29.540795634000062, 11.469396481000047], [29.577021047000073, 11.471259725000039], [29.588442460000067, 11.464597235000042], [29.626513836000072, 11.464597235000042], [29.635079896000036, 11.459838313000034], [29.658874506000075, 11.459838313000034], [29.69694588200008, 11.473163294000074], [29.711222648000046, 11.46935615700005], [29.730305628000053, 11.46713274900003], [29.732891840000036, 11.477046561000066], [29.72814383000008, 11.479636385000049], [29.724259094000047, 11.488269130000049], [29.72684891800003, 11.501649885000063], [29.71951108500008, 11.50726116900006], [29.71735289800006, 11.51589391400006], [29.71951108500008, 11.542223787000069], [29.716057987000056, 11.558367020000048], [29.716489624000076, 11.584696893000057], [29.712604888000044, 11.593761276000066], [29.689728114000047, 11.639169515000049], [29.676778996000053, 11.656866643000058], [29.67375753500005, 11.66636266200004], [29.655628770000078, 11.680175055000063], [29.643974565000065, 11.691829261000066], [29.631888721000053, 11.698303819000046], [29.61203340700007, 11.716864221000037], [29.60987522100004, 11.724633692000054], [29.608580309000047, 11.739827324000032], [29.617644692000056, 11.749323343000071], [29.642679653000073, 11.750618255000063], [29.64742766300003, 11.757092814000032], [29.634910182000056, 11.769178657000054], [29.62929889800006, 11.78385432400006], [29.605990486000053, 11.80068817700004], [29.574049329000047, 11.79896162800003], [29.556783838000058, 11.802414726000052], [29.542971446000024, 11.807594373000029], [29.53347542700004, 11.815795481000066], [29.53045396600004, 11.82701805000005], [29.52527431900006, 11.834787520000077], [29.526137593000044, 11.842988628000057], [29.535633613000073, 11.851621373000057], [29.564769128000023, 11.871045050000077], [29.610522677000063, 11.904712756000038], [29.61742887300005, 11.920683335000035], [29.635557638000023, 11.943128472000069], [29.650626337000062, 11.955613965000055], [29.68664231400004, 11.974553925000066], [29.68879959700007, 11.989654908000034], [29.69656906800003, 11.995266193000077], [29.70520181300003, 11.99569783000004], [29.711676372000056, 11.992244732000074], [29.719445843000074, 11.979727251000043], [29.73153168600004, 11.974115967000046], [29.757861559000048, 11.955555565000054], [29.770379039000034, 11.943901359000051], [29.782033245000036, 11.937426800000026], [29.798435461000054, 11.949944281000057], [29.798003824000034, 11.955555565000054], [29.782033245000036, 11.97808703000004], [29.775127049000048, 11.991899422000074], [29.784191431000067, 12.01261801000004], [29.765199392000056, 12.035494785000026], [29.752681911000025, 12.065277756000057], [29.753113549000034, 12.073478864000037], [29.75958810800006, 12.10239856000004], [29.78634961800003, 12.156784854000023], [29.794766544000026, 12.165417600000069], [29.79283335100007, 12.166388062000067], [29.785559437000074, 12.170039562000056], [29.779848731000072, 12.183364544000028], [29.780800515000067, 12.20544594200004], [29.75795769000007, 12.251131593000025], [29.764620180000065, 12.266360144000032], [29.766523749000044, 12.284444047000022], [29.762816051000073, 12.303832156000055], [29.76069115100006, 12.303285664000043], [29.76047310000007, 12.304428880000046], [29.749238354000056, 12.301545266000062], [29.73892200100005, 12.310142226000039], [29.688477428000056, 12.331081483000048], [29.688477428000056, 12.345358249000071], [29.682746171000076, 12.35870499200007], [29.666586387000052, 12.375815350000039], [29.653261405000023, 12.396754607000048], [29.638984639000057, 12.413886726000044], [29.617093598000054, 12.42340457000006], [29.59783506900004, 12.435378153000045], [29.606091423000066, 12.444327398000041], [29.600983393000035, 12.443321051000055], [29.58419872500008, 12.428306403000022], [29.554413569000076, 12.390708747000076], [29.523407710000072, 12.360496344000069], [29.51914824800008, 12.353216261000057]]]}}, {"type": "Feature", "properties": {"zoneId": "SDN-south-kordofan-habila-sk"}, "geometry": {"type": "Polygon", "coordinates": [[[30.56261413800007, 12.253925224000056], [30.563279127000044, 12.259081132000063], [30.559497737000072, 12.261154905000069], [30.506286621000072, 12.311279297000056], [30.476928711000028, 12.385498047000056], [30.467895508000026, 12.402709961000028], [30.466308594000054, 12.411499023000033], [30.458312988000046, 12.426513672000056], [30.458312988000046, 12.430297852000024], [30.44970703100006, 12.450317383000026], [30.420715332000043, 12.47351074200003], [30.41772460900006, 12.472106934000067], [30.414306641000053, 12.473876953000058], [30.416076660000044, 12.472717285000044], [30.412719088000074, 12.471130715000072], [30.363844830000062, 12.448999081000068], [30.351335165000023, 12.440811739000026], [30.337964080000063, 12.434780970000077], [30.330631691000065, 12.431765899000027], [30.32200706800006, 12.431770071000074], [30.28706045200005, 12.39685724700007], [30.262043207000033, 12.384794875000068], [30.24457605200007, 12.380059780000067], [30.225408637000044, 12.370048711000038], [30.215030656000067, 12.373384490000035], [30.21050524700007, 12.372745330000043], [30.199297898000054, 12.367341569000075], [30.18376599800007, 12.366721028000029], [30.170178461000035, 12.360943185000053], [30.165392372000042, 12.363888471000053], [30.15373816600004, 12.355687363000072], [30.103668244000062, 12.330220765000035], [30.090287489000048, 12.328062578000072], [30.05985706200005, 12.311228725000035], [29.99036346400004, 12.260899821000066], [29.967486689000054, 12.24622415400006], [29.89022362000003, 12.211261536000052], [29.876008003000038, 12.21266161400007], [29.79283335100007, 12.166388062000067], [29.794766544000026, 12.165417600000069], [29.78634961800003, 12.156784854000023], [29.75958810800006, 12.10239856000004], [29.753113549000034, 12.073478864000037], [29.752681911000025, 12.065277756000057], [29.765199392000056, 12.035494785000026], [29.784191431000067, 12.01261801000004], [29.775127049000048, 11.991899422000074], [29.782033245000036, 11.97808703000004], [29.798003824000034, 11.955555565000054], [29.798435461000054, 11.949944281000057], [29.782033245000036, 11.937426800000026], [29.770379039000034, 11.943901359000051], [29.757861559000048, 11.955555565000054], [29.73153168600004, 11.974115967000046], [29.719445843000074, 11.979727251000043], [29.711676372000056, 11.992244732000074], [29.70520181300003, 11.99569783000004], [29.69656906800003, 11.995266193000077], [29.68879959700007, 11.989654908000034], [29.68664231400004, 11.974553925000066], [29.650626337000062, 11.955613965000055], [29.635557638000023, 11.943128472000069], [29.61742887300005, 11.920683335000035], [29.610522677000063, 11.904712756000038], [29.564769128000023, 11.871045050000077], [29.535633613000073, 11.851621373000057], [29.526137593000044, 11.842988628000057], [29.52527431900006, 11.834787520000077], [29.53045396600004, 11.82701805000005], [29.53347542700004, 11.815795481000066], [29.542971446000024, 11.807594373000029], [29.556783838000058, 11.802414726000052], [29.574049329000047, 11.79896162800003], [29.605990486000053, 11.80068817700004], [29.62929889800006, 11.78385432400006], [29.634910182000056, 11.769178657000054], [29.64742766300003, 11.757092814000032], [29.642679653000073, 11.750618255000063], [29.617644692000056, 11.749323343000071], [29.608580309000047, 11.739827324000032], [29.60987522100004, 11.724633692000054], [29.61203340700007, 11.716864221000037], [29.631888721000053, 11.698303819000046], [29.643974565000065, 11.691829261000066], [29.655628770000078, 11.680175055000063], [29.67375753500005, 11.66636266200004], [29.676778996000053, 11.656866643000058], [29.689728114000047, 11.639169515000049], [29.712604888000044, 11.593761276000066], [29.716489624000076, 11.584696893000057], [29.716057987000056, 11.558367020000048], [29.71951108500008, 11.542223787000069], [29.71735289800006, 11.51589391400006], [29.71951108500008, 11.50726116900006], [29.72684891800003, 11.501649885000063], [29.724259094000047, 11.488269130000049], [29.72814383000008, 11.479636385000049], [29.732891840000036, 11.477046561000066], [29.730305628000053, 11.46713274900003], [29.725112213000045, 11.46428730200006], [29.72589210700005, 11.453022403000034], [29.733700678000048, 11.44491492800006], [29.746116623000034, 11.445673405000036], [29.765809601000058, 11.436174057000073], [29.782236054000066, 11.430936016000032], [29.797569933000034, 11.421807085000069], [29.81095199200007, 11.410952983000072], [29.83180999700005, 11.388487019000024], [29.84015369800005, 11.406171723000057], [29.897993091000046, 11.488614440000049], [29.925186238000038, 11.530914891000066], [29.94417827700005, 11.565014234000046], [29.990623234000054, 11.625569425000037], [30.06443776100008, 11.707228179000026], [30.136246248000077, 11.76091316700007], [30.193353312000056, 11.808121674000063], [30.21952738300007, 11.827157362000037], [30.235859891000075, 11.84767914400004], [30.27972774600005, 11.911009568000054], [30.308621411000047, 11.946477788000038], [30.323985721000042, 11.956219327000042], [30.33921427200005, 11.958598788000074], [30.346322317000045, 11.968131038000024], [30.36158120500005, 11.966688955000052], [30.367833070000074, 11.975751995000053], [30.382996354000056, 11.978586260000043], [30.399652581000055, 11.984296967000034], [30.42273335300007, 11.99543284400005], [30.45271456200004, 12.002571227000033], [30.483171662000075, 12.013992640000026], [30.505538596000065, 12.020655131000069], [30.52267071500006, 12.027793514000052], [30.565025121000076, 12.03873903400006], [30.572098692000054, 12.044840441000076], [30.572098692000054, 12.069005826000023], [30.568529500000068, 12.085067188000039], [30.568529500000068, 12.138605061000021], [30.563175713000078, 12.145743444000061], [30.56496030900007, 12.20820429500003], [30.557931807000045, 12.218027347000032], [30.56261413800007, 12.253925224000056]]]}}, {"type": "Feature", "properties": {"zoneId": "SDN-south-kordofan-heiban"}, "geometry": {"type": "Polygon", "coordinates": [[[30.669656377000024, 11.49280271200007], [30.648942126000065, 11.487967842000046], [30.635379198000066, 11.48011562000005], [30.58541051700007, 11.469764965000024], [30.54686324800008, 11.459771229000069], [30.53472799700006, 11.459057390000055], [30.49760840600004, 11.451205169000048], [30.484759316000066, 11.444423705000077], [30.46905487400005, 11.444780624000032], [30.440858261000074, 11.437285322000037], [30.40730786000006, 11.431217697000022], [30.398384882000073, 11.424436233000051], [30.38553579200004, 11.427648505000036], [30.373757460000036, 11.423722394000038], [30.364477562000047, 11.422651637000058], [30.35127155400005, 11.416584011000054], [30.344847009000034, 11.409445628000071], [30.343419332000053, 11.393384267000044], [30.338779384000077, 11.386602803000073], [30.338779384000077, 11.378393662000065], [30.290238379000073, 11.309508266000023], [30.282029239000053, 11.28973494500002], [30.263112524000064, 11.299371762000021], [30.196190183000056, 11.339703626000073], [30.17763038700008, 11.348983524000062], [30.16656589300004, 11.35290963500006], [30.154861150000045, 11.355007913000065], [30.157184973000028, 11.354098113000077], [30.154969125000036, 11.352114382000025], [30.15598573400007, 11.35171636900003], [30.15032477400007, 11.348200322000025], [30.145930201000056, 11.338149463000036], [30.13212434600007, 11.26305725700007], [30.123484807000068, 11.244119881000074], [30.12809155900004, 11.228365230000065], [30.132319463000044, 11.205098547000034], [30.138374336000027, 11.195421861000057], [30.15274622100003, 11.178525163000074], [30.154895967000073, 11.180114470000035], [30.163710540000068, 11.169810110000071], [30.219389928000055, 11.11484456100004], [30.25151265100004, 11.098783199000025], [30.266146336000077, 11.081651080000029], [30.265789417000065, 11.073441940000066], [30.259007953000037, 11.065232799000057], [30.25936487200005, 11.044888408000077], [30.246515783000063, 11.013122603000056], [30.247943460000045, 11.003128867000044], [30.277924668000026, 10.997418161000041], [30.32914256600003, 10.976003012000035], [30.348773120000033, 10.969578467000076], [30.364477562000047, 10.961726246000069], [30.381966601000045, 10.956372458000033], [30.394101852000063, 10.948520237000025], [30.40837861800003, 10.936028067000052], [30.435147554000025, 10.895981738000046], [30.476268167000057, 10.84264386700005], [30.492597273000058, 10.851296388000037], [30.506398147000027, 10.854151741000067], [30.519723129000056, 10.853199957000072], [30.528765081000074, 10.85938655600006], [30.54304184700004, 10.857482987000026], [30.550656122000078, 10.866049046000057], [30.626322982000033, 10.866049046000057], [30.636316718000046, 10.85938655600006], [30.701064857000063, 10.85953335000005], [30.702755207000052, 10.869274190000056], [30.708597500000053, 10.878037629000062], [30.708597500000053, 10.898485653000023], [30.722034773000075, 10.926528658000052], [30.727877066000076, 10.965672020000056], [30.734303588000046, 10.978525064000053], [30.736640505000025, 10.998388859000045], [30.741898568000067, 11.012410362000026], [30.744235486000036, 11.062654079000026], [30.751246237000032, 11.069080601000053], [30.750662008000063, 11.246102072000042], [30.754751612000064, 11.255449740000074], [30.755761797000048, 11.383356215000049], [30.75341340400007, 11.39000999600006], [30.741991991000077, 11.406190331000062], [30.72390808800003, 11.425226019000036], [30.715342028000066, 11.442358138000031], [30.702968831000078, 11.458538473000033], [30.68774028000007, 11.472815239000056], [30.669656377000024, 11.49280271200007]]]}}, {"type": "Feature", "properties": {"zoneId": "SDN-south-kordofan-kadugli"}, "geometry": {"type": "Polygon", "coordinates": [[[29.813439003000042, 10.878206658000067], [29.830971345000023, 10.899354206000055], [29.82965145000003, 10.90050321900003], [29.829597957000033, 10.928340917000071], [29.831648271000063, 10.942410965000022], [29.83178066200003, 10.985768336000035], [29.835919689000036, 10.998938151000061], [29.837952811000036, 11.034689137000044], [29.82893258000007, 11.051843597000072], [29.798789743000043, 11.082156090000069], [29.756660460000035, 11.14978330100007], [29.72454768600005, 11.196222871000032], [29.691336840000076, 11.210422425000047], [29.66901210900005, 11.222149932000036], [29.65980583700008, 11.253801617000022], [29.659868541000037, 11.276145560000032], [29.64773223900005, 11.294461169000044], [29.622428084000035, 11.297404263000033], [29.60720782900006, 11.302525183000057], [29.58900477700007, 11.315749718000063], [29.553507499000034, 11.348379760000057], [29.517015939000032, 11.373873209000067], [29.495154167000067, 11.403872934000049], [29.49391073000004, 11.400243368000076], [29.49539257300006, 11.397300543000028], [29.496369135000066, 11.399131598000054], [29.493378413000073, 11.390708747000076], [29.49721065500006, 11.380496614000037], [29.460419428000023, 11.32692700900003], [29.459625971000037, 11.316123786000048], [29.46957433700004, 11.294651368000075], [29.469391596000037, 11.270103278000022], [29.474396479000063, 11.257102790000033], [29.470795405000047, 11.25093823900005], [29.441010249000044, 11.232322517000057], [29.415619624000044, 11.208701910000059], [29.39761425300003, 11.199912849000043], [29.395416987000033, 11.183738532000064], [29.39333687000004, 11.182221517000073], [29.343170893000035, 11.145713629000056], [29.337799800000028, 11.138694587000032], [29.333771479000063, 11.104514898000048], [29.335419428000023, 11.069907965000027], [29.338776362000033, 11.062095466000073], [29.338776362000033, 11.045493902000032], [29.34378124500006, 11.040916267000057], [29.348175775000072, 11.02773267200007], [29.358795893000035, 11.012290778000022], [29.36099656600004, 11.001726419000022], [29.379181635000066, 10.970115484000075], [29.390228999000044, 10.947288336000042], [29.437592280000047, 10.912132086000042], [29.477204096000037, 10.880088629000056], [29.488373530000047, 10.86672193000004], [29.50161815900003, 10.859702887000026], [29.53640819800006, 10.828330816000062], [29.592079756000032, 10.78214512300002], [29.625536037000074, 10.81713620000005], [29.640937507000046, 10.824009360000048], [29.65837398900004, 10.825146522000068], [29.706751680000025, 10.854710666000074], [29.738455137000074, 10.869192492000025], [29.776895887000023, 10.891076251000072], [29.79031666800006, 10.88574912200005], [29.81181497500006, 10.881385655000031], [29.813746588000072, 10.879840364000074], [29.813439003000042, 10.878206658000067]]]}}, {"type": "Feature", "properties": {"zoneId": "SDN-south-kordofan-kadugli"}, "geometry": {"type": "Polygon", "coordinates": [[[29.813439003000042, 10.878206658000067], [29.830971345000023, 10.899354206000055], [29.82965145000003, 10.90050321900003], [29.829597957000033, 10.928340917000071], [29.831648271000063, 10.942410965000022], [29.83178066200003, 10.985768336000035], [29.835919689000036, 10.998938151000061], [29.837952811000036, 11.034689137000044], [29.82893258000007, 11.051843597000072], [29.798789743000043, 11.082156090000069], [29.756660460000035, 11.14978330100007], [29.72454768600005, 11.196222871000032], [29.691336840000076, 11.210422425000047], [29.66901210900005, 11.222149932000036], [29.65980583700008, 11.253801617000022], [29.659868541000037, 11.276145560000032], [29.64773223900005, 11.294461169000044], [29.622428084000035, 11.297404263000033], [29.60720782900006, 11.302525183000057], [29.58900477700007, 11.315749718000063], [29.553507499000034, 11.348379760000057], [29.517015939000032, 11.373873209000067], [29.495154167000067, 11.403872934000049], [29.49391073000004, 11.400243368000076], [29.49539257300006, 11.397300543000028], [29.496369135000066, 11.399131598000054], [29.493378413000073, 11.390708747000076], [29.49721065500006, 11.380496614000037], [29.460419428000023, 11.32692700900003], [29.459625971000037, 11.316123786000048], [29.46957433700004, 11.294651368000075], [29.469391596000037, 11.270103278000022], [29.474396479000063, 11.257102790000033], [29.470795405000047, 11.25093823900005], [29.441010249000044, 11.232322517000057], [29.415619624000044, 11.208701910000059], [29.39761425300003, 11.199912849000043], [29.395416987000033, 11.183738532000064], [29.39333687000004, 11.182221517000073], [29.343170893000035, 11.145713629000056], [29.337799800000028, 11.138694587000032], [29.333771479000063, 11.104514898000048], [29.335419428000023, 11.069907965000027], [29.338776362000033, 11.062095466000073], [29.338776362000033, 11.045493902000032], [29.34378124500006, 11.040916267000057], [29.348175775000072, 11.02773267200007], [29.358795893000035, 11.012290778000022], [29.36099656600004, 11.001726419000022], [29.379181635000066, 10.970115484000075], [29.390228999000044, 10.947288336000042], [29.437592280000047, 10.912132086000042], [29.477204096000037, 10.880088629000056], [29.488373530000047, 10.86672193000004], [29.50161815900003, 10.859702887000026], [29.53640819800006, 10.828330816000062], [29.592079756000032, 10.78214512300002], [29.625536037000074, 10.81713620000005], [29.640937507000046, 10.824009360000048], [29.65837398900004, 10.825146522000068], [29.706751680000025, 10.854710666000074], [29.738455137000074, 10.869192492000025], [29.776895887000023, 10.891076251000072], [29.79031666800006, 10.88574912200005], [29.81181497500006, 10.881385655000031], [29.813746588000072, 10.879840364000074], [29.813439003000042, 10.878206658000067]]]}}, {"type": "Feature", "properties": {"zoneId": "SDN-south-kordofan-kadugli"}, "geometry": {"type": "Polygon", "coordinates": [[[29.813439003000042, 10.878206658000067], [29.830971345000023, 10.899354206000055], [29.82965145000003, 10.90050321900003], [29.829597957000033, 10.928340917000071], [29.831648271000063, 10.942410965000022], [29.83178066200003, 10.985768336000035], [29.835919689000036, 10.998938151000061], [29.837952811000036, 11.034689137000044], [29.82893258000007, 11.051843597000072], [29.798789743000043, 11.082156090000069], [29.756660460000035, 11.14978330100007], [29.72454768600005, 11.196222871000032], [29.691336840000076, 11.210422425000047], [29.66901210900005, 11.222149932000036], [29.65980583700008, 11.253801617000022], [29.659868541000037, 11.276145560000032], [29.64773223900005, 11.294461169000044], [29.622428084000035, 11.297404263000033], [29.60720782900006, 11.302525183000057], [29.58900477700007, 11.315749718000063], [29.553507499000034, 11.348379760000057], [29.517015939000032, 11.373873209000067], [29.495154167000067, 11.403872934000049], [29.49391073000004, 11.400243368000076], [29.49539257300006, 11.397300543000028], [29.496369135000066, 11.399131598000054], [29.493378413000073, 11.390708747000076], [29.49721065500006, 11.380496614000037], [29.460419428000023, 11.32692700900003], [29.459625971000037, 11.316123786000048], [29.46957433700004, 11.294651368000075], [29.469391596000037, 11.270103278000022], [29.474396479000063, 11.257102790000033], [29.470795405000047, 11.25093823900005], [29.441010249000044, 11.232322517000057], [29.415619624000044, 11.208701910000059], [29.39761425300003, 11.199912849000043], [29.395416987000033, 11.183738532000064], [29.39333687000004, 11.182221517000073], [29.343170893000035, 11.145713629000056], [29.337799800000028, 11.138694587000032], [29.333771479000063, 11.104514898000048], [29.335419428000023, 11.069907965000027], [29.338776362000033, 11.062095466000073], [29.338776362000033, 11.045493902000032], [29.34378124500006, 11.040916267000057], [29.348175775000072, 11.02773267200007], [29.358795893000035, 11.012290778000022], [29.36099656600004, 11.001726419000022], [29.379181635000066, 10.970115484000075], [29.390228999000044, 10.947288336000042], [29.437592280000047, 10.912132086000042], [29.477204096000037, 10.880088629000056], [29.488373530000047, 10.86672193000004], [29.50161815900003, 10.859702887000026], [29.53640819800006, 10.828330816000062], [29.592079756000032, 10.78214512300002], [29.625536037000074, 10.81713620000005], [29.640937507000046, 10.824009360000048], [29.65837398900004, 10.825146522000068], [29.706751680000025, 10.854710666000074], [29.738455137000074, 10.869192492000025], [29.776895887000023, 10.891076251000072], [29.79031666800006, 10.88574912200005], [29.81181497500006, 10.881385655000031], [29.813746588000072, 10.879840364000074], [29.813439003000042, 10.878206658000067]]]}}, {"type": "Feature", "properties": {"zoneId": "SDN-south-kordofan-um-durein"}, "geometry": {"type": "Polygon", "coordinates": [[[30.130270663000033, 10.688437668000063], [30.15614148700007, 10.67474038100005], [30.173273606000066, 10.677595735000068], [30.18469501900006, 10.67283681300006], [30.209203468000055, 10.671885028000077], [30.232046293000053, 10.680926980000038], [30.243467706000047, 10.68045108800004], [30.252509658000065, 10.686161794000043], [30.264882855000053, 10.688065363000021], [30.272497130000033, 10.692824285000029], [30.344832745000076, 10.765635792000069], [30.476268167000057, 10.84264386700005], [30.435147554000025, 10.895981738000046], [30.40837861800003, 10.936028067000052], [30.394101852000063, 10.948520237000025], [30.381966601000045, 10.956372458000033], [30.364477562000047, 10.961726246000069], [30.348773120000033, 10.969578467000076], [30.32914256600003, 10.976003012000035], [30.277924668000026, 10.997418161000041], [30.247943460000045, 11.003128867000044], [30.246515783000063, 11.013122603000056], [30.25936487200005, 11.044888408000077], [30.259007953000037, 11.065232799000057], [30.265789417000065, 11.073441940000066], [30.266146336000077, 11.081651080000029], [30.25151265100004, 11.098783199000025], [30.219389928000055, 11.11484456100004], [30.163710540000068, 11.169810110000071], [30.154895967000073, 11.180114470000035], [30.15274622100003, 11.178525163000074], [30.15439193700007, 11.176590332000046], [30.146593745000075, 11.170858905000046], [30.121179968000035, 11.157955228000048], [30.059577250000075, 11.10012223900003], [30.040087065000023, 11.090254878000053], [29.912436487000036, 11.005436072000066], [29.89040396200005, 10.973537434000036], [29.857394397000064, 10.93966610800004], [29.84109680000006, 10.911567551000076], [29.830971345000023, 10.899354206000055], [29.813439003000042, 10.878206658000067], [29.82708959000007, 10.867286188000037], [29.830994033000025, 10.861898058000065], [29.833157216000075, 10.84632313700007], [29.842675060000033, 10.838232969000046], [29.861234856000067, 10.833949939000036], [29.92214905700007, 10.813010683000073], [29.94594366800004, 10.808727653000062], [29.963075787000037, 10.802065162000076], [30.02970069500003, 10.757331295000029], [30.043501569000057, 10.750668804000043], [30.06682028700004, 10.752572373000021], [30.102273711000066, 10.721440846000064], [30.102869120000037, 10.711574260000077], [30.130270663000033, 10.688437668000063]]]}}, {"type": "Feature", "properties": {"zoneId": "SDN-south-kordofan-um-durein"}, "geometry": {"type": "Polygon", "coordinates": [[[30.130270663000033, 10.688437668000063], [30.15614148700007, 10.67474038100005], [30.173273606000066, 10.677595735000068], [30.18469501900006, 10.67283681300006], [30.209203468000055, 10.671885028000077], [30.232046293000053, 10.680926980000038], [30.243467706000047, 10.68045108800004], [30.252509658000065, 10.686161794000043], [30.264882855000053, 10.688065363000021], [30.272497130000033, 10.692824285000029], [30.344832745000076, 10.765635792000069], [30.476268167000057, 10.84264386700005], [30.435147554000025, 10.895981738000046], [30.40837861800003, 10.936028067000052], [30.394101852000063, 10.948520237000025], [30.381966601000045, 10.956372458000033], [30.364477562000047, 10.961726246000069], [30.348773120000033, 10.969578467000076], [30.32914256600003, 10.976003012000035], [30.277924668000026, 10.997418161000041], [30.247943460000045, 11.003128867000044], [30.246515783000063, 11.013122603000056], [30.25936487200005, 11.044888408000077], [30.259007953000037, 11.065232799000057], [30.265789417000065, 11.073441940000066], [30.266146336000077, 11.081651080000029], [30.25151265100004, 11.098783199000025], [30.219389928000055, 11.11484456100004], [30.163710540000068, 11.169810110000071], [30.154895967000073, 11.180114470000035], [30.15274622100003, 11.178525163000074], [30.15439193700007, 11.176590332000046], [30.146593745000075, 11.170858905000046], [30.121179968000035, 11.157955228000048], [30.059577250000075, 11.10012223900003], [30.040087065000023, 11.090254878000053], [29.912436487000036, 11.005436072000066], [29.89040396200005, 10.973537434000036], [29.857394397000064, 10.93966610800004], [29.84109680000006, 10.911567551000076], [29.830971345000023, 10.899354206000055], [29.813439003000042, 10.878206658000067], [29.82708959000007, 10.867286188000037], [29.830994033000025, 10.861898058000065], [29.833157216000075, 10.84632313700007], [29.842675060000033, 10.838232969000046], [29.861234856000067, 10.833949939000036], [29.92214905700007, 10.813010683000073], [29.94594366800004, 10.808727653000062], [29.963075787000037, 10.802065162000076], [30.02970069500003, 10.757331295000029], [30.043501569000057, 10.750668804000043], [30.06682028700004, 10.752572373000021], [30.102273711000066, 10.721440846000064], [30.102869120000037, 10.711574260000077], [30.130270663000033, 10.688437668000063]]]}}, {"type": "Feature", "properties": {"zoneId": "SDN-west-kordofan-al-lagowa"}, "geometry": {"type": "Polygon", "coordinates": [[[29.459549159000062, 11.481773986000064], [29.45156933100003, 11.507896247000076], [29.37680126400005, 11.701499763000072], [29.366791499000044, 11.699912849000043], [29.25497509300004, 11.696494880000046], [29.230377925000028, 11.734519782000064], [29.232025874000044, 11.747520271000042], [29.224520510000048, 11.746726812000077], [29.224120819000063, 11.744486370000061], [29.175954124000043, 11.73838762500003], [29.13558312400005, 11.726200125000048], [28.892595124000024, 11.717059625000047], [28.83318137400005, 11.730008875000067], [28.790525124000055, 11.723915125000076], [28.743320362000077, 11.735065872000064], [28.729008606000036, 11.718117620000044], [28.73334835600008, 11.67124737000006], [28.751792098000067, 11.608438370000044], [28.67670338100004, 11.566403884000067], [28.583485291000045, 11.531905850000044], [28.519627229000037, 11.520895840000037], [28.46406745300004, 11.521054420000041], [28.46113145000004, 11.406550309000068], [28.455259445000024, 11.340979579000077], [28.478747467000062, 11.276387517000046], [28.487555476000068, 11.20200877800005], [28.487555476000068, 11.110992690000046], [28.472458479000068, 11.032152818000043], [28.533320337000077, 10.975638364000076], [28.624864587000047, 10.894360364000022], [28.707512121000036, 10.854689532000066], [28.731036995000068, 10.91881509600006], [28.754747440000074, 11.005950981000069], [28.750005351000027, 11.062263288000054], [28.76956646800005, 11.068783661000055], [28.788534824000067, 11.052186349000067], [28.83650485000004, 10.981482343000039], [28.91284092400008, 11.00399169800005], [28.96666764300005, 11.030415724000022], [29.01755835800003, 11.043138403000057], [29.044961052000076, 11.06173308700005], [29.073342412000045, 11.093050451000067], [29.220142554000063, 11.116538474000038], [29.242984613000033, 11.130456619000029], [29.267903106000063, 11.132450120000044], [29.29631035600005, 11.147401370000068], [29.31823833800007, 11.155375114000037], [29.352693259000034, 11.185216309000054], [29.39333687000004, 11.182221517000073], [29.395416987000033, 11.183738532000064], [29.39761425300003, 11.199912849000043], [29.415619624000044, 11.208701910000059], [29.441010249000044, 11.232322517000057], [29.470795405000047, 11.25093823900005], [29.474396479000063, 11.257102790000033], [29.469391596000037, 11.270103278000022], [29.46957433700004, 11.294651368000075], [29.459625971000037, 11.316123786000048], [29.460419428000023, 11.32692700900003], [29.49721065500006, 11.380496614000037], [29.493378413000073, 11.390708747000076], [29.496369135000066, 11.399131598000054], [29.49539257300006, 11.397300543000028], [29.49391073000004, 11.400243368000076], [29.48898388200007, 11.410728278000022], [29.478974115000028, 11.424094978000028], [29.459549159000062, 11.481773986000064]]]}}, {"type": "Feature", "properties": {"zoneId": "SDN-west-kordofan-as-sunut"}, "geometry": {"type": "Polygon", "coordinates": [[[28.83210740900006, 12.53606484900007], [28.82722820600003, 12.524837504000061], [28.823692142000027, 12.48041538700005], [28.81947917800005, 12.454489452000075], [28.813232551000056, 12.42979753800006], [28.785700114000065, 12.394005370000059], [28.76986896300008, 12.37633872300006], [28.718475081000065, 12.361425320000023], [28.709756476000052, 12.35545995900003], [28.693486335000046, 12.32093487800006], [28.68830114800005, 12.304083020000064], [28.66465507600003, 12.268747856000061], [28.628671498000074, 12.151768152000045], [28.587145100000043, 12.032871529000033], [28.582741096000063, 12.00644750300006], [28.56839369900007, 11.970286607000048], [28.55575480500005, 11.958944010000039], [28.53566220600004, 11.952462527000023], [28.466958478000038, 11.941444004000061], [28.450430694000033, 11.940147707000051], [28.432606614000065, 11.92945325900007], [28.41898058700008, 11.90549386500004], [28.429826830000025, 11.852457722000054], [28.437029212000027, 11.802453924000076], [28.448589723000055, 11.755386129000044], [28.450654100000065, 11.722356097000045], [28.443635218000054, 11.699235074000057], [28.437597208000057, 11.645966348000059], [28.451344774000063, 11.599347829000067], [28.46406745300004, 11.521054420000041], [28.519627229000037, 11.520895840000037], [28.583485291000045, 11.531905850000044], [28.67670338100004, 11.566403884000067], [28.751792098000067, 11.608438370000044], [28.73334835600008, 11.67124737000006], [28.729008606000036, 11.718117620000044], [28.743320362000077, 11.735065872000064], [28.790525124000055, 11.723915125000076], [28.83318137400005, 11.730008875000067], [28.892595124000024, 11.717059625000047], [29.13558312400005, 11.726200125000048], [29.175954124000043, 11.73838762500003], [29.224120819000063, 11.744486370000061], [29.224520510000048, 11.746726812000077], [29.22921825700007, 11.775718512000026], [29.25058056100005, 11.824912848000054], [29.269623530000047, 11.974326910000059], [29.282990229000063, 12.001914802000044], [29.347382319000076, 12.104514898000048], [29.348175775000072, 12.11531812100003], [29.353424800000028, 12.128501716000073], [29.36258007300006, 12.12929517200007], [29.38479687000006, 12.139304938000066], [29.41781688900005, 12.159507574000031], [29.432404292000058, 12.186912360000065], [29.442169917000058, 12.211082282000064], [29.440399897000077, 12.228721441000062], [29.43700212500005, 12.241744113000038], [29.44442821800004, 12.249900642000057], [29.478607905000047, 12.258140388000072], [29.489228022000077, 12.266502203000073], [29.488373530000047, 12.279502691000062], [29.49258495600003, 12.29012281000007], [29.495575678000023, 12.305320563000066], [29.503815425000028, 12.325095954000062], [29.51914824800008, 12.353216261000057], [29.509911825000074, 12.352189992000035], [29.500140991000023, 12.35327564000005], [29.48240873700007, 12.379693079000049], [29.454181885000025, 12.38910203000006], [29.43102139000007, 12.378969314000074], [29.41582231600006, 12.354723171000046], [29.38687169700006, 12.326134436000075], [29.372758271000066, 12.326134436000075], [29.35570161100003, 12.32122720500007], [29.344515615000034, 12.315391034000072], [29.335599241000068, 12.30696100800003], [29.32879037400005, 12.28410266800006], [29.29766412400005, 12.28410266800006], [29.267024222000032, 12.270160702000055], [29.25421706800006, 12.269350123000038], [29.22909082800004, 12.282346626000049], [29.20701598200003, 12.30225017600003], [29.175170302000026, 12.30912594800003], [29.157076166000024, 12.31998242900005], [29.12088789300003, 12.369560363000062], [29.101346226000032, 12.389825796000025], [29.093022923000035, 12.410091229000045], [29.08203687400004, 12.429238342000076], [29.07203372500004, 12.433975489000034], [29.059729712000035, 12.437594316000059], [29.044530637000037, 12.429632896000044], [29.039102396000033, 12.433251723000069], [29.032950390000053, 12.44012749500007], [29.01711197000003, 12.472637306000024], [28.903642621000074, 12.531445355000074], [28.872631970000043, 12.544627896000065], [28.854973587000075, 12.547474365000028], [28.842658545000063, 12.543186866000042], [28.83210740900006, 12.53606484900007]]]}}, {"type": "Feature", "properties": {"zoneId": "SSD-jonglei-canal-pigi"}, "geometry": {"type": "Polygon", "coordinates": [[[31.506670099000075, 8.77526202200005], [31.53796563700007, 8.767974220000042], [31.832179186000076, 8.876222601000052], [31.756814217000056, 9.084125964000066], [31.815362031000063, 9.145926434000046], [31.78283546700004, 9.276032688000043], [31.620202650000067, 9.292295970000055], [31.545391554000048, 9.386623004000057], [31.457569833000036, 9.341085815000042], [31.17846957900008, 9.424815891000037], [31.168090714000073, 9.393679297000062], [31.075621984000065, 9.341280350000034], [31.14343238600003, 9.113190814000063], [31.091033439000057, 9.01455750100007], [31.17425529600007, 8.903595025000072], [31.112609476000046, 8.84194920400006], [31.506670099000075, 8.77526202200005]]]}}, {"type": "Feature", "properties": {"zoneId": "SSD-jonglei-fangak"}, "geometry": {"type": "Polygon", "coordinates": [[[30.29732053400005, 8.582108445000074], [30.33278984800006, 8.570707595000044], [30.56704396500004, 8.663176325000052], [30.795133501000066, 8.700163817000032], [31.044799074000025, 8.848113786000056], [31.112609476000046, 8.84194920400006], [31.17425529600007, 8.903595025000072], [31.091033439000057, 9.01455750100007], [31.14343238600003, 9.113190814000063], [31.075621984000065, 9.341280350000034], [31.168090714000073, 9.393679297000062], [31.17846957900008, 9.424815891000037], [30.937144817000046, 9.497213320000071], [30.75600914200004, 9.49297329600006], [30.50584258500004, 9.517379789000074], [30.393732814000032, 9.38618750300003], [30.35296773700003, 9.338483690000032], [30.391999613000053, 9.185608842000022], [30.20985085800004, 8.964428210000051], [30.220862811000075, 8.917627409000033], [30.261893359000055, 8.743247578000023], [30.235872108000024, 8.707468358000028], [30.323693830000025, 8.632657262000066], [30.29732053400005, 8.582108445000074]]]}}, {"type": "Feature", "properties": {"zoneId": "SSD-jonglei-pibor"}, "geometry": {"type": "Polygon", "coordinates": [[[33.73477741800008, 5.779592446000038], [34.14426397600005, 5.720879300000036], [35.01172664200004, 6.008191775000057], [35.01007517000005, 6.018895374000067], [35.00470442000005, 6.025433874000043], [35.005171295000025, 6.032906374000049], [35.002135545000044, 6.038510624000025], [35.00330329500008, 6.042013374000021], [35.002369170000065, 6.057425374000047], [35.005171295000025, 6.061161624000022], [35.00190217000005, 6.063730374000045], [35.00050104500008, 6.069101249000028], [35.002602670000044, 6.076573624000048], [34.99980054500003, 6.083462374000021], [34.98905879500006, 6.085563999000044], [34.98812479500003, 6.088366249000046], [34.983921545000044, 6.090701374000048], [34.98088579500006, 6.097473249000075], [34.97411379500005, 6.101209499000049], [34.96827592000005, 6.115453999000067], [34.96337217000007, 6.121291874000065], [34.96360567000005, 6.126896249000026], [34.96524017000007, 6.128997874000049], [34.96477329500004, 6.146277999000063], [34.968042420000074, 6.153516999000033], [34.96944342000006, 6.173949624000045], [34.970377545000076, 6.176518249000026], [34.978083670000046, 6.180254499000057], [34.978083670000046, 6.187726999000063], [34.97574829500007, 6.188894624000056], [34.97364667000005, 6.207575749000057], [34.96991054500006, 6.21691637400005], [34.96103704500007, 6.229059249000045], [34.96220454500008, 6.238866874000053], [34.958701795000025, 6.241902499000048], [34.958468295000046, 6.243770624000035], [34.96617429500003, 6.295260749000022], [34.98111929500004, 6.311139874000048], [34.986490170000025, 6.318845874000033], [34.99186092000008, 6.328419999000062], [34.990459920000035, 6.341963874000044], [34.99256154500006, 6.343131499000037], [34.99186092000008, 6.344298999000046], [34.994429670000045, 6.347101249000048], [34.997465420000026, 6.347334749000026], [34.999100045000034, 6.349669874000028], [34.999100045000034, 6.359827749000033], [34.99349567000007, 6.364264624000043], [34.99536379500006, 6.36566562400003], [34.99279504500004, 6.367767374000039], [34.99232804500008, 6.373838749000072], [34.99069342000007, 6.374772749000044], [34.99349567000007, 6.380377124000063], [34.99209454500004, 6.391819374000022], [34.99606417000007, 6.397890749000055], [35.004003795000074, 6.399992374000021], [35.00750654500007, 6.404896249000046], [35.01007517000005, 6.405129749000025], [35.01030867000003, 6.408165499000063], [35.01217679500007, 6.409566624000036], [35.013577920000046, 6.418673624000064], [35.01264392000007, 6.423110499000074], [35.01474554500004, 6.423577499000032], [35.01614667000007, 6.433151624000061], [35.02128392000003, 6.438288999000065], [35.02058329500005, 6.450081499000021], [35.01684717000006, 6.457787499000062], [35.01614667000007, 6.464559374000032], [35.013344295000024, 6.470397374000072], [35.01007517000005, 6.472498999000038], [35.00774004500005, 6.471798374000059], [35.002602670000044, 6.475067624000076], [34.99933354500007, 6.479971499000044], [34.99349567000007, 6.483240624000075], [34.99116042000003, 6.486276374000056], [34.982286920000035, 6.488144499000043], [34.98205342000006, 6.491180124000039], [34.97971804500003, 6.494215874000076], [34.98298742000003, 6.495616999000049], [34.97154504500003, 6.506825749000029], [34.971078170000055, 6.509627874000046], [34.96524017000007, 6.510328374000039], [34.95800129500003, 6.505424624000057], [34.95916879500004, 6.52270474900007], [34.95192979500007, 6.526907999000059], [34.950061670000025, 6.530177249000076], [34.95263042000005, 6.534613999000044], [34.95099579500004, 6.536482124000031], [34.946325545000036, 6.536482124000031], [34.94445742000005, 6.539751374000048], [34.943289795000055, 6.543721124000058], [34.94469092000003, 6.551193624000064], [34.93978704500006, 6.555396874000053], [34.939320045000045, 6.558432624000034], [34.92624316900003, 6.559600124000042], [34.92460841900004, 6.562869374000059], [34.91620191900006, 6.565437999000039], [34.90943004400003, 6.571275999000022], [34.909663669000054, 6.579215499000043], [34.91269929400005, 6.580382999000051], [34.91246579400007, 6.581550624000045], [34.90919641900007, 6.582484624000074], [34.89752079400006, 6.578748374000043], [34.89004829400005, 6.580850124000051], [34.888180169000066, 6.585753874000034], [34.88350979400008, 6.589490124000065], [34.884210419000055, 6.591591749000031], [34.88981466900003, 6.594627499000069], [34.89051529400007, 6.600231874000031], [34.87883954400007, 6.605836249000049], [34.87463629400003, 6.607003749000057], [34.869732544000044, 6.606303249000064], [34.86459516900004, 6.610973499000067], [34.86296054400003, 6.609105374000023], [34.85478741900005, 6.610156249000056], [34.84988354400008, 6.608988624000062], [34.84101016900007, 6.603384249000044], [34.83166954400008, 6.605952999000067], [34.82466404400003, 6.604785374000073], [34.81532341900004, 6.607587624000075], [34.80177941900007, 6.601749749000021], [34.79874366900003, 6.601749749000021], [34.792672294000056, 6.597546374000046], [34.79150479400005, 6.59474424900003], [34.793606544000056, 6.591241499000034], [34.79197191900005, 6.590774499000077], [34.78706804400008, 6.590307499000062], [34.78496641900006, 6.595444749000023], [34.77749391900005, 6.600348624000048], [34.77726029400003, 6.603384249000044], [34.775158669000064, 6.604551874000038], [34.77282366900005, 6.59871399900004], [34.769787919000066, 6.595911749000038], [34.76721929400003, 6.596612374000074], [34.76511766900006, 6.604318374000059], [34.76535116900004, 6.612024374000043], [34.759279794000065, 6.61529362400006], [34.75577691900003, 6.620897999000022], [34.752741169000046, 6.620430874000022], [34.74877154400008, 6.622766124000066], [34.73779629400008, 6.639695875000029], [34.734760669000025, 6.641797625000038], [34.726821044000076, 6.641330500000038], [34.72612041900004, 6.646701375000021], [34.71794741900004, 6.653706875000069], [34.71491166900006, 6.654407375000062], [34.717013294000026, 6.658610625000051], [34.71654641900005, 6.661179375000074], [34.71351066900007, 6.662346875000026], [34.710942044000035, 6.666316625000036], [34.70954091900006, 6.673555625000063], [34.70627179400003, 6.67542375000005], [34.70603829400005, 6.677759], [34.710942044000035, 6.681261625000047], [34.71187616900005, 6.685231375000058], [34.708139919000075, 6.687099500000045], [34.70487066900006, 6.693871500000057], [34.697164669000074, 6.694338500000072], [34.68922504400007, 6.69924237500004], [34.67610154400006, 6.701927750000038], [34.67105766900005, 6.70996075000005], [34.67087079400005, 6.713883750000036], [34.66096979400004, 6.715565125000069], [34.65144216900006, 6.734433125000066], [34.643222544000025, 6.737608875000035], [34.639860044000045, 6.741905625000072], [34.62416779400007, 6.745268250000038], [34.623420544000055, 6.729949625000074], [34.61931066900007, 6.724905625000076], [34.61594804400005, 6.724905625000076], [34.61239854400003, 6.726026500000046], [34.61165129400007, 6.732565], [34.60959629400003, 6.73331225000004], [34.60623379400005, 6.733685875000049], [34.59969529400007, 6.731070500000044], [34.58960741900006, 6.731817750000062], [34.58829966900004, 6.730323250000026], [34.58418991900004, 6.732378125000025], [34.58250866900005, 6.731257250000056], [34.57877229400003, 6.735554], [34.57615704400007, 6.735180375000027], [34.57335479400007, 6.732565], [34.57223391900004, 6.737048500000071], [34.56700316900003, 6.734619875000021], [34.56476129400005, 6.74022425000004], [34.56214604400003, 6.74022425000004], [34.56065154400005, 6.737982500000044], [34.558223044000044, 6.737982500000044], [34.55616804400006, 6.736114375000056], [34.552081169000076, 6.738957625000069], [34.550413169000024, 6.736664125000061], [34.54832816900006, 6.738957625000069], [34.549162169000056, 6.743544500000041], [34.54436679400004, 6.743127500000071], [34.54332429400006, 6.745629500000064], [34.54478379400007, 6.748757], [34.54374129400003, 6.750216375000036], [34.539154419000056, 6.748548500000027], [34.53811191900007, 6.746463500000061], [34.53498441900007, 6.748757], [34.53102304400005, 6.746255], [34.530093919000024, 6.755922875000067], [34.53159141900005, 6.757794750000073], [34.53758129400006, 6.757607500000063], [34.53889154400008, 6.759718472000031], [34.324356719000036, 6.724415273000034], [34.287369227000056, 6.672016326000062], [34.05619740000003, 6.709003818000042], [33.83119015600005, 6.782978803000049], [33.76337975300004, 6.736744437000027], [33.61234749300007, 6.727497564000032], [33.53529021800006, 6.782978803000049], [33.52912563600006, 6.81688400400003], [33.593853747000026, 6.952504809000061], [33.56919541900004, 6.99257459200004], [33.44590377800006, 6.961751682000056], [33.22706111600007, 7.054220413000053], [33.21596486800007, 7.192923508000035], [33.21473195200008, 7.208334964000073], [33.04520594600007, 7.229911001000062], [32.961984088000065, 7.37477867900003], [32.93732576000008, 7.35628493300004], [32.770882045000064, 7.399437007000074], [32.699989351000056, 7.279227657000035], [32.58286229300006, 7.229911001000062], [32.58286229300006, 7.091207905000033], [32.632178949000036, 7.066549577000046], [32.50272272600006, 6.964833973000054], [32.53354563600004, 6.893941280000035], [32.47806439800007, 6.77989651200005], [32.48422898000007, 6.508654902000046], [32.404089414000055, 6.462420537000071], [32.38867795800007, 6.376116388000071], [32.45340607000003, 6.151109144000031], [32.511969599000054, 6.11720394200006], [32.51949047800008, 5.851466225000024], [33.31159691000005, 5.840269063000051], [33.73477741800008, 5.779592446000038]]]}}, {"type": "Feature", "properties": {"zoneId": "SSD-jonglei-twic-east"}, "geometry": {"type": "Polygon", "coordinates": [[[31.312705187000063, 6.609780341000032], [31.322205265000036, 6.678180908000058], [31.439332324000077, 6.782978803000049], [31.59652916600004, 6.804554840000037], [31.789650271000028, 7.019133845000056], [31.725985389000073, 7.202170382000077], [31.716738516000078, 7.347038060000045], [31.667421860000047, 7.448753663000048], [31.306793810000045, 7.393272425000021], [31.131103222000036, 7.300803694000024], [31.100280312000052, 7.319297440000071], [30.690311525000027, 7.284652191000021], [30.706206216000055, 7.213848563000056], [31.19085201200005, 6.807266520000042], [31.312705187000063, 6.609780341000032]]]}}, {"type": "Feature", "properties": {"zoneId": "SSD-upper-nile-longochuk"}, "geometry": {"type": "Polygon", "coordinates": [[[34.134805680000056, 9.197925587000043], [34.12592579400007, 9.329692502000057], [34.10887641900007, 9.498854752000057], [33.89957029400006, 9.49863625200004], [33.85915072200004, 9.521004103000053], [33.85235350000005, 9.511941141000023], [33.92938868500005, 9.42357725200003], [33.875010907000046, 9.412248548000036], [33.841024796000056, 9.35333928800003], [33.66429701800007, 9.339744844000052], [33.60991924000007, 9.382793918000061], [33.59632479600003, 9.464360585000065], [33.50116368500005, 9.534598548000076], [33.37881368400008, 9.514206881000064], [33.29951275800005, 9.543661511000039], [33.16583405500006, 9.634291141000062], [32.99816923900005, 9.695466141000054], [32.99816923900005, 9.770235585000023], [32.959651647000044, 9.767969845000039], [32.925665536000054, 9.729452252000044], [32.91433683200006, 9.68187169600003], [32.96418312800006, 9.588976326000022], [32.96418312800006, 9.532332807000046], [32.943791462000036, 9.471157807000054], [32.98230905400004, 9.416780029000051], [32.959651647000044, 9.378262437000046], [33.00949794300004, 9.378262437000046], [33.09559609100006, 9.258178177000048], [33.13864516600006, 9.135828177000064], [33.21568035100006, 9.119967992000056], [33.28591831400007, 9.01121243600005], [33.367484981000075, 8.945505955000044], [33.42186275900008, 8.852610584000047], [33.486310495000055, 8.868722518000027], [33.46264609200006, 8.916051325000069], [33.471709055000076, 8.954568918000064], [33.57366738800005, 8.891128177000041], [33.60765349900004, 8.836750399000039], [33.66429701800007, 8.841281880000054], [33.69148590700007, 8.884330955000053], [33.875010907000046, 8.89792539900003], [34.00642387000005, 8.972694844000046], [33.96337479600004, 9.20153465900006], [34.134805680000056, 9.197925587000043]]]}}, {"type": "Feature", "properties": {"zoneId": "SSD-upper-nile-luakpiny-nasir"}, "geometry": {"type": "Polygon", "coordinates": [[[33.220189910000045, 8.43451643800006], [33.222921418000055, 8.432990001000064], [33.227538293000066, 8.426274501000023], [33.23299466800006, 8.423756251000043], [33.24159891800008, 8.429947126000059], [33.241808793000075, 8.435298501000034], [33.25030816800006, 8.43991550100003], [33.24810454300007, 8.442119001000037], [33.244117293000045, 8.44274850100004], [33.24317291800003, 8.446631001000071], [33.24789454300003, 8.448519751000049], [33.25492504300007, 8.448100001000057], [33.260066668000036, 8.45019862600003], [33.26384404300006, 8.455025376000037], [33.26793641800003, 8.455655001000025], [33.26982516800007, 8.46132112600003], [33.272028668000075, 8.462370501000066], [33.281577293000055, 8.45743875100004], [33.28168216800003, 8.448309876000053], [33.28734841800008, 8.440650001000051], [33.29249004300004, 8.43991550100003], [33.29941529300004, 8.444952126000032], [33.301409043000035, 8.448204876000034], [33.301618793000046, 8.453556376000051], [33.307075293000025, 8.458278251000024], [33.30906879300005, 8.46572825100003], [33.31085279300004, 8.467512126000031], [33.313601918000074, 8.467617001000065], [33.31674979300004, 8.46604300100006], [33.318428793000066, 8.46310500100003], [33.32042241800008, 8.45544512600003], [33.33018091800005, 8.45187750100007], [33.334692793000045, 8.447890126000061], [33.349488043000065, 8.450093626000069], [33.360820543000045, 8.447050751000063], [33.36743104300007, 8.446945751000044], [33.36921491800007, 8.446211251000022], [33.37047404300006, 8.439810501000068], [33.37257266800003, 8.43760700100006], [33.38002266800004, 8.437187251000068], [33.38610866800008, 8.429947126000059], [33.393348668000044, 8.426484376000076], [33.39691629300006, 8.426274501000023], [33.39911979300007, 8.428478126000073], [33.39870029300005, 8.432990001000064], [33.40447141800007, 8.441069626000058], [33.411291918000074, 8.445057001000066], [33.41695804300008, 8.446211251000022], [33.422834168000065, 8.45282187600003], [33.42797579300003, 8.452087376000065], [33.43385179300003, 8.446421126000075], [33.44591879300003, 8.443902751000053], [33.453578668000034, 8.448100001000057], [33.459244918000024, 8.455340126000067], [33.461868168000024, 8.456599376000042], [33.47047241800004, 8.459327501000075], [33.47508929300005, 8.455864876000021], [33.478552043000036, 8.456494376000023], [33.48002104300008, 8.45869787600003], [33.48841554300003, 8.462643251000031], [33.49051391800003, 8.46788975100003], [33.48904504300003, 8.47701875100006], [33.497124668000026, 8.480691251000053], [33.501112043000035, 8.47670400100003], [33.50488954300005, 8.475339876000021], [33.50604379300006, 8.47229687600003], [33.508876918000055, 8.471772251000061], [33.509401543000024, 8.473346126000024], [33.51275916800006, 8.47439550100006], [33.514542918000075, 8.47103775100004], [33.521783293000055, 8.467994751000049], [33.52681991800006, 8.468309501000022], [33.53049241800005, 8.471457376000046], [33.537312918000055, 8.470303251000075], [33.542979168000045, 8.467155251000065], [33.55315741800007, 8.469568751000054], [33.55766929300006, 8.473556001000077], [33.56102716800007, 8.473765876000073], [33.56396516800004, 8.46788975100003], [33.56123691800008, 8.46274825100005], [33.56207641800006, 8.461594001000037], [33.566168668000046, 8.462853126000027], [33.567218043000025, 8.461594001000037], [33.565748918000054, 8.456872126000064], [33.56858204300005, 8.451205876000074], [33.575297668000076, 8.449736876000031], [33.57834041800004, 8.447323501000028], [33.59235929300007, 8.449002376000067], [33.59613666800004, 8.443126251000024], [33.59750079300005, 8.44291650100007], [33.602222668000024, 8.447743251000077], [33.60169791800007, 8.453514376000044], [33.60579029300004, 8.456242626000062], [33.61072204300007, 8.463797501000045], [33.61533891800008, 8.466525751000063], [33.61638829300006, 8.471247626000036], [33.62048041800006, 8.471142626000074], [33.628874918000065, 8.464846876000024], [33.63391154300007, 8.465791251000041], [33.64053731800004, 8.46235178400002], [33.64843683300006, 8.515015213000027], [33.616716462000056, 8.544469843000059], [33.56913590700003, 8.549001325000063], [33.521555351000075, 8.594316139000057], [33.537415536000026, 8.696274473000074], [33.49889794400008, 8.800498547000075], [33.512492388000055, 8.816358732000026], [33.486310495000055, 8.868722518000027], [33.42186275900008, 8.852610584000047], [33.367484981000075, 8.945505955000044], [33.28591831400007, 9.01121243600005], [33.21568035100006, 9.119967992000056], [33.13864516600006, 9.135828177000064], [33.09559609100006, 9.258178177000048], [33.00949794300004, 9.378262437000046], [32.959651647000044, 9.378262437000046], [32.875819239000066, 9.344276326000056], [32.83503590600003, 9.19926891800003], [32.83730164700006, 9.119967992000056], [32.784261711000056, 9.11584266400007], [32.82144146200005, 8.98402354700005], [32.873553499000025, 8.911519844000054], [32.841833128000076, 8.886596695000037], [32.93472849900007, 8.734792066000068], [32.989106277000076, 8.67361706500003], [32.96871461000006, 8.644162436000045], [32.989106277000076, 8.585253176000037], [33.01176368400007, 8.594316139000057], [33.01176368400007, 8.53767262100007], [33.03215535100003, 8.530875399000024], [33.03442109100007, 8.447042991000046], [33.21568035100006, 8.447042991000046], [33.220189910000045, 8.43451643800006]]]}}, {"type": "Feature", "properties": {"zoneId": "SSD-upper-nile-malakal"}, "geometry": {"type": "Polygon", "coordinates": [[[31.70343975700007, 9.473886529000026], [31.727088682000044, 9.484752252000021], [31.736151645000064, 9.575381881000055], [31.865298868000025, 9.65015132600007], [31.867564609000055, 9.672808733000068], [31.73162016400005, 9.699997622000069], [31.607004423000035, 9.790627252000036], [31.468794238000044, 9.833676326000045], [31.42639637800005, 9.898903803000053], [31.36599571000005, 9.819852785000023], [31.50957757100008, 9.781564289000073], [31.591144238000027, 9.702263363000043], [31.593409979000057, 9.63882262200002], [31.552626645000032, 9.607102252000061], [31.566221090000056, 9.591242067000053], [31.59567571900004, 9.595773548000068], [31.61153590500004, 9.566318918000036], [31.58661275600008, 9.530067066000072], [31.643256275000056, 9.446234659000027], [31.70343975700007, 9.473886529000026]]]}}, {"type": "Feature", "properties": {"zoneId": "SSD-upper-nile-panyikang"}, "geometry": {"type": "Polygon", "coordinates": [[[30.75600914200004, 9.49297329600006], [30.937144817000046, 9.497213320000071], [31.17846957900008, 9.424815891000037], [31.457569833000036, 9.341085815000042], [31.545391554000048, 9.386623004000057], [31.620202650000067, 9.292295970000055], [31.78283546700004, 9.276032688000043], [31.815362031000063, 9.145926434000046], [31.756814217000056, 9.084125964000066], [31.832179186000076, 8.876222601000052], [31.958194238000033, 8.877533732000074], [32.06694979400004, 8.95003743600006], [32.01030627500006, 9.099576325000044], [32.01030627500006, 9.192471696000041], [32.07827849800003, 9.253646696000033], [32.07601275700006, 9.274038362000056], [31.865298868000025, 9.339744844000052], [31.87209609000007, 9.366933733000053], [31.70343975700007, 9.473886529000026], [31.643256275000056, 9.446234659000027], [31.58661275600008, 9.530067066000072], [31.61153590500004, 9.566318918000036], [31.59567571900004, 9.595773548000068], [31.566221090000056, 9.591242067000053], [31.552626645000032, 9.607102252000061], [31.593409979000057, 9.63882262200002], [31.591144238000027, 9.702263363000043], [31.50957757100008, 9.781564289000073], [31.36599571000005, 9.819852785000023], [31.35188666600004, 9.803097752000042], [31.324363541000025, 9.778813377000063], [31.314649416000066, 9.772337002000029], [31.288745791000053, 9.761543252000024], [31.274713416000054, 9.758305502000042], [31.180810791000056, 9.74967100200007], [30.892627541000024, 9.748591377000025], [30.87697591600005, 9.738337502000036], [30.86132604100004, 9.730242752000038], [30.847833541000057, 9.725925502000052], [30.83596216600006, 9.724306127000034], [30.82732766600003, 9.71890925200006], [30.846070439000073, 9.653340824000054], [30.761501374000034, 9.611056292000058], [30.75600914200004, 9.49297329600006]]]}}, {"type": "Feature", "properties": {"zoneId": "SSD-upper-nile-ulang"}, "geometry": {"type": "Polygon", "coordinates": [[[33.03565304500006, 7.98798077400005], [33.03546729300007, 7.993711751000035], [33.039215168000055, 8.001718001000029], [33.03802266800005, 8.006998876000068], [33.04466616800005, 8.014664501000027], [33.04790279300005, 8.016027251000025], [33.05948654300005, 8.016197626000064], [33.06357479300004, 8.017901126000027], [33.068003918000045, 8.02215975100006], [33.073965918000056, 8.020797001000062], [33.07771379300004, 8.022670876000063], [33.07839516800004, 8.03663937600004], [33.082415293000054, 8.043027376000055], [33.07917879300004, 8.055973876000053], [33.08054154300004, 8.057336626000051], [33.085992668000074, 8.057847626000068], [33.08820704300007, 8.063298751000048], [33.084289168000055, 8.071134751000045], [33.08497041800007, 8.074371376000045], [33.09076229300007, 8.076074876000064], [33.104049418000045, 8.075734126000043], [33.10813791800007, 8.074030751000066], [33.111374418000025, 8.070283001000064], [33.116314543000044, 8.06125462600005], [33.120743418000075, 8.06227675100007], [33.12295804300004, 8.065513251000027], [33.118188418000045, 8.104693251000072], [33.11972141800004, 8.110485126000071], [33.12312841800008, 8.112188626000034], [33.14145791800007, 8.11465862600005], [33.14367241800005, 8.11619175100003], [33.14929391800007, 8.115851126000052], [33.156618793000064, 8.111592376000033], [33.15985541800006, 8.111762751000072], [33.162921668000024, 8.112955126000031], [33.16598791800004, 8.11687312600003], [33.16683954300004, 8.124538876000031], [33.17041704300004, 8.129649251000046], [33.17365366800004, 8.130841751000048], [33.185066918000075, 8.126072001000068], [33.190858793000075, 8.127264376000028], [33.193754668000054, 8.131523126000047], [33.19188079300005, 8.140892251000025], [33.187622168000075, 8.144128876000025], [33.18591854300007, 8.155371751000075], [33.182511668000075, 8.159971126000073], [33.18319316800006, 8.162356001000035], [33.18915516800007, 8.164740876000053], [33.18932554300005, 8.168829251000034], [33.17808266800006, 8.173769376000052], [33.176038418000076, 8.181775751000032], [33.17808266800006, 8.189271001000066], [33.17518679300008, 8.191826251000066], [33.167521168000064, 8.192166876000044], [33.16649891800006, 8.196255251000025], [33.17109841800004, 8.203239501000041], [33.19937616800007, 8.215896376000046], [33.20142029300007, 8.225776501000041], [33.20567904300003, 8.236678751000056], [33.20278316800005, 8.244685126000036], [33.19886504300007, 8.248262501000056], [33.191710543000056, 8.251328751000074], [33.18472629300004, 8.250477001000036], [33.18080829300004, 8.251499126000056], [33.17535716800006, 8.25626875100005], [33.17143916800006, 8.27006700100003], [33.17143916800006, 8.277562251000063], [33.17518679300008, 8.284887251000043], [33.17518679300008, 8.287953501000061], [33.17041704300004, 8.292893626000023], [33.169906043000026, 8.295278501000041], [33.17297216800006, 8.301581376000058], [33.17740129300006, 8.299707501000057], [33.18370416800008, 8.300048251000021], [33.19102916800006, 8.297833626000056], [33.19801341800007, 8.300559251000038], [33.20090929300005, 8.304477251000037], [33.20244229300005, 8.312688001000026], [33.19222141800003, 8.329893126000059], [33.19256229300004, 8.334492501000057], [33.19750229300007, 8.335344251000038], [33.199716918000036, 8.334662876000039], [33.202101793000054, 8.331426251000039], [33.20670116800005, 8.332278001000077], [33.20976741800007, 8.333470501000022], [33.21811429300004, 8.343691376000038], [33.21743304300003, 8.359363376000033], [33.216240543000026, 8.360044751000032], [33.20993779300005, 8.358681876000048], [33.197843043000034, 8.351697626000032], [33.194095418000074, 8.352379001000031], [33.190688418000036, 8.360385376000067], [33.188814543000035, 8.377420251000046], [33.18677041800004, 8.384063751000042], [33.18745179300004, 8.387641126000062], [33.193754668000054, 8.393603251000059], [33.193754668000054, 8.398373001000039], [33.188984918000074, 8.400246751000054], [33.19119941800005, 8.406890376000035], [33.19920566800005, 8.409104876000072], [33.21351504300003, 8.405527626000037], [33.216410918000065, 8.406209001000036], [33.21760341800007, 8.408082751000052], [33.21743304300003, 8.416429876000052], [33.21436679300007, 8.426991376000046], [33.21862529300006, 8.434486751000065], [33.220189910000045, 8.43451643800006], [33.21568035100006, 8.447042991000046], [33.03442109100007, 8.447042991000046], [33.03215535100003, 8.530875399000024], [33.01176368400007, 8.53767262100007], [33.01176368400007, 8.594316139000057], [32.989106277000076, 8.585253176000037], [32.96871461000006, 8.644162436000045], [32.989106277000076, 8.67361706500003], [32.93472849900007, 8.734792066000068], [32.841833128000076, 8.886596695000037], [32.873553499000025, 8.911519844000054], [32.82144146200005, 8.98402354700005], [32.784261711000056, 9.11584266400007], [32.42946831300003, 9.08824762200004], [32.42686142400004, 9.02232549300004], [32.41059814300007, 8.927998459000037], [32.52118845800004, 8.901977208000062], [32.644789400000036, 8.43684735000005], [32.927770502000044, 8.277467189000049], [32.83019081100008, 7.98798077400005], [33.03565304500006, 7.98798077400005]]]}}, {"type": "Feature", "properties": {"zoneId": "YEM-abyan-ahwar"}, "geometry": {"type": "Polygon", "coordinates": [[[46.39173847600006, 13.417409036000038], [46.40118320600004, 13.418424350000066], [46.41913219700007, 13.417589513000053], [46.42912152800005, 13.415552114000036], [46.432372532000045, 13.41399728600004], [46.43207216800005, 13.41174565600005], [46.44042937000006, 13.408908756000073], [46.44417730100008, 13.406080692000046], [46.452443953000056, 13.41018088800007], [46.471101892000036, 13.41399728500005], [46.496354601000064, 13.416158364000069], [46.49766648800005, 13.41496574100006], [46.52488118100007, 13.420185305000075], [46.529787730000066, 13.41942335300007], [46.53272963300003, 13.421465542000021], [46.55521059500006, 13.427786449000052], [46.607328264000046, 13.437864121000075], [46.61889671700004, 13.438400802000046], [46.648831579000046, 13.435657767000066], [46.68180763300006, 13.426414931000068], [46.68890130800003, 13.42616134800005], [46.69947071200005, 13.428319268000052], [46.735594975000026, 13.445973965000064], [46.83070748500006, 13.483104015000038], [46.85012876600007, 13.49508267400006], [46.88813458300007, 13.522695244000033], [46.89998112500007, 13.529785552000021], [46.920451695000054, 13.538521587000048], [46.952652543000056, 13.547168111000076], [46.96797776100004, 13.54919557200003], [46.99141282200003, 13.555576110000061], [47.01240300500007, 13.558557670000027], [47.045915740000055, 13.567383088000042], [47.08193298400005, 13.571318747000078], [47.09851045800008, 13.579190065000034], [47.11180821500005, 13.583602774000042], [47.14031192900006, 13.589387], [47.16708633800005, 13.59713905600006], [47.190857624000046, 13.60026504700005], [47.191380491000075, 13.608559385000035], [47.205356444000074, 13.646964540000056], [47.21801382700005, 13.673583437000048], [47.21911084000004, 13.694677532000071], [47.216576316000044, 13.712110988000063], [47.21411259900003, 13.717936658000042], [47.208259121000026, 13.726782392000075], [47.18986709400008, 13.741543312000033], [47.18702962900005, 13.74596520800003], [47.18650626500005, 13.747728537000057], [47.18982126000003, 13.755964920000054], [47.188705896000045, 13.77145123400004], [47.179320422000046, 13.787714466000068], [47.17888346400008, 13.798798078000061], [47.18367185100004, 13.829884223000022], [47.19531958500005, 13.843673667000076], [47.19694448900003, 13.86335611900006], [47.21782133900007, 13.88198516400007], [47.22224685200007, 13.89302433100005], [47.22819928000007, 13.892829063000022], [47.23100779600003, 13.905669463000038], [47.22409578500003, 13.919176307000043], [47.213925835000055, 13.926772418000041], [47.20888816200005, 13.935572272000059], [47.20706284700003, 13.94559354200004], [47.20391843500005, 13.951562355000021], [47.19559645100003, 13.960606039000027], [46.91919, 13.95128], [46.80106, 13.94276], [46.77978, 13.93957], [46.767, 13.93105], [46.75423, 13.90977], [46.72762, 13.87465], [46.71272, 13.86187], [46.69036, 13.85229], [46.64354, 13.84378], [46.51369, 13.84591], [46.45409, 13.85336], [46.44435, 13.85596], [46.41181, 13.85273], [46.39639, 13.84817], [46.38239, 13.84171], [46.35504, 13.83047], [46.31561, 13.82342], [46.29309485500005, 13.821201416000065], [46.292957210000054, 13.796232504000045], [46.28014651800004, 13.731005578000065], [46.29901, 13.727809999000044], [46.31065, 13.72266], [46.32396, 13.714379999000073], [46.34063, 13.69503], [46.35823, 13.66738], [46.36351, 13.65508], [46.36878, 13.62651], [46.37054, 13.57422], [46.3591, 13.52193], [46.3598, 13.49927000100007], [46.3611, 13.48877999900003], [46.36826999900006, 13.46453], [46.38003, 13.43704], [46.39173847600006, 13.417409036000038]]]}}, {"type": "Feature", "properties": {"zoneId": "YEM-ad-dali-ad-dali"}, "geometry": {"type": "Polygon", "coordinates": [[[44.80708000100003, 13.72986], [44.79454000100003, 13.737520001000064], [44.79368999900004, 13.74491000100005], [44.79012, 13.749390001000052], [44.78166, 13.75302], [44.767400991000045, 13.755462201000057], [44.758110001000034, 13.76999], [44.74956, 13.78762000100005], [44.73654, 13.79444], [44.722679999000036, 13.807130001000075], [44.71868000100005, 13.81239], [44.71320198300003, 13.825853257000063], [44.71189880500003, 13.841274171000066], [44.69448, 13.84045], [44.67489000100005, 13.84306], [44.66460548900005, 13.837738354000066], [44.65275, 13.82486], [44.63545, 13.823520001000077], [44.60653, 13.82439], [44.58711000100004, 13.82346], [44.56839089700003, 13.810471483000072], [44.563786924000055, 13.795226960000036], [44.56222, 13.76985], [44.56455000100004, 13.755219999000076], [44.56334, 13.746720001000028], [44.57471, 13.745270001000051], [44.58821000100005, 13.737410001000057], [44.59641000200003, 13.73727], [44.61107567000005, 13.733995158000027], [44.62187, 13.73153], [44.62512, 13.73793], [44.63477000100005, 13.7405], [44.63979000100005, 13.74356], [44.64893, 13.744290001000024], [44.649500001000035, 13.750730001000022], [44.65204, 13.752800001000026], [44.65346, 13.760200001000044], [44.64958000100006, 13.766370001000041], [44.64956, 13.76991], [44.66095, 13.779190001000075], [44.66782, 13.78116], [44.67316, 13.78026], [44.68402000100008, 13.77151], [44.69315, 13.760860001000026], [44.70266, 13.75416], [44.717250001000025, 13.731879999000057], [44.71865000100007, 13.72638], [44.71746, 13.71467], [44.71454, 13.71387], [44.707670001000054, 13.71907], [44.70412, 13.71488], [44.70157000100005, 13.707290001000047], [44.71559117500004, 13.69983357500007], [44.72538963200003, 13.680779048000034], [44.72653607800004, 13.676757051000038], [44.73706047400003, 13.66199200400007], [44.73968621700004, 13.655968243000075], [44.73922285000003, 13.645310821000066], [44.745864432000076, 13.627239541000051], [44.75294862000004, 13.598701376000065], [44.75862619600008, 13.598727027000052], [44.767387418000055, 13.596439456000041], [44.80702000100007, 13.58423], [44.82262859800005, 13.586031881000054], [44.82827466300006, 13.589022390000025], [44.83153397500007, 13.593530060000035], [44.834756353000046, 13.597986440000057], [44.8334, 13.608130001000063], [44.83466000100003, 13.61685], [44.82441359000006, 13.65003936200003], [44.82104867700008, 13.685455966000063], [44.82143137200006, 13.695736981000039], [44.816839565000066, 13.705669035000028], [44.80993390500004, 13.71321505800006], [44.80708000100003, 13.72986]]]}}, {"type": "Feature", "properties": {"zoneId": "YEM-ad-dali-al-azariq"}, "geometry": {"type": "Polygon", "coordinates": [[[44.51183189300008, 13.587855499000057], [44.54075988300008, 13.58494829500006], [44.54379601100004, 13.582940351000047], [44.545643046000066, 13.583641023000041], [44.54876474400004, 13.580914249000045], [44.54791603700005, 13.574487642000065], [44.55058745500003, 13.573891423000077], [44.557194483000046, 13.566660735000028], [44.58426431400005, 13.551298012000075], [44.60384418600006, 13.544886563000034], [44.62801559700006, 13.545415329000036], [44.65173000100003, 13.5563], [44.65488329400006, 13.559012941000049], [44.662970001000076, 13.566500001000065], [44.66634, 13.567450001000054], [44.68674, 13.568830001000038], [44.69392, 13.57305], [44.702180001000045, 13.57514], [44.70879000100007, 13.57592], [44.71278, 13.57461], [44.73115350900008, 13.575535380000076], [44.739207503000046, 13.579427175000035], [44.745275750000076, 13.584404003000031], [44.749058054000045, 13.59742013500005], [44.75294862000004, 13.598701376000065], [44.745864432000076, 13.627239541000051], [44.73922285000003, 13.645310821000066], [44.73968621700004, 13.655968243000075], [44.73706047400003, 13.66199200400007], [44.72653607800004, 13.676757051000038], [44.72538963200003, 13.680779048000034], [44.71821691800005, 13.679754373000037], [44.68403539800005, 13.683886206000068], [44.668945647000044, 13.682071204000067], [44.66446644000007, 13.684696946000031], [44.63125853100007, 13.693964270000038], [44.62648003600003, 13.701167492000025], [44.612227113000074, 13.70588229200007], [44.60432198500007, 13.711482871000044], [44.61107567000005, 13.733995158000027], [44.59641000200003, 13.73727], [44.58821000100005, 13.737410001000057], [44.57471, 13.745270001000051], [44.56334, 13.746720001000028], [44.556459999000026, 13.727180001000022], [44.54840000200005, 13.713780001000032], [44.54320000100006, 13.70958], [44.53587334200006, 13.69287848600004], [44.52069694000005, 13.668202817000065], [44.519469333000075, 13.655108321000057], [44.52420087300004, 13.638487263000059], [44.52155814400004, 13.623864152000067], [44.518217579000066, 13.61762464700007], [44.51183189300008, 13.587855499000057]]]}}, {"type": "Feature", "properties": {"zoneId": "YEM-ad-dali-al-hasayn"}, "geometry": {"type": "Polygon", "coordinates": [[[44.94208000100008, 13.744349999000065], [44.92385929000005, 13.766414075000057], [44.913932344000045, 13.774813172000052], [44.84805, 13.79917000100005], [44.82826721200007, 13.814974539000048], [44.80037499400004, 13.843937184000026], [44.75506130800005, 13.869385761000046], [44.73909, 13.85031], [44.72635000100007, 13.843680001000052], [44.71189880500003, 13.841274171000066], [44.71320198300003, 13.825853257000063], [44.71868000100005, 13.81239], [44.722679999000036, 13.807130001000075], [44.73654, 13.79444], [44.74956, 13.78762000100005], [44.758110001000034, 13.76999], [44.767400991000045, 13.755462201000057], [44.78166, 13.75302], [44.79012, 13.749390001000052], [44.79368999900004, 13.74491000100005], [44.79454000100003, 13.737520001000064], [44.80708000100003, 13.72986], [44.81135, 13.73306], [44.82486000100005, 13.737020001000076], [44.83307, 13.736000001000036], [44.83803000100005, 13.73432], [44.8477, 13.72771], [44.8605, 13.714549999000042], [44.86707000100006, 13.711910001000035], [44.87231, 13.711570001000041], [44.883020001000034, 13.71717], [44.88911, 13.73073000100004], [44.89399, 13.734470001000034], [44.90304000100008, 13.73612], [44.919260001000055, 13.743800001000068], [44.92898000100007, 13.74311], [44.936720001000026, 13.740889999000046], [44.94208000100008, 13.744349999000065]]]}}, {"type": "Feature", "properties": {"zoneId": "YEM-ad-dali-al-husha"}, "geometry": {"type": "Polygon", "coordinates": [[[44.43430738500007, 13.886345346000041], [44.42969803500006, 13.884348084000067], [44.41468000100008, 13.863660001000028], [44.40668, 13.85971], [44.40472, 13.85464], [44.40593, 13.85111], [44.40407, 13.84705], [44.405118161000075, 13.840287665000062], [44.41035387000005, 13.835570989000075], [44.40770000100008, 13.82696], [44.40352, 13.8256], [44.38271000100008, 13.83286], [44.37576, 13.831630001000065], [44.37239000100004, 13.82855], [44.36645000100003, 13.808909999000036], [44.36616044400006, 13.802587607000078], [44.37269489900007, 13.794690538000054], [44.37634968400005, 13.793882646000043], [44.38115, 13.79496000100005], [44.38114000100006, 13.79376], [44.37973, 13.786000001000048], [44.37115019300006, 13.775063743000032], [44.37042129000008, 13.768989545000068], [44.37934845800004, 13.768239221000044], [44.39047404300004, 13.762835159000076], [44.39257214100007, 13.760477733000073], [44.39828, 13.74138], [44.407671856000036, 13.721638247000044], [44.40448309300007, 13.716791328000056], [44.39887087200003, 13.714878071000044], [44.39600098500006, 13.708946972000035], [44.39536323200008, 13.704929130000039], [44.39901552500004, 13.703243907000058], [44.39982750000007, 13.696893449000072], [44.39661, 13.68974], [44.38043, 13.67313], [44.3744, 13.66227], [44.37358, 13.65053], [44.37968, 13.64158], [44.394580001000065, 13.63178], [44.40384123900003, 13.627709645000039], [44.430604222000056, 13.620884009000065], [44.43244, 13.63537], [44.44186, 13.64114], [44.44962, 13.64209], [44.45871, 13.639650001000064], [44.48471000100005, 13.6282], [44.518217579000066, 13.61762464700007], [44.52155814400004, 13.623864152000067], [44.52420087300004, 13.638487263000059], [44.519469333000075, 13.655108321000057], [44.52069694000005, 13.668202817000065], [44.53587334200006, 13.69287848600004], [44.54320000100006, 13.70958], [44.54840000200005, 13.713780001000032], [44.556459999000026, 13.727180001000022], [44.56334, 13.746720001000028], [44.56455000100004, 13.755219999000076], [44.56222, 13.76985], [44.563786924000055, 13.795226960000036], [44.56839089700003, 13.810471483000072], [44.57069, 13.83058], [44.56948, 13.84067], [44.56445, 13.85042], [44.55679725400006, 13.857868856000039], [44.53085498100006, 13.863063900000043], [44.52665, 13.866050001000076], [44.52163, 13.8739], [44.51494, 13.87887], [44.50436, 13.882570001000033], [44.49604, 13.88303], [44.49308000100007, 13.881910001000051], [44.490600001000075, 13.87868], [44.48838000100005, 13.86669], [44.48477, 13.85762], [44.47420000100004, 13.85146], [44.47036, 13.854510001000051], [44.45682, 13.872280001000036], [44.449308872000074, 13.886730659000023], [44.43430738500007, 13.886345346000041]]]}}, {"type": "Feature", "properties": {"zoneId": "YEM-ad-dali-jahaf"}, "geometry": {"type": "Polygon", "coordinates": [[[44.61107567000005, 13.733995158000027], [44.60432198500007, 13.711482871000044], [44.612227113000074, 13.70588229200007], [44.62648003600003, 13.701167492000025], [44.63125853100007, 13.693964270000038], [44.66446644000007, 13.684696946000031], [44.668945647000044, 13.682071204000067], [44.68403539800005, 13.683886206000068], [44.71821691800005, 13.679754373000037], [44.72538963200003, 13.680779048000034], [44.71559117500004, 13.69983357500007], [44.70157000100005, 13.707290001000047], [44.70412, 13.71488], [44.707670001000054, 13.71907], [44.71454, 13.71387], [44.71746, 13.71467], [44.71865000100007, 13.72638], [44.717250001000025, 13.731879999000057], [44.70266, 13.75416], [44.69315, 13.760860001000026], [44.68402000100008, 13.77151], [44.67316, 13.78026], [44.66782, 13.78116], [44.66095, 13.779190001000075], [44.64956, 13.76991], [44.64958000100006, 13.766370001000041], [44.65346, 13.760200001000044], [44.65204, 13.752800001000026], [44.649500001000035, 13.750730001000022], [44.64893, 13.744290001000024], [44.63979000100005, 13.74356], [44.63477000100005, 13.7405], [44.62512, 13.73793], [44.62187, 13.73153], [44.61107567000005, 13.733995158000027]]]}}, {"type": "Feature", "properties": {"zoneId": "YEM-ad-dali-qa-tabah"}, "geometry": {"type": "Polygon", "coordinates": [[[44.46100523300004, 13.960960843000066], [44.44769112300003, 13.946280166000065], [44.44628448800006, 13.942903996000041], [44.451049444000034, 13.93681820300003], [44.45370000100007, 13.92743], [44.46016, 13.921640001000071], [44.46018186100008, 13.914422009000077], [44.47174249200003, 13.90347997300006], [44.47475323700007, 13.896002859000077], [44.47383217400005, 13.892369690000066], [44.449308872000074, 13.886730659000023], [44.45682, 13.872280001000036], [44.47036, 13.854510001000051], [44.47420000100004, 13.85146], [44.48477, 13.85762], [44.48838000100005, 13.86669], [44.490600001000075, 13.87868], [44.49308000100007, 13.881910001000051], [44.49604, 13.88303], [44.50436, 13.882570001000033], [44.51494, 13.87887], [44.52163, 13.8739], [44.52665, 13.866050001000076], [44.53085498100006, 13.863063900000043], [44.55679725400006, 13.857868856000039], [44.56445, 13.85042], [44.56948, 13.84067], [44.57069, 13.83058], [44.56839089700003, 13.810471483000072], [44.58711000100004, 13.82346], [44.60653, 13.82439], [44.63545, 13.823520001000077], [44.65275, 13.82486], [44.66460548900005, 13.837738354000066], [44.67489000100005, 13.84306], [44.69448, 13.84045], [44.71189880500003, 13.841274171000066], [44.72635000100007, 13.843680001000052], [44.73909, 13.85031], [44.75506130800005, 13.869385761000046], [44.80037499400004, 13.843937184000026], [44.80836000100004, 13.853940001000069], [44.81798, 13.899980001000074], [44.81939, 13.93679], [44.81253, 13.94795], [44.813463220000074, 13.965046393000023], [44.80939937800008, 13.982753130000049], [44.78705790200007, 14.002197634000026], [44.764544296000054, 14.013808484000037], [44.747104455000056, 14.022297300000048], [44.72339, 14.03694], [44.69957, 14.0472], [44.68325, 14.04588], [44.67849, 14.04368], [44.68111, 14.03875], [44.6952, 14.03024], [44.69808, 14.02387], [44.69802, 14.01828], [44.69584, 14.01303], [44.68862, 14.00593], [44.66764, 13.99586], [44.66197, 13.99657], [44.65313, 14.00501], [44.63929, 14.007], [44.63358, 14.01268], [44.61208532900008, 14.017744994000054], [44.61176676200006, 14.012413234000064], [44.60811, 14.00363], [44.59031, 13.98494], [44.57268, 13.98774], [44.56199, 13.98456], [44.55147000100004, 13.990840001000038], [44.53914, 13.992230001000053], [44.52743, 13.98569], [44.51162000100004, 13.985650001000067], [44.49581577500004, 13.981365775000029], [44.48202654000005, 13.970611907000034], [44.46100523300004, 13.960960843000066]]]}}, {"type": "Feature", "properties": {"zoneId": "YEM-al-bayda-as-sawadiyah"}, "geometry": {"type": "MultiPolygon", "coordinates": [[[[45.25935, 14.19278], [45.27575, 14.24008], [45.28186, 14.24655], [45.28715, 14.27182], [45.28952, 14.27646], [45.30125, 14.28316], [45.30621, 14.28915], [45.3109, 14.30378], [45.30294, 14.30552], [45.30557, 14.31824], [45.30351, 14.33724], [45.30752, 14.35437], [45.30087, 14.35779], [45.29425, 14.364269999000044], [45.29027, 14.37267999900007], [45.28497, 14.37851], [45.28151, 14.37981], [45.27635, 14.381759999000053], [45.26241, 14.38177], [45.22259, 14.38634], [45.20894, 14.38635], [45.19328, 14.35918], [45.17389, 14.33191], [45.2008, 14.22663], [45.20076, 14.193], [45.19973, 14.19204], [45.25935, 14.19278]]], [[[45.36349883300005, 14.420180882000068], [45.381415623000066, 14.428415611000048], [45.42222562200004, 14.46763560100004], [45.454140676000065, 14.47188931100004], [45.47560495700003, 14.483136003000027], [45.46258, 14.49501], [45.46155667700003, 14.521270659000038], [45.46118, 14.59558], [45.45042, 14.59772], [45.43887512900005, 14.602037078000023], [45.43234, 14.60791], [45.41919171500007, 14.63029950200007], [45.41219, 14.63462], [45.404118477000054, 14.63466371000004], [45.399056538000025, 14.62928041300006], [45.3836, 14.59647], [45.37329, 14.58147], [45.36472, 14.57814], [45.35386, 14.57704], [45.31833, 14.57654], [45.3148, 14.554759999000055], [45.3159, 14.52952], [45.333615644000076, 14.467675622000058], [45.33958563300007, 14.428365620000022], [45.34559779500006, 14.429640738000046], [45.35038833800007, 14.428982079000036], [45.36349883300005, 14.420180882000068]]]]}}, {"type": "Feature", "properties": {"zoneId": "YEM-al-bayda-as-sawma-ah"}, "geometry": {"type": "Polygon", "coordinates": [[[45.59023, 14.22752], [45.59352, 14.21034], [45.59378, 14.18684], [45.59617, 14.17507], [45.59797, 14.17081], [45.60808, 14.16169], [45.60742, 14.158299999000064], [45.61338, 14.15475], [45.61241, 14.15132], [45.61699, 14.14923], [45.61836, 14.146], [45.62135, 14.146], [45.62315, 14.14099999900003], [45.62269, 14.13604], [45.62781, 14.13526], [45.62758, 14.1303], [45.6229, 14.13102], [45.6228, 14.12926], [45.62797, 14.12573], [45.62959, 14.12643], [45.63003, 14.12434], [45.62889, 14.12295], [45.62554, 14.12337], [45.62525, 14.11658], [45.63213, 14.11628], [45.63304, 14.11342], [45.63623, 14.11237], [45.63697, 14.1107], [45.6275, 14.0787], [45.62935, 14.04724999900003], [45.63268, 14.028739999000038], [45.65115, 13.992369999000061], [45.66961, 14.00068], [45.68342, 14.00065999900005], [45.6961, 14.004919999000037], [45.70017, 14.00827], [45.70733, 14.01118], [45.71129, 14.01153], [45.71779, 14.00927], [45.7245, 14.01549], [45.76857, 14.02342], [45.7739, 14.0256], [45.78326, 14.03425], [45.78746, 14.04286], [45.8002, 14.05863], [45.81433, 14.0884], [45.82309, 14.10347], [45.82424, 14.11012], [45.81773, 14.11896], [45.81907, 14.12378], [45.82564, 14.13482], [45.83365, 14.13938], [45.84356, 14.14152], [45.88103, 14.1569], [45.88468, 14.158949999000072], [45.88463, 14.16309], [45.88657, 14.16677], [45.89508, 14.16445], [45.9111, 14.17319], [45.91166, 14.17675], [45.95695, 14.19128], [46.00495, 14.21911], [46.00145, 14.21994], [45.99662, 14.22493], [45.98726, 14.230119999000067], [45.97959, 14.24285], [45.98535, 14.251489999000057], [45.98592, 14.25498], [45.98374, 14.25794], [45.98343, 14.26493], [45.98145, 14.26761], [45.9705, 14.26868], [45.96997, 14.27220999900004], [45.97511, 14.27979], [45.97455, 14.28421], [45.96944, 14.29092], [45.96856, 14.29445], [45.97061, 14.3064], [45.9688, 14.30793], [45.97594, 14.31372], [45.97733, 14.316569999000023], [45.97382, 14.32048], [45.972047727000074, 14.327085211000053], [45.94798, 14.3492], [45.939030460000026, 14.361351780000064], [45.87014, 14.34458999900005], [45.86045, 14.34395], [45.85183, 14.3469], [45.84986, 14.34084], [45.84432, 14.3337], [45.83893, 14.33185], [45.83593, 14.32713], [45.83079, 14.32691999900004], [45.82601, 14.3213], [45.82321, 14.315019999000071], [45.80059, 14.296949999000049], [45.79925, 14.28553], [45.80102, 14.27689], [45.8009, 14.26597], [45.79805, 14.25918], [45.79266, 14.25384], [45.78902, 14.25372], [45.78227, 14.25632], [45.76335, 14.2659], [45.75335, 14.2732], [45.73626, 14.27979], [45.70541, 14.27638], [45.6575, 14.26488], [45.59023, 14.22752]]]}}, {"type": "Feature", "properties": {"zoneId": "YEM-al-bayda-ash-sharyah"}, "geometry": {"type": "Polygon", "coordinates": [[[45.19973, 14.19204], [45.20076, 14.193], [45.2008, 14.22663], [45.17389, 14.33191], [45.19328, 14.35918], [45.20894, 14.38635], [45.21313, 14.39392], [45.21978, 14.41813], [45.18544, 14.47775], [45.18689, 14.504279999000062], [45.16621576000006, 14.499764528000071], [45.13103, 14.48697], [45.04221, 14.46956], [45.016440001000035, 14.460190001000058], [44.99724, 14.449819999000056], [44.97957, 14.43754], [44.96574, 14.424639999000021], [44.95094000100005, 14.40518], [44.94109000100008, 14.404170001000068], [44.96455446600004, 14.317961213000046], [44.965770002000056, 14.27111], [44.9609, 14.24533], [44.95764, 14.23689], [44.99621, 14.219199999000068], [45.00652, 14.19697], [45.015900001000034, 14.1871], [45.05083, 14.167080001000045], [45.05649, 14.15814000100005], [45.06, 14.147060001000057], [45.06479, 14.142369999000039], [45.06828000100006, 14.12021], [45.05998000100004, 14.113399999000023], [45.06129000100003, 14.104449999000053], [45.05736, 14.097210001000064], [45.06627, 14.09355000100004], [45.09228000100006, 14.089950001000034], [45.104940001000045, 14.090800002000037], [45.11759000100005, 14.08739], [45.12327, 14.08142], [45.13068000100003, 14.06693000100006], [45.13548, 14.06352], [45.139409999000065, 14.073740001000033], [45.1512, 14.08439], [45.1582, 14.101000001000045], [45.15995, 14.10781], [45.15952, 14.11633], [45.16176000200005, 14.12403], [45.16728, 14.13188], [45.16805, 14.13601], [45.16532, 14.14467], [45.16908, 14.17603], [45.19973, 14.19204]]]}}, {"type": "Feature", "properties": {"zoneId": "YEM-al-bayda-at-taffah"}, "geometry": {"type": "Polygon", "coordinates": [[[45.50657950000004, 14.232954863000032], [45.508039979000046, 14.275308754000037], [45.506411935000074, 14.299729421000052], [45.501527801000066, 14.327406177000057], [45.488935576000074, 14.351976642000068], [45.48082, 14.3347], [45.47529, 14.32976], [45.46194087200007, 14.325109595000072], [45.43495, 14.32276], [45.42515, 14.30934], [45.38815, 14.27575], [45.37812, 14.2597], [45.3634, 14.25283999900006], [45.35494, 14.25505], [45.3475, 14.24655], [45.33211, 14.24228], [45.32399, 14.2114], [45.30014, 14.18192], [45.27285, 14.17287], [45.25935, 14.19278], [45.19973, 14.19204], [45.16908, 14.17603], [45.16532, 14.14467], [45.16805, 14.13601], [45.16728, 14.13188], [45.16176000200005, 14.12403], [45.15952, 14.11633], [45.15995, 14.10781], [45.1582, 14.101000001000045], [45.1512, 14.08439], [45.139409999000065, 14.073740001000033], [45.13548, 14.06352], [45.14768999900008, 14.05285], [45.14899000200006, 14.04093000100005], [45.15196451600008, 14.031395036000049], [45.15155315800007, 13.980183879000037], [45.15593000100006, 13.97702], [45.163350001000026, 13.9817], [45.17339, 13.980410001000052], [45.18036, 13.977849999000057], [45.184300001000054, 13.972980001000053], [45.19245886600004, 13.973225907000028], [45.21377984700007, 13.981116334000035], [45.233598389000065, 13.983176565000065], [45.249164336000035, 13.988966512000047], [45.26036412700006, 13.995011021000039], [45.289578637000034, 14.025832493000053], [45.316980783000076, 14.04106413900007], [45.334213877000025, 14.053332522000062], [45.35462335400007, 14.057889643000067], [45.36025, 14.06955], [45.36728461900003, 14.075284134000071], [45.37570600500004, 14.086754029000076], [45.38764298700005, 14.096986166000022], [45.40002146200004, 14.107249629000023], [45.409432165000055, 14.117544647000045], [45.42583, 14.14444], [45.44365, 14.16754], [45.45851, 14.18486], [45.46854, 14.19188], [45.48236, 14.20421], [45.50657950000004, 14.232954863000032]]]}}, {"type": "Feature", "properties": {"zoneId": "YEM-al-bayda-maswarah"}, "geometry": {"type": "Polygon", "coordinates": [[[45.50657950000004, 14.232954863000032], [45.57209, 14.23133], [45.57398, 14.22921], [45.59023, 14.22752], [45.6575, 14.26488], [45.70541, 14.27638], [45.73626, 14.27979], [45.75335, 14.2732], [45.76335, 14.2659], [45.78227, 14.25632], [45.78902, 14.25372], [45.79266, 14.25384], [45.79805, 14.25918], [45.8009, 14.26597], [45.80102, 14.27689], [45.79925, 14.28553], [45.80059, 14.296949999000049], [45.82321, 14.315019999000071], [45.82601, 14.3213], [45.83079, 14.32691999900004], [45.83593, 14.32713], [45.83893, 14.33185], [45.84432, 14.3337], [45.84986, 14.34084], [45.85183, 14.3469], [45.836732522000034, 14.357184447000066], [45.825651648000076, 14.376214644000072], [45.81113323300008, 14.407066275000034], [45.79085134800005, 14.457365350000032], [45.78651, 14.48055], [45.78117, 14.49898], [45.74136, 14.58839], [45.71784, 14.58947], [45.70613, 14.58186], [45.70254, 14.58076], [45.69184, 14.58116], [45.68627, 14.57666], [45.64583841700005, 14.575989039000035], [45.64108386300006, 14.568684116000043], [45.64027, 14.5599], [45.63232, 14.55368], [45.63284, 14.55208], [45.6377, 14.54981], [45.63652, 14.54632], [45.63183, 14.54148], [45.63384, 14.52292], [45.63326, 14.51141], [45.62974, 14.50278], [45.62491, 14.49716], [45.62253, 14.48643], [45.61789, 14.47837], [45.61211, 14.47077], [45.58353, 14.44332999900007], [45.57554, 14.4306], [45.56663, 14.42742], [45.55798, 14.42075], [45.55201, 14.41342], [45.54605, 14.40893999900004], [45.54052, 14.40777], [45.52742, 14.39496], [45.52425, 14.39364], [45.51559, 14.38348], [45.50618, 14.37667], [45.49819, 14.36756], [45.488935576000074, 14.351976642000068], [45.501527801000066, 14.327406177000057], [45.506411935000074, 14.299729421000052], [45.508039979000046, 14.275308754000037], [45.50657950000004, 14.232954863000032]]]}}, {"type": "Feature", "properties": {"zoneId": "YEM-al-bayda-nati"}, "geometry": {"type": "Polygon", "coordinates": [[[45.47560495700003, 14.483136003000027], [45.48084387200004, 14.477016129000049], [45.48498, 14.464769999000055], [45.492438038000046, 14.451927169000044], [45.46775, 14.4196], [45.46755846100007, 14.411871562000044], [45.47222300100003, 14.394156], [45.488935576000074, 14.351976642000068], [45.49819, 14.36756], [45.50618, 14.37667], [45.51559, 14.38348], [45.52425, 14.39364], [45.52742, 14.39496], [45.54052, 14.40777], [45.54605, 14.40893999900004], [45.55201, 14.41342], [45.55798, 14.42075], [45.56663, 14.42742], [45.57554, 14.4306], [45.58353, 14.44332999900007], [45.61211, 14.47077], [45.61789, 14.47837], [45.62253, 14.48643], [45.62491, 14.49716], [45.62974, 14.50278], [45.63326, 14.51141], [45.63384, 14.52292], [45.63183, 14.54148], [45.63652, 14.54632], [45.6377, 14.54981], [45.63284, 14.55208], [45.63232, 14.55368], [45.64027, 14.5599], [45.64108386300006, 14.568684116000043], [45.64583841700005, 14.575989039000035], [45.64576974500005, 14.597297016000027], [45.64958685300007, 14.609438670000031], [45.653440258000046, 14.614069068000049], [45.65513952400005, 14.619172440000057], [45.65513952400005, 14.633022212000071], [45.67547, 14.65651], [45.68755, 14.67332], [45.6915, 14.68657], [45.69357, 14.68914], [45.69337, 14.69577], [45.68928, 14.70149], [45.67761, 14.7099], [45.65561, 14.719899999000063], [45.60106, 14.72108], [45.60426, 14.697549999000046], [45.6066, 14.69619], [45.61628, 14.69641], [45.6202, 14.693], [45.61805, 14.67882], [45.60614, 14.651], [45.5878, 14.62362], [45.56919, 14.5905], [45.54537, 14.53958], [45.53614, 14.52777], [45.52772, 14.52289], [45.51112, 14.52432], [45.49373075900007, 14.527933930000074], [45.46155667700003, 14.521270659000038], [45.46258, 14.49501], [45.47560495700003, 14.483136003000027]]]}}, {"type": "Feature", "properties": {"zoneId": "YEM-al-bayda-nu-man"}, "geometry": {"type": "Polygon", "coordinates": [[[45.46155667700003, 14.521270659000038], [45.49373075900007, 14.527933930000074], [45.51112, 14.52432], [45.52772, 14.52289], [45.53614, 14.52777], [45.54537, 14.53958], [45.56919, 14.5905], [45.5878, 14.62362], [45.60614, 14.651], [45.61805, 14.67882], [45.6202, 14.693], [45.61628, 14.69641], [45.6066, 14.69619], [45.60426, 14.697549999000046], [45.60106, 14.72108], [45.58343, 14.72172], [45.5521, 14.71653], [45.52505, 14.71409], [45.52744, 14.71111], [45.52861, 14.70617], [45.52858, 14.677789999000026], [45.52349, 14.6663], [45.51051, 14.65753], [45.49863, 14.65394], [45.49397, 14.65565], [45.48236, 14.6729], [45.4823, 14.67565], [45.48744, 14.68346], [45.47398036900006, 14.693347565000067], [45.46756176000008, 14.691989783000054], [45.46047, 14.68216], [45.449910585000055, 14.67347456400006], [45.44777, 14.66884], [45.44865, 14.6616], [45.45118, 14.655], [45.45595, 14.64902], [45.47212, 14.63763], [45.48779788100006, 14.631488799000067], [45.493072185000074, 14.627476444000024], [45.49512, 14.62354], [45.49435, 14.61148], [45.48866910900006, 14.602252690000057], [45.48558324000004, 14.599660559000029], [45.47574, 14.5961], [45.46118, 14.59558], [45.46155667700003, 14.521270659000038]]]}}, {"type": "Feature", "properties": {"zoneId": "YEM-al-bayda-radman"}, "geometry": {"type": "MultiPolygon", "coordinates": [[[[45.28151, 14.37981], [45.28631, 14.38304], [45.31152, 14.37848], [45.32347, 14.37846], [45.33794011700007, 14.384000339000067], [45.36349883300005, 14.420180882000068], [45.35038833800007, 14.428982079000036], [45.34559779500006, 14.429640738000046], [45.33958563300007, 14.428365620000022], [45.333615644000076, 14.467675622000058], [45.3159, 14.52952], [45.2966, 14.53457], [45.25693, 14.55761], [45.24814, 14.56027], [45.23808, 14.55921], [45.21258075800006, 14.550111924000078], [45.19535349600005, 14.528852749000066], [45.19158, 14.52105], [45.18689, 14.504279999000062], [45.18544, 14.47775], [45.21978, 14.41813], [45.21313, 14.39392], [45.20894, 14.38635], [45.22259, 14.38634], [45.26241, 14.38177], [45.27635, 14.381759999000053], [45.28151, 14.37981]]], [[[45.31833, 14.57654], [45.29161, 14.58882], [45.28018, 14.58605], [45.27828, 14.57966], [45.28087, 14.57376], [45.29866, 14.556629999000052], [45.30305, 14.557689999000047], [45.30377, 14.55971], [45.30674, 14.55708], [45.30932, 14.55753], [45.3148, 14.554759999000055], [45.31833, 14.57654]]]]}}, {"type": "Feature", "properties": {"zoneId": "YEM-al-bayda-wald-rabi"}, "geometry": {"type": "MultiPolygon", "coordinates": [[[[44.87608000100005, 14.40802], [44.873920001000045, 14.41433], [44.86419, 14.423410001000036], [44.8603, 14.423470001000055], [44.857060001000036, 14.42623], [44.85367000100007, 14.43466], [44.8462, 14.43611], [44.84669000100007, 14.451190001000043], [44.845390001000055, 14.45378], [44.83761, 14.45816], [44.82902000100006, 14.45962], [44.8236, 14.45882000100005], [44.81271000100003, 14.453870001000041], [44.80493, 14.44561], [44.8013, 14.43124], [44.80475, 14.42889], [44.8057, 14.42191], [44.80926, 14.41785999900003], [44.8186, 14.41423], [44.81845, 14.41788], [44.81854, 14.42315], [44.82274, 14.42323], [44.82405, 14.42771], [44.83868, 14.42852], [44.84983, 14.42747], [44.85259, 14.41504], [44.85721, 14.40993], [44.86218, 14.40827], [44.86239000100005, 14.40152], [44.87608000100005, 14.40802]]], [[[44.776027328000055, 14.719687020000038], [44.717502325000055, 14.675671969000064], [44.71321245100006, 14.665325087000042], [44.70861064300004, 14.644116753000048], [44.70838, 14.61361], [44.70593, 14.59661], [44.70595, 14.5807], [44.7103, 14.52926], [44.71244, 14.52489], [44.73345496200005, 14.503077362000056], [44.73554234100004, 14.494131456000048], [44.73035, 14.476739999000074], [44.72916, 14.47619], [44.72513745500004, 14.457117539000023], [44.76094, 14.44483], [44.76685, 14.44734], [44.75335000100006, 14.47299], [44.75377, 14.476010001000077], [44.76177000100006, 14.479250001000025], [44.80689, 14.510139999000046], [44.828850001000035, 14.528040001000022], [44.857, 14.56656], [44.86752, 14.59115], [44.84613, 14.59678], [44.80829, 14.5609], [44.79655, 14.5564], [44.77663, 14.56628], [44.7968, 14.5797], [44.8025, 14.59134], [44.82792, 14.60873], [44.81676, 14.62129], [44.79514, 14.66351], [44.78441, 14.69079], [44.77925, 14.71266], [44.776027328000055, 14.719687020000038]]], [[[45.016440001000035, 14.460190001000058], [45.04221, 14.46956], [45.13103, 14.48697], [45.12512, 14.514129999000033], [45.12074, 14.52602], [45.1117, 14.54232], [45.10313, 14.5626], [45.10595, 14.57518], [45.10572, 14.58253], [45.10876173400004, 14.590365106000036], [45.10572330000008, 14.603899949000038], [45.096331776000056, 14.62820742100007], [45.09599, 14.63709], [45.09752, 14.6418], [45.09037, 14.64771], [45.08735, 14.65725], [45.08333, 14.66391], [45.06147, 14.73936], [45.06176, 14.74706], [45.07402, 14.766769999000076], [45.07779, 14.7816], [45.07418, 14.79136], [45.06248, 14.80706], [45.04367, 14.81735], [45.03121, 14.81567], [45.020571725000025, 14.820841296000026], [44.962456720000034, 14.806300940000028], [44.96689, 14.78084], [44.96777, 14.73582], [44.96173, 14.69638], [44.94655, 14.62341], [44.96031, 14.61779000100006], [44.97215, 14.608910001000027], [44.98703, 14.59336999900006], [44.99798, 14.576169999000058], [45.00627, 14.546960001000059], [45.0102, 14.503320001000077], [45.016440001000035, 14.460190001000058]]]]}}, {"type": "Feature", "properties": {"zoneId": "YEM-al-hodeidah-ad-dohi"}, "geometry": {"type": "Polygon", "coordinates": [[[43.14498, 15.26029], [43.13193, 15.2551], [43.10514, 15.25954], [43.0891, 15.25837], [43.07421, 15.248369999000033], [43.0525, 15.2243], [43.02853, 15.213699999000028], [43.00066, 15.18218], [42.98481, 15.15951], [42.9853, 15.15768], [42.99299, 15.15328], [43.00291, 15.15085], [43.01186, 15.15058], [43.02098, 15.15261], [43.03164, 15.15974], [43.03702, 15.16966], [43.04851, 15.17260999900003], [43.05404, 15.18903], [43.0655, 15.19346], [43.07959, 15.19235], [43.09727, 15.18647], [43.11356, 15.18855], [43.154, 15.18556], [43.15705, 15.186], [43.16149, 15.19002], [43.19045, 15.18844], [43.20024, 15.19725], [43.22372, 15.2076], [43.2285, 15.20775], [43.23464, 15.21067], [43.23492, 15.21382999900004], [43.24066, 15.217189999000027], [43.24072, 15.22212], [43.25018, 15.22536], [43.252350001000025, 15.23315], [43.28177000100004, 15.21269], [43.286620001000074, 15.20292], [43.29326, 15.1967], [43.31481000100007, 15.19764], [43.32726, 15.19287], [43.34050999900006, 15.183470001000046], [43.34591000100005, 15.173200001000055], [43.35905999900007, 15.16216], [43.36844000100007, 15.161020001000054], [43.382963311000026, 15.16168231100005], [43.402189657000065, 15.173457486000075], [43.38525999900003, 15.192870001000074], [43.37552696500006, 15.195558862000041], [43.37449434800004, 15.198189255000045], [43.36965264600008, 15.201607399000068], [43.36880878100004, 15.208579569000051], [43.359211696000045, 15.218150371000036], [43.34374434000006, 15.219340798000076], [43.33466713400003, 15.223231861000045], [43.322961304000046, 15.23396860400004], [43.31061749600008, 15.236102102000075], [43.303820001000076, 15.24822000100005], [43.28162023200008, 15.27509169800004], [43.27325950800008, 15.292607159000056], [43.25664000100005, 15.279720001000044], [43.23939999900006, 15.262710001000073], [43.17687, 15.25495], [43.15112, 15.255130001000055], [43.14498, 15.26029]]]}}, {"type": "Feature", "properties": {"zoneId": "YEM-al-hodeidah-ad-durayhimi"}, "geometry": {"type": "MultiPolygon", "coordinates": [[[[42.94904132800008, 14.545055081000044], [42.94797641700006, 14.556059160000075], [42.95035910200005, 14.562201304000041], [42.94655653600006, 14.56546587400004], [42.94655653600006, 14.567773180000074], [42.952236061000065, 14.575227557000062], [42.955963249000035, 14.57682492300006], [42.95418839800004, 14.577357379000034], [42.950993665000055, 14.575582527000051], [42.94460420000007, 14.56670826900006], [42.94140946600004, 14.564755933000072], [42.941764437000074, 14.552864428000078], [42.944330465000064, 14.545036639000045], [42.945846595000035, 14.542570289000025], [42.94815390200006, 14.542037833000052], [42.95401091200006, 14.543812685000034], [42.950638695000066, 14.54363520000004], [42.94904132800008, 14.545055081000044]]], [[[42.91052705100003, 14.62243860700005], [42.906444892000025, 14.623326032000023], [42.90520249600007, 14.625278369000057], [42.904847526000026, 14.62705322100004], [42.90804225800008, 14.632200290000071], [42.90218524800008, 14.63379765700006], [42.899814613000046, 14.632151743000065], [42.89845806000005, 14.627763161000075], [42.90005542600005, 14.622971063000023], [42.90658461400005, 14.61392174200006], [42.923305982000045, 14.601495359000069], [42.93289018000007, 14.596703260000027], [42.93572994200008, 14.598300626000025], [42.93714982300003, 14.602027815000042], [42.92898550600006, 14.599543022000034], [42.92667819900004, 14.601140388000033], [42.945491625000045, 14.613386864000063], [42.944604199000025, 14.614096805000031], [42.92969544700003, 14.608417280000026], [42.91957879300003, 14.608772250000072], [42.916916515000025, 14.610547102000055], [42.91922382300004, 14.612321953000048], [42.91851388200007, 14.613564349000058], [42.91460920900005, 14.615871656000024], [42.92028873300006, 14.621728666000024], [42.91886885300005, 14.622793577000039], [42.91052705100003, 14.62243860700005]]], [[[43.05931, 14.79071], [43.05035, 14.7601], [43.03664, 14.74276], [42.99521, 14.72244], [42.96281, 14.70579], [42.95661035300003, 14.706337543000075], [42.96430505100005, 14.695673417000023], [42.96758946600005, 14.687976159000073], [42.96710044300005, 14.678368615000068], [42.97162631400005, 14.676371907000032], [42.97455481800006, 14.670781125000076], [42.983650933000035, 14.661662825000064], [42.98436087300007, 14.651546171000064], [42.98081117000004, 14.640364607000038], [42.98063368500004, 14.634685082000033], [42.98755560600006, 14.613564349000058], [42.99199273500005, 14.608417280000026], [42.995009982000056, 14.60948219100004], [42.98897548700006, 14.614629260000072], [42.98862051700007, 14.616404112000055], [42.99767225900007, 14.616404112000055], [42.99926962600006, 14.61533920100004], [42.995897408000076, 14.601672844000063], [43.002109388000065, 14.586941577000061], [43.001576932000035, 14.58303690400004], [43.005836576000036, 14.572742765000044], [43.00139944700004, 14.563336051000022], [42.991637764000075, 14.562448626000048], [42.98897548700006, 14.564223477000041], [42.98773309100005, 14.563513537000063], [42.98862051700007, 14.55996383400003], [43.00264184300005, 14.553929339000035], [43.00565909100004, 14.55588167600007], [43.01151610100004, 14.547184903000073], [43.01435586400004, 14.545232566000038], [43.01648568500008, 14.540440468000043], [43.016840656000056, 14.536713280000072], [43.014178378000054, 14.526419141000076], [43.012226041000076, 14.526596626000071], [43.00867633900003, 14.519319735000067], [43.012181670000075, 14.512996826000062], [43.00934190800007, 14.504655023000055], [43.010406819000025, 14.501460291000058], [43.00898693800008, 14.499862925000059], [43.01076178900007, 14.492231064000066], [43.01448897700004, 14.490811182000073], [43.01466646200004, 14.481759440000076], [43.009784910000064, 14.47627168400004], [43.00525974900006, 14.476079914000024], [43.010584304000076, 14.471287816000029], [43.010584304000076, 14.469157994000057], [43.01945856100008, 14.461348647000023], [43.01857113500006, 14.448569716000065], [43.01660783500006, 14.444607693000023], [43.018393650000064, 14.436855697000055], [43.01661879900007, 14.435790786000041], [43.00969687800006, 14.437920607000024], [43.00774454200007, 14.44785977600003], [43.00437232400003, 14.452474390000077], [43.00224250200006, 14.468803023000078], [42.995320581000044, 14.47128781500004], [42.98936373600003, 14.478958502000069], [42.98936373600003, 14.480955210000047], [42.99185962000007, 14.482053399000051], [42.98854324100006, 14.482796094000037], [42.98839866000003, 14.486196568000025], [42.989064229000064, 14.488343030000067], [42.992159127000036, 14.488442864000035], [42.98936373600003, 14.48944121900007], [42.97858151300005, 14.488542700000039], [42.973789414000066, 14.49043957300006], [42.97366739200004, 14.494360885000049], [42.97011769000005, 14.502702687000067], [42.96929682100006, 14.52538196200004], [42.967000606000056, 14.526679821000073], [42.967000607000045, 14.52927554200005], [42.96969616200005, 14.532969452000032], [42.96011196400008, 14.532669946000055], [42.958814104000055, 14.540257435000058], [42.95931328100005, 14.53276978100007], [42.96621301600004, 14.517966411000032], [42.96769945400007, 14.507910767000055], [42.972291883000025, 14.493534470000043], [42.97295745300005, 14.48264686500005], [42.98005685800007, 14.472707697000033], [42.983961531000034, 14.463833439000041], [42.98520392700004, 14.44874720200005], [42.99159339300007, 14.439695459000063], [42.99159339300007, 14.434548390000032], [42.994610640000076, 14.427094013000044], [42.996208007000064, 14.417332330000022], [42.99762788800007, 14.397276508000061], [43.010584304000076, 14.379173023000021], [43.03117, 14.39076], [43.05148, 14.412040001000037], [43.07856, 14.459020001000056], [43.1044, 14.51972], [43.13392, 14.56046], [43.14423, 14.56727], [43.21633, 14.57106], [43.23258, 14.577939999000023], [43.23865, 14.58754], [43.24106, 14.5879], [43.23937, 14.60158], [43.24636, 14.63588], [43.23968, 14.63582], [43.24287, 14.65613], [43.240708906000066, 14.669576695000046], [43.23504, 14.67978], [43.23164, 14.67976], [43.213585282000054, 14.685670878000053], [43.16605, 14.71636], [43.15594, 14.7156], [43.14807, 14.71298], [43.12878, 14.69961], [43.12052, 14.71172], [43.12356, 14.737699999000029], [43.12991, 14.75893], [43.12492, 14.76999], [43.11343, 14.77681], [43.09758, 14.80384], [43.08386, 14.801839999000038], [43.07455, 14.80776], [43.07536, 14.81605], [43.074052745000074, 14.818166157000064], [43.06954024300006, 14.818935802000055], [43.067660068000066, 14.81739284300005], [43.06723763000008, 14.814084036000054], [43.07351, 14.79885], [43.05931, 14.79071]]]]}}, {"type": "Feature", "properties": {"zoneId": "YEM-al-hodeidah-al-hujjaylah"}, "geometry": {"type": "Polygon", "coordinates": [[[43.643128673000035, 15.007759204000024], [43.63343000100008, 15.008690001000048], [43.62829000100004, 15.00706], [43.62215, 14.99327], [43.59295, 14.99161], [43.58328103500003, 14.998266735000072], [43.57378883200005, 15.001975469000058], [43.56800559100003, 15.008300568000038], [43.54582, 15.021], [43.53011, 15.02291], [43.52165, 15.02768], [43.513700001000075, 15.036050001000035], [43.51217161100004, 15.048441753000077], [43.50653846300003, 15.046912870000028], [43.495945007000046, 15.048278319000076], [43.502240001000075, 15.02937], [43.50138, 15.015869999000074], [43.49773, 14.999940001000027], [43.53448, 14.9841], [43.54164, 14.968700001000059], [43.548759999000026, 14.963250001000063], [43.55661000100008, 14.95288], [43.57, 14.94661], [43.58462, 14.94641], [43.59895000100005, 14.94142000100004], [43.606989999000064, 14.935580001000062], [43.61852, 14.93157], [43.630313828000055, 14.930121686000064], [43.643727643000034, 14.926122537000026], [43.650790001000075, 14.93591], [43.648960001000034, 14.94575], [43.65648, 14.964190001000077], [43.65989, 14.96776], [43.663202883000054, 14.967188414000077], [43.664581388000045, 14.96828253600006], [43.66622382000003, 14.972281642000041], [43.66316721900006, 14.979183023000076], [43.66005729900007, 14.982532302000038], [43.64976224700007, 14.98845811600006], [43.64521668800006, 14.993922035000026], [43.64298390400006, 14.999628423000047], [43.643128673000035, 15.007759204000024]]]}}, {"type": "Feature", "properties": {"zoneId": "YEM-al-hodeidah-al-jarrahi"}, "geometry": {"type": "Polygon", "coordinates": [[[43.49590322200004, 14.032397905000039], [43.49046, 14.0701], [43.48574, 14.0823], [43.4787, 14.09449], [43.47913, 14.10129], [43.48361, 14.113499999000055], [43.49203, 14.116689999000073], [43.49544, 14.119419999000058], [43.49681, 14.127609999000072], [43.505, 14.13683], [43.50364, 14.144339999000067], [43.50437711300003, 14.152851355000053], [43.51222, 14.151339999000072], [43.52159, 14.13917], [43.53184, 14.13243], [43.53802478000006, 14.132953130000033], [43.53530436400007, 14.139674261000039], [43.51899156200005, 14.161129523000056], [43.51053526100003, 14.164281238000058], [43.50484378500005, 14.169099052000035], [43.49898103800007, 14.182534246000046], [43.500498511000046, 14.203908970000043], [43.50444895600003, 14.203152716000034], [43.507282100000054, 14.207103175000043], [43.51016072200008, 14.208487826000066], [43.51495707500004, 14.20517060000003], [43.522799622000036, 14.20603731600005], [43.524722283000074, 14.209359049000057], [43.52840961900006, 14.210980917000029], [43.53125634600008, 14.21569444100004], [43.531613081000046, 14.219489975000045], [43.527996391000045, 14.22459989400005], [43.52865781700007, 14.228434493000066], [43.526060001000076, 14.243], [43.51768000100003, 14.25556], [43.51963000100005, 14.262590001000035], [43.52411, 14.26884], [43.52451, 14.278800001000036], [43.51963000100005, 14.284660001000077], [43.51299000100005, 14.28817], [43.50733000100007, 14.302440001000036], [43.499917664000066, 14.304719141000078], [43.48304148500006, 14.27458138000003], [43.47208, 14.248519999000052], [43.47593, 14.21601], [43.45039, 14.20043], [43.44801, 14.1954], [43.44275, 14.19245], [43.44602, 14.18356], [43.45253, 14.18305], [43.45579, 14.16443], [43.40987856700008, 14.162597062000032], [43.40535377500004, 14.16433736700003], [43.40369, 14.16681], [43.3875, 14.170189999000058], [43.38554, 14.16851], [43.370721710000055, 14.17443113400003], [43.36852, 14.17292], [43.34740162800006, 14.170602463000023], [43.34721, 14.16356], [43.34063, 14.16234], [43.31757, 14.16809], [43.31144, 14.16635], [43.30066898300004, 14.173961051000049], [43.29845222700004, 14.170080863000067], [43.29047, 14.16784], [43.29171, 14.1638], [43.28978, 14.15399], [43.28987, 14.14223], [43.28038, 14.1353], [43.27594, 14.12498], [43.28636, 13.90326], [43.3065, 13.90431], [43.34023, 13.91137], [43.35554, 13.92316], [43.36026, 13.92316], [43.36614, 13.92004], [43.38533, 13.94233], [43.38651, 13.94619], [43.39484, 13.96815], [43.40112, 13.97732], [43.40779, 13.980060001000027], [43.41213000100004, 13.972609999000042], [43.426090001000034, 13.97858], [43.41854000100005, 13.986300001000075], [43.416910001000076, 13.99446], [43.41862000100008, 13.999579999000048], [43.435830001000056, 13.99978], [43.44108, 13.99642], [43.45061, 13.99369], [43.45333, 13.985170001000029], [43.45662999900003, 13.980040001000077], [43.465050001000066, 13.97675], [43.484830001000034, 13.979479999000034], [43.4837, 13.99545], [43.49112000100007, 14.002240001000075], [43.49649, 14.021460001000037], [43.49590322200004, 14.032397905000039]]]}}, {"type": "Feature", "properties": {"zoneId": "YEM-al-hodeidah-al-mansuriyah"}, "geometry": {"type": "Polygon", "coordinates": [[[43.28363, 14.64829], [43.30141, 14.64868000100006], [43.32105000100006, 14.639800001000026], [43.34830000100004, 14.64682], [43.37025, 14.64697], [43.38267, 14.65532], [43.39174, 14.64961], [43.39707, 14.64291], [43.40431, 14.639], [43.41632, 14.63601], [43.4194, 14.63653], [43.42006, 14.6265], [43.422, 14.62553], [43.42442, 14.62577], [43.43315, 14.63377], [43.44212, 14.63692], [43.45487, 14.65033], [43.48492, 14.65297], [43.483100001000025, 14.66117], [43.47765, 14.67208], [43.477039999000056, 14.686010001000056], [43.47909, 14.693200001000037], [43.476060001000064, 14.69712000100003], [43.47161, 14.704570001000036], [43.472600001000046, 14.71469], [43.47083, 14.71753], [43.46318000100007, 14.72034], [43.45310999900005, 14.73567], [43.44721000100003, 14.74134], [43.441320001000065, 14.744150001000037], [43.435459999000045, 14.744689999000059], [43.42726, 14.742920001000073], [43.42142000100006, 14.739450001000023], [43.41276000100004, 14.721140001000038], [43.39814000100006, 14.717039999000065], [43.39299, 14.717599999000072], [43.3752, 14.70821], [43.36696000100005, 14.71621], [43.351270001000046, 14.72367], [43.32595999900008, 14.726800001000072], [43.31538, 14.73015], [43.293896741000026, 14.730482344000052], [43.27793, 14.72189], [43.26446000100003, 14.720070001000067], [43.260380001000044, 14.71719], [43.25983, 14.71148000100004], [43.27890000100007, 14.67226], [43.28314, 14.65688], [43.28363, 14.64829]]]}}, {"type": "Feature", "properties": {"zoneId": "YEM-al-hodeidah-al-marawi-ah"}, "geometry": {"type": "Polygon", "coordinates": [[[42.97349, 14.85263], [42.9782, 14.8368], [42.97869, 14.82304], [42.9805, 14.818459999000027], [42.99414, 14.8036], [43.00191, 14.79736], [43.02796, 14.78414], [43.03528, 14.78451], [43.05931, 14.79071], [43.07351, 14.79885], [43.06723763000008, 14.814084036000054], [43.067660068000066, 14.81739284300005], [43.06954024300006, 14.818935802000055], [43.074052745000074, 14.818166157000064], [43.07536, 14.81605], [43.07455, 14.80776], [43.08386, 14.801839999000038], [43.09758, 14.80384], [43.11343, 14.77681], [43.12492, 14.76999], [43.12991, 14.75893], [43.12356, 14.737699999000029], [43.12052, 14.71172], [43.12878, 14.69961], [43.14807, 14.71298], [43.15594, 14.7156], [43.16605, 14.71636], [43.16667, 14.72558], [43.16987, 14.73702], [43.17707, 14.75069], [43.18139, 14.75181], [43.18532, 14.75682], [43.19768, 14.76413], [43.23917, 14.76878], [43.24606, 14.77222], [43.25389, 14.77888], [43.25818, 14.79355], [43.26181, 14.79912], [43.27024, 14.80366], [43.28514, 14.8198], [43.29073, 14.82002], [43.30779, 14.815199999000072], [43.32304000100004, 14.820620001000066], [43.32494, 14.82715999900006], [43.33016, 14.83187], [43.33798000100006, 14.83408999900007], [43.33671, 14.83776], [43.36213000200007, 14.846990001000052], [43.366797648000045, 14.851249203000066], [43.39, 14.849410001000024], [43.40118, 14.85043], [43.40263, 14.85746], [43.40171, 14.85979], [43.39536, 14.865], [43.39442, 14.870260001000076], [43.39530000100007, 14.87348], [43.40249000100005, 14.876750001000062], [43.40310000100004, 14.880080001000067], [43.40677, 14.879660001000047], [43.4066, 14.883609999000043], [43.40316, 14.88796], [43.39196, 14.890839999000036], [43.39185, 14.89463], [43.38505, 14.89759], [43.38033, 14.9067], [43.37875, 14.9166], [43.38709, 14.91985], [43.38988, 14.91882], [43.39163, 14.9157], [43.39629, 14.91713], [43.39449, 14.92619], [43.39242, 14.927809999000033], [43.39301, 14.939519999000026], [43.39926, 14.94716], [43.40159, 14.95353], [43.4052, 14.95689], [43.40476, 14.95876], [43.40281, 14.95866], [43.40145, 14.96088], [43.40133, 14.96595], [43.39454, 14.967220001000044], [43.38397000100008, 14.972090001000026], [43.38056000100005, 14.97044], [43.37474, 14.97108], [43.36923, 14.96897], [43.36079, 14.96897], [43.35566000100005, 14.97303], [43.33933, 14.972840001000066], [43.33663, 14.979500001000076], [43.31376000100005, 14.97993], [43.29298, 14.98435], [43.27757, 14.98483], [43.24519, 14.97861], [43.2357, 14.97371], [43.196420001000035, 14.962120001000073], [43.18432, 14.96219], [43.17177802700007, 14.969400779000068], [43.16017, 14.96715000100005], [43.14983, 14.957160001000034], [43.1413, 14.953], [43.125770001000035, 14.946900001000074], [43.11022000100007, 14.9438], [43.09711, 14.939340001000062], [43.07612000100005, 14.928920001000051], [43.04534, 14.90512], [43.044230001000074, 14.90556], [43.02268, 14.88631], [42.98969, 14.86853], [42.97349, 14.85263]]]}}, {"type": "Feature", "properties": {"zoneId": "YEM-al-hodeidah-al-mighlaf"}, "geometry": {"type": "Polygon", "coordinates": [[[43.24760265000003, 15.354413836000049], [43.235461255000075, 15.358280595000053], [43.2284, 15.36236], [43.19124, 15.366140001000076], [43.18258, 15.36518], [43.14538, 15.36739], [43.12624, 15.36395], [43.09567627000007, 15.366439915000058], [43.09408, 15.35865], [43.09556, 15.35191], [43.10880000100008, 15.335970001000078], [43.10599, 15.332150001000059], [43.1073, 15.32565], [43.11865000100005, 15.30484], [43.12146, 15.28981], [43.13116, 15.281070001000046], [43.14190000100007, 15.27698], [43.146760001000075, 15.27182], [43.14498, 15.26029], [43.15112, 15.255130001000055], [43.17687, 15.25495], [43.23939999900006, 15.262710001000073], [43.25664000100005, 15.279720001000044], [43.27325950800008, 15.292607159000056], [43.262940514000036, 15.305017367000062], [43.252041975000054, 15.322436026000048], [43.24987276500008, 15.330245182000056], [43.24760265000003, 15.354413836000049]]]}}, {"type": "Feature", "properties": {"zoneId": "YEM-al-hodeidah-al-munirah"}, "geometry": {"type": "MultiPolygon", "coordinates": [[[[43.02192, 15.36831], [43.02658, 15.38404], [43.02586, 15.40143], [43.02805, 15.40767], [43.03236, 15.41023], [43.03773, 15.40979], [43.04211, 15.421559999000067], [43.04198, 15.42994999900003], [43.03719, 15.43005], [43.02993, 15.42771], [43.02872, 15.42196], [43.02234, 15.417229999000028], [43.01669, 15.39984], [43.00637149900007, 15.382551878000072], [43.00348605200003, 15.364481785000066], [43.01158, 15.3678], [43.02192, 15.36831]]], [[[42.778069704000075, 15.421847133000028], [42.78187081400006, 15.417719220000038], [42.78278864300006, 15.397443545000044], [42.78583416600003, 15.39256236400007], [42.78311471300003, 15.386719721000077], [42.783203042000025, 15.38349570400004], [42.78708952900007, 15.381243308000023], [42.78827475400004, 15.36776741400007], [42.79458074400003, 15.365477784000063], [42.79548126700007, 15.36401197300006], [42.79362586000008, 15.364313329000026], [42.79280333500003, 15.362762823000025], [42.794164755000054, 15.364105334000044], [42.79777629900008, 15.36212938500006], [42.79633924400008, 15.362345652000045], [42.79811770400005, 15.356391149000046], [42.80530141000003, 15.355254387000059], [42.81061944800007, 15.34926600800003], [42.81057475800003, 15.344931139000039], [42.80110060800007, 15.340998472000024], [42.79513581600003, 15.334943681000027], [42.793933983000045, 15.313424098000041], [42.79855455400008, 15.301828845000045], [42.80208611900008, 15.295389502000035], [42.80344804200007, 15.295695228000056], [42.80307935500008, 15.293080898000028], [42.80559313300006, 15.293282], [42.80398431500004, 15.291706700000077], [42.804758367000034, 15.290635534000046], [42.81119047800007, 15.288019825000049], [42.814207012000054, 15.281349934000048], [42.809816280000064, 15.268982147000031], [42.794364924000035, 15.253396723000037], [42.78903571500007, 15.244749327000022], [42.78524828900004, 15.245386151000048], [42.78363947200006, 15.243844367000065], [42.785583460000055, 15.236571170000047], [42.78122624500003, 15.232783744000074], [42.778243229000054, 15.236001379000072], [42.77428821700005, 15.233454085000062], [42.774858007000034, 15.228728182000054], [42.77807941900005, 15.226617880000049], [42.77971096400006, 15.222177938000073], [42.784382710000045, 15.217784060000042], [42.78380320000008, 15.214046960000076], [42.78645111700007, 15.211425789000032], [42.78626389000004, 15.20990123000007], [42.78807081700006, 15.209886341000072], [42.78904256900006, 15.208226593000063], [42.788091577000046, 15.20680010600006], [42.78937541600004, 15.197670587000061], [42.786640756000054, 15.20425547900004], [42.782274046000055, 15.204445823000071], [42.78162541700004, 15.188234710000074], [42.82312123600008, 15.168482613000037], [42.839240001000064, 15.158971733000044], [42.84579134400008, 15.153244913000037], [42.86825, 15.16417], [42.877011613000036, 15.183237364000036], [42.88657877300005, 15.193140214000039], [42.89614593400006, 15.197504183000035], [42.91763008600003, 15.200861082000074], [42.92870785200006, 15.205560739000077], [42.92921138600008, 15.209421173000067], [42.92635, 15.21131], [42.90537740600007, 15.213281607000056], [42.89614593400006, 15.215631435000034], [42.88892860300007, 15.222848767000073], [42.886746619000064, 15.231576704000076], [42.88758584300007, 15.239297571000066], [42.89563, 15.254379999000037], [42.92293, 15.277669999000068], [42.92416, 15.28138], [42.9356, 15.312419999000042], [42.94815, 15.3263], [42.95466, 15.33507], [42.96139, 15.35384], [42.9688, 15.35619], [42.98415, 15.35047], [42.9896, 15.35226], [42.99334, 15.35783], [42.98058, 15.37401999900004], [42.98406, 15.38988], [42.99095, 15.39986], [43.00344, 15.42648], [43.00239, 15.43158], [43.00344, 15.43368], [43.00715, 15.43787], [43.01657958200008, 15.438700290000043], [43.01728, 15.48117], [43.02231, 15.49914], [43.02839, 15.51285], [43.03083, 15.52961], [43.03235, 15.54716], [43.02425, 15.55384], [43.01624, 15.55221], [42.94005, 15.504949999000075], [42.89741, 15.48083], [42.82263, 15.42806], [42.778069704000075, 15.421847133000028]]]]}}, {"type": "Feature", "properties": {"zoneId": "YEM-al-hodeidah-al-qanawis"}, "geometry": {"type": "MultiPolygon", "coordinates": [[[[42.92416, 15.28138], [42.94529, 15.2813], [42.96497, 15.28544], [42.97425, 15.29107], [42.97435, 15.29603], [42.97218, 15.3023], [42.96455, 15.31334], [42.95213, 15.321259999000063], [42.94815, 15.3263], [42.9356, 15.312419999000042], [42.92416, 15.28138]]], [[[43.08279697000006, 15.366712303000043], [43.06596723700005, 15.365300993000062], [43.06526413800003, 15.360247055000059], [43.07021110200003, 15.357302937000043], [43.08357357500006, 15.361534938000034], [43.08279697000006, 15.366712303000043]]], [[[43.22658, 15.55821], [43.16533, 15.56012], [43.11235, 15.55524], [43.08021, 15.54286], [43.06625, 15.53366], [43.03083, 15.52961], [43.02839, 15.51285], [43.02231, 15.49914], [43.01728, 15.48117], [43.01657958200008, 15.438700290000043], [43.00715, 15.43787], [43.00344, 15.43368], [43.00239, 15.43158], [43.00344, 15.42648], [42.99095, 15.39986], [42.98406, 15.38988], [42.98058, 15.37401999900004], [42.99334, 15.35783], [42.9972, 15.35832], [43.00348605200003, 15.364481785000066], [43.00637149900007, 15.382551878000072], [43.01669, 15.39984], [43.02234, 15.417229999000028], [43.02872, 15.42196], [43.02993, 15.42771], [43.03719, 15.43005], [43.04198, 15.42994999900003], [43.04211, 15.421559999000067], [43.03773, 15.40979], [43.03236, 15.41023], [43.02805, 15.40767], [43.02586, 15.40143], [43.02658, 15.38404], [43.02192, 15.36831], [43.02647, 15.365799999000046], [43.02928, 15.36224], [43.03514, 15.36488999900007], [43.0466, 15.38499], [43.05128, 15.38804], [43.05412, 15.39674], [43.05878, 15.40104], [43.073450001000026, 15.40639], [43.07463000100006, 15.41127], [43.06859, 15.42271], [43.07510999900006, 15.4421], [43.081, 15.44268], [43.08638, 15.44013], [43.10507, 15.44548], [43.11317000100007, 15.43826], [43.11749725200008, 15.436150890000022], [43.11592, 15.429990002000068], [43.11167, 15.425790001000053], [43.10473, 15.42366000100003], [43.10269391500003, 15.42020774100007], [43.10350890600006, 15.414731121000045], [43.10635390900006, 15.410424935000037], [43.115336987000035, 15.404314916000033], [43.12673260300005, 15.39933837500007], [43.13297385900006, 15.400973155000031], [43.13696, 15.411470001000055], [43.15277000100008, 15.42697], [43.15822, 15.43924000100003], [43.20160000100003, 15.43821], [43.23022000100008, 15.440180001000044], [43.24355702100007, 15.437909816000058], [43.25084516800007, 15.451865141000042], [43.25114786100005, 15.457919029000038], [43.25026089100004, 15.463718672000027], [43.245785255000044, 15.472427247000041], [43.246933324000054, 15.494156804000056], [43.24498059500007, 15.509497090000025], [43.22489302200006, 15.505761496000048], [43.223340001000054, 15.513260001000049], [43.22357, 15.53899], [43.22658, 15.55821]]]]}}, {"type": "Feature", "properties": {"zoneId": "YEM-al-hodeidah-alluhayah"}, "geometry": {"type": "MultiPolygon", "coordinates": [[[[42.37995423800004, 15.51378122400007], [42.38436346200007, 15.505349229000046], [42.381263227000034, 15.513505647000045], [42.37995423800004, 15.51378122400007]]], [[[42.64778019900007, 15.54940595100004], [42.650381981000066, 15.550521722000042], [42.65389557000003, 15.555224259000056], [42.65518515000008, 15.566890564000062], [42.65136643300008, 15.567572486000074], [42.63443185400007, 15.551456505000033], [42.63305843300003, 15.546972335000078], [42.63545036700003, 15.54584410900003], [42.64778019900007, 15.54940595100004]]], [[[42.557175192000045, 15.574044955000033], [42.557664816000056, 15.575881045000074], [42.55893477800004, 15.576737887000036], [42.55973041800007, 15.579002398000057], [42.55870526700005, 15.576676684000063], [42.55697628300004, 15.575865744000055], [42.55039695900007, 15.570204466000064], [42.53934981700007, 15.56737382800003], [42.53559162300007, 15.563167061000058], [42.54002305000006, 15.562829504000035], [42.54856086900003, 15.565292925000051], [42.55607353800008, 15.571535632000064], [42.557175192000045, 15.574044955000033]]], [[[42.49821478700005, 15.593482669000025], [42.49616455700004, 15.591889585000047], [42.497702229000026, 15.590254943000048], [42.50207974500006, 15.593233317000056], [42.49821478700005, 15.593482669000025]]], [[[42.55432, 15.63333], [42.55039, 15.63647], [42.54765, 15.63568], [42.54725, 15.632149999000035], [42.55196, 15.630579999000076], [42.55432, 15.63333]]], [[[42.602660455000034, 15.649995700000034], [42.59990453300003, 15.651258532000043], [42.59071764300006, 15.65013626900003], [42.58574147000007, 15.646718239000052], [42.58701156800004, 15.643976877000057], [42.595076196000036, 15.637060611000038], [42.59742511600007, 15.632127877000073], [42.59739901700004, 15.625211611000054], [42.60063530800005, 15.622027518000039], [42.60379330200004, 15.621270644000049], [42.608778233000066, 15.62252340200007], [42.61436344400005, 15.626803657000039], [42.62201048600008, 15.630092146000038], [42.62816987800005, 15.628421802000048], [42.62963142900003, 15.626412171000027], [42.63451196400007, 15.626829757000053], [42.63915760800006, 15.631788589000053], [42.63613011000007, 15.630770724000058], [42.62923994300007, 15.631762490000028], [42.62245417100007, 15.63434630300003], [42.620705531000056, 15.636773521000066], [42.61527691400005, 15.639357334000067], [42.61042247700004, 15.639357334000067], [42.60815185400003, 15.641575759000034], [42.606533709000075, 15.646873880000044], [42.602660455000034, 15.649995700000034]]], [[[42.559947374000046, 15.70969378600006], [42.55120237600005, 15.709282090000045], [42.54650335800005, 15.70742235800003], [42.544247056000074, 15.70861650200004], [42.54166237700008, 15.707010662000073], [42.54266999500004, 15.705727057000047], [42.54728416200004, 15.705165126000054], [42.56115407000004, 15.705122537000022], [42.56910406900005, 15.707436554000026], [42.56603764100004, 15.709381465000035], [42.559947374000046, 15.70969378600006]]], [[[42.50974432000004, 15.712804043000062], [42.506214320000026, 15.715544042000033], [42.502684319000025, 15.714374042000031], [42.50778431900005, 15.710444043000052], [42.50974432000004, 15.712804043000062]]], [[[42.297013925000044, 15.713069821000033], [42.29276795700008, 15.714171614000065], [42.286681902000055, 15.710005007000063], [42.284317704000046, 15.703895544000034], [42.28450496700003, 15.693198133000067], [42.282538704000046, 15.686620512000047], [42.29081105600005, 15.684024575000024], [42.29502447900006, 15.669698939000057], [42.30182087500003, 15.662475180000058], [42.30700932500008, 15.659511819000045], [42.30762729400004, 15.662601662000043], [42.29880719600004, 15.693338579000056], [42.29915831400007, 15.699939609000069], [42.29700478800004, 15.70466800500003], [42.298502893000034, 15.711947862000045], [42.297013925000044, 15.713069821000033]]], [[[42.52089735800007, 15.717536838000058], [42.515676417000066, 15.71705423000003], [42.51319025500004, 15.715270043000032], [42.51776771900006, 15.713822219000065], [42.52089735800007, 15.717536838000058]]], [[[42.36712, 15.7183], [42.3624, 15.71948], [42.36554, 15.71359], [42.36829, 15.71359], [42.36712, 15.7183]]], [[[42.51243942200006, 15.723397412000054], [42.515534596000066, 15.726045192000072], [42.515344596000034, 15.73170519100006], [42.51342999500008, 15.733070706000035], [42.51014850200005, 15.73065276400007], [42.50865297300004, 15.72526885600007], [42.51004880000005, 15.723274816000071], [42.51243942200006, 15.723397412000054]]], [[[42.500667349000025, 15.722000061000074], [42.50515448700003, 15.723748725000064], [42.50644124000007, 15.726487200000065], [42.505088500000056, 15.73130427500007], [42.49957855800005, 15.733910775000027], [42.495982248000075, 15.731172301000072], [42.49225396300005, 15.722461973000065], [42.500667349000025, 15.722000061000074]]], [[[42.70882718100006, 15.736449765000032], [42.70718902100003, 15.734953175000044], [42.70399359800007, 15.735054296000044], [42.70369023400008, 15.733132997000041], [42.71034399500007, 15.733153221000066], [42.70824067900003, 15.735317210000062], [42.70882718100006, 15.736449765000032]]], [[[42.511832681000044, 15.735253170000021], [42.51039268100004, 15.736473170000068], [42.50840268200005, 15.735703170000022], [42.511832681000044, 15.735253170000021]]], [[[42.71649215300005, 15.740656399000045], [42.70919121600008, 15.739321602000075], [42.70700700300006, 15.737744114000066], [42.706966554000076, 15.736834025000064], [42.70862493900006, 15.73879577300005], [42.71305403900004, 15.737703665000026], [42.71649215300005, 15.740656399000045]]], [[[42.38878948400003, 15.747357837000038], [42.38068055900004, 15.74531040100004], [42.37752858400006, 15.73951831200003], [42.381919796000034, 15.734345842000039], [42.381030778000024, 15.731705727000076], [42.385287290000065, 15.725805878000074], [42.38534116900007, 15.722007346000055], [42.38272799400005, 15.717077334000066], [42.380384219000064, 15.718343512000047], [42.37806738300003, 15.716754055000024], [42.386068548000026, 15.700428446000046], [42.390325060000066, 15.701613804000033], [42.39164511700005, 15.705520096000043], [42.41362811700003, 15.708025511000073], [42.42572415400008, 15.707028734000062], [42.43030394500005, 15.704496378000044], [42.45188284400007, 15.701883204000069], [42.46015340800005, 15.699135328000068], [42.482082527000046, 15.701506044000041], [42.48345646400003, 15.707082614000058], [42.48243274600003, 15.710665627000026], [42.48558472000008, 15.716942634000077], [42.47583245900006, 15.717885533000072], [42.46449074000003, 15.716026677000059], [42.453687821000074, 15.71944805000004], [42.452448583000034, 15.722384505000036], [42.44210364200006, 15.720364009000036], [42.42938798600005, 15.72160324600003], [42.42739443000005, 15.723138823000056], [42.42903776800006, 15.724997680000058], [42.436419313000044, 15.722438385000032], [42.43760467100003, 15.723569863000023], [42.43286323900003, 15.726802657000064], [42.42356895700004, 15.72699123600006], [42.41680585100005, 15.731187787000067], [42.40832094600006, 15.733483764000027], [42.39611585100005, 15.741257788000041], [42.392210857000066, 15.746980678000057], [42.38878948400003, 15.747357837000038]]], [[[42.60730063300008, 15.739082635000045], [42.62044151500004, 15.755793366000034], [42.62221617200004, 15.764328034000073], [42.62890980900005, 15.76878], [42.62197530000003, 15.768360032000032], [42.615932790000045, 15.765626516000054], [42.61111316900008, 15.761454307000065], [42.60399164000006, 15.749944765000066], [42.60176166600007, 15.743398713000033], [42.60338124100008, 15.739464640000051], [42.60730063300008, 15.739082635000045]]], [[[42.45873768400003, 15.769602236000026], [42.462083620000044, 15.778121978000058], [42.454803113000025, 15.774404272000027], [42.45189091000003, 15.765326875000028], [42.45539175000005, 15.766163358000028], [42.45873768400003, 15.769602236000026]]], [[[42.29631, 15.74707], [42.3032, 15.76388], [42.30548, 15.77764], [42.30395, 15.7891], [42.29937, 15.79216], [42.29249, 15.79139], [42.28867, 15.787569999000027], [42.28638, 15.7593], [42.2795, 15.743249999000057], [42.2795, 15.73867], [42.28256, 15.73408], [42.29173, 15.734079999000073], [42.29631, 15.74707]]], [[[42.67845, 15.8164], [42.67814, 15.81898], [42.67555, 15.81834], [42.67652, 15.81479], [42.67845, 15.8164]]], [[[42.56655, 15.81444], [42.57047, 15.81561], [42.57008, 15.81954], [42.56184, 15.81954], [42.56184, 15.81404], [42.56655, 15.81444]]], [[[42.44445900200003, 15.846404363000033], [42.44284971400003, 15.846940793000044], [42.43932460700006, 15.84287925700005], [42.44108716000005, 15.841653132000033], [42.446451454000055, 15.846480997000072], [42.44445900200003, 15.846404363000033]]], [[[42.56990143200005, 15.860533588000067], [42.56548986000007, 15.859169584000028], [42.56387109700006, 15.854597915000056], [42.56682400500006, 15.853904159000024], [42.56911873400003, 15.855184938000036], [42.572818762000054, 15.86027247800007], [42.56990143200005, 15.860533588000067]]], [[[42.6791, 15.86215], [42.67104, 15.86312], [42.67008, 15.86118], [42.67427, 15.85989], [42.67814, 15.86118], [42.6791, 15.85893], [42.6791, 15.86215]]], [[[42.814826236000044, 15.864803447000043], [42.81204540900006, 15.862325983000062], [42.80888537800007, 15.862123740000072], [42.80559894600003, 15.857522736000021], [42.80572534700008, 15.85557615600004], [42.80415810100004, 15.855655617000025], [42.80269171700007, 15.853123973000038], [42.80157938600007, 15.853882379000027], [42.80140242400006, 15.85185996000007], [42.796523336000064, 15.84756231700004], [42.78904038300004, 15.843568038000058], [42.78714530000008, 15.837453027000038], [42.78624694700005, 15.838603453000076], [42.78540096300003, 15.837806951000061], [42.78600768900003, 15.836138453000046], [42.78388414800003, 15.835835090000046], [42.78433333100003, 15.834242850000066], [42.782569575000025, 15.832826741000076], [42.78393470900005, 15.830147035000039], [42.781735327000035, 15.828933583000037], [42.785224001000074, 15.828832462000037], [42.78188700900006, 15.827972934000059], [42.78401054900007, 15.827012284000034], [42.78279709700007, 15.824939303000065], [42.78550208400003, 15.823700572000064], [42.78323552200004, 15.823905960000047], [42.78433919200006, 15.822588240000073], [42.780901078000056, 15.817709152000077], [42.77922283400005, 15.818652237000038], [42.771876030000044, 15.809594193000066], [42.770839540000054, 15.810377881000022], [42.76952496700005, 15.809113868000054], [42.767654228000026, 15.802187079000078], [42.76469643900003, 15.798850087000062], [42.765011005000076, 15.795876930000077], [42.75845536800006, 15.786194865000027], [42.75635205100008, 15.786788109000042], [42.75343976700003, 15.785116241000026], [42.75087803500003, 15.781745542000067], [42.74397484100007, 15.780665232000047], [42.74408270300006, 15.767209398000034], [42.73812330700008, 15.754481636000037], [42.72285066500007, 15.742300770000043], [42.719331655000076, 15.741678875000048], [42.713628431000075, 15.729165152000064], [42.712354306000066, 15.724842230000036], [42.71343124500004, 15.722794529000055], [42.71064030500003, 15.723173733000067], [42.70528256800003, 15.720002728000054], [42.70286409500005, 15.722891460000028], [42.70135739800003, 15.72153557300004], [42.69980144800007, 15.727659076000066], [42.696923292000065, 15.72813687300004], [42.69605870700008, 15.726783116000036], [42.69562641500005, 15.729729529000053], [42.69316917500004, 15.72837577200005], [42.69351045800005, 15.725964035000061], [42.68999524000003, 15.721049556000025], [42.69419302500006, 15.712824626000042], [42.69120957300004, 15.710166317000073], [42.686950351000064, 15.697264956000026], [42.688479148000056, 15.695558852000033], [42.693509676000076, 15.69593463800004], [42.696658728000045, 15.69901842400003], [42.699469806000025, 15.699566739000034], [42.70834009300006, 15.698500058000036], [42.711708556000076, 15.686036744000035], [42.71020294500005, 15.684346058000074], [42.71109100500007, 15.681433178000077], [42.70592602800008, 15.681152472000065], [42.70962767900005, 15.680498965000027], [42.70615059100004, 15.675594508000074], [42.706375156000036, 15.673854135000056], [42.70452250100004, 15.67447168700005], [42.69872144300007, 15.665572594000025], [42.698234703000026, 15.661278539000023], [42.70087333200007, 15.658527627000069], [42.70059262800004, 15.657067960000063], [42.698739972000055, 15.657797794000032], [42.69829084400004, 15.654485471000044], [42.70094173800004, 15.64865777600005], [42.70394692600007, 15.647564981000073], [42.705645323000056, 15.641909875000067], [42.70364356300007, 15.634060834000024], [42.70244528200004, 15.633488717000034], [42.70019171100006, 15.63543865500003], [42.706712003000064, 15.627930752000054], [42.70902320000005, 15.618265734000033], [42.70648743800007, 15.61726395200003], [42.72220693400004, 15.607663831000025], [42.72501398600008, 15.604351509000026], [42.72495784600005, 15.59593035100005], [42.72375382200005, 15.59624963400006], [42.72237117100008, 15.591852930000073], [42.71608144500004, 15.584916030000045], [42.71480732100008, 15.578080251000074], [42.713411851000046, 15.57785778400006], [42.71171301900006, 15.573508739000033], [42.711500665000074, 15.568761108000047], [42.70495243400006, 15.561706239000046], [42.70101527200006, 15.562146966000057], [42.70033166600007, 15.557937543000037], [42.702711591000025, 15.553735946000074], [42.70768886900004, 15.550265955000043], [42.71629186000007, 15.550336471000037], [42.72336699700003, 15.548667585000032], [42.72468330100003, 15.545329813000023], [42.74164568900005, 15.534635435000041], [42.74425617000003, 15.531162230000064], [42.74312570500007, 15.529622716000063], [42.74486602700006, 15.530202823000025], [42.74729088300006, 15.52551502700004], [42.751967602000036, 15.523021554000024], [42.75568885400003, 15.515983532000064], [42.75620120100007, 15.510320756000056], [42.754879886000026, 15.507866887000034], [42.75884382900006, 15.498321066000074], [42.76598971200008, 15.49082462900003], [42.76362311300005, 15.48122928500004], [42.764821890000064, 15.477585942000076], [42.77417705500005, 15.468136755000046], [42.77591645800004, 15.464587434000066], [42.77375395800004, 15.453986480000026], [42.77656677500005, 15.445903656000041], [42.776723478000065, 15.440513076000059], [42.77907402200003, 15.437535720000028], [42.77760101400003, 15.435843328000033], [42.77590862200003, 15.437410358000022], [42.77317461700005, 15.431785644000058], [42.76964050600003, 15.429449848000047], [42.76672583100003, 15.419076114000063], [42.767728730000044, 15.417603107000048], [42.76982854900007, 15.41829260000003], [42.77239847700008, 15.423651840000048], [42.77577049700005, 15.426668053000071], [42.778069705000064, 15.424888020000026], [42.778069704000075, 15.421847133000028], [42.82263, 15.42806], [42.89741, 15.48083], [42.94005, 15.504949999000075], [43.01624, 15.55221], [43.02425, 15.55384], [43.03235, 15.54716], [43.03083, 15.52961], [43.06625, 15.53366], [43.08021, 15.54286], [43.11235, 15.55524], [43.16533, 15.56012], [43.15191, 15.61206], [43.14451, 15.6236], [43.12882, 15.63255], [43.11372, 15.63343], [43.08981, 15.63019], [43.08148, 15.63062], [43.05999, 15.64607], [43.04414, 15.65227], [43.0382, 15.66011], [43.01976, 15.66181], [43.00776, 15.66477], [42.99568, 15.67626], [42.98825, 15.69031], [42.97518, 15.697249999000064], [42.96846, 15.69454], [42.96144, 15.68933], [42.95807, 15.68868], [42.95571, 15.6898], [42.94959, 15.688639999000031], [42.94482, 15.69235], [42.93936, 15.69753], [42.93241, 15.716449999000076], [42.91759, 15.72848], [42.91103, 15.73991], [42.91164, 15.7496], [42.90344, 15.76083], [42.90037, 15.77474], [42.89746, 15.77666], [42.88898, 15.78879], [42.88235, 15.81918], [42.87189726300005, 15.825504571000067], [42.86016362500004, 15.838793300000077], [42.814826236000044, 15.864803447000043]]], [[[42.47840731400004, 15.856979685000056], [42.484921099000076, 15.860734690000072], [42.482292191000056, 15.861764659000073], [42.47978670400005, 15.860428158000047], [42.47718061300003, 15.857264892000046], [42.47840731400004, 15.856979685000056]]], [[[42.57099, 15.86391], [42.56942, 15.86862], [42.56549, 15.87098], [42.56392, 15.86744], [42.56432, 15.86431], [42.57099, 15.86391]]], [[[42.68399, 15.87927], [42.68342, 15.87698], [42.68457, 15.87583999900005], [42.69101, 15.87598], [42.69087, 15.87913], [42.68399, 15.87927]]], [[[42.2986, 15.83877], [42.30014, 15.843359999000029], [42.29478, 15.85864], [42.28714, 15.87011], [42.27721, 15.87545], [42.27491, 15.86934], [42.27491, 15.8617], [42.27644, 15.85024], [42.28178, 15.83954], [42.29095, 15.838009999000064], [42.2986, 15.83877]]], [[[42.66433, 15.89132], [42.66551, 15.89191], [42.66491, 15.893099999000071], [42.66259, 15.89302], [42.66433, 15.89132]]], [[[42.58149, 15.89404999900006], [42.58178, 15.89576], [42.58051, 15.89508], [42.58149, 15.89404999900006]]], [[[42.67037, 15.89819], [42.66633, 15.89725], [42.67018, 15.89595], [42.67037, 15.89819]]], [[[42.59106951900003, 15.91067011000007], [42.594368616000054, 15.917656351000062], [42.599583557000074, 15.923505542000044], [42.59683514200003, 15.924104556000032], [42.594086728000036, 15.922589404000064], [42.58890702200006, 15.915788839000072], [42.58901203600004, 15.910573269000054], [42.59112689600005, 15.909587286000033], [42.59106951900003, 15.91067011000007]]]]}}, {"type": "Feature", "properties": {"zoneId": "YEM-al-hodeidah-as-sukhnah"}, "geometry": {"type": "Polygon", "coordinates": [[[43.40118, 14.85043], [43.39, 14.849410001000024], [43.366797648000045, 14.851249203000066], [43.36213000200007, 14.846990001000052], [43.33671, 14.83776], [43.33798000100006, 14.83408999900007], [43.33016, 14.83187], [43.32494, 14.82715999900006], [43.32304000100004, 14.820620001000066], [43.30779, 14.815199999000072], [43.29073, 14.82002], [43.28514, 14.8198], [43.27024, 14.80366], [43.26181, 14.79912], [43.25818, 14.79355], [43.25389, 14.77888], [43.24606, 14.77222], [43.23917, 14.76878], [43.19768, 14.76413], [43.18532, 14.75682], [43.18139, 14.75181], [43.17707, 14.75069], [43.16987, 14.73702], [43.16667, 14.72558], [43.16605, 14.71636], [43.213585282000054, 14.685670878000053], [43.23164, 14.67976], [43.23504, 14.67978], [43.240708906000066, 14.669576695000046], [43.24287, 14.65613], [43.24981, 14.65481], [43.25277, 14.64276], [43.25544, 14.64089], [43.26452, 14.64009], [43.27681, 14.64961], [43.28363, 14.64829], [43.28314, 14.65688], [43.27890000100007, 14.67226], [43.25983, 14.71148000100004], [43.260380001000044, 14.71719], [43.26446000100003, 14.720070001000067], [43.27793, 14.72189], [43.293896741000026, 14.730482344000052], [43.31538, 14.73015], [43.32595999900008, 14.726800001000072], [43.351270001000046, 14.72367], [43.36696000100005, 14.71621], [43.3752, 14.70821], [43.39299, 14.717599999000072], [43.39814000100006, 14.717039999000065], [43.41276000100004, 14.721140001000038], [43.42142000100006, 14.739450001000023], [43.42726, 14.742920001000073], [43.435459999000045, 14.744689999000059], [43.441320001000065, 14.744150001000037], [43.44721000100003, 14.74134], [43.45310999900005, 14.73567], [43.46318000100007, 14.72034], [43.47083, 14.71753], [43.472600001000046, 14.71469], [43.47161, 14.704570001000036], [43.476060001000064, 14.69712000100003], [43.48035000100003, 14.69896], [43.48674, 14.706000001000064], [43.51157000100005, 14.71812], [43.514, 14.72115], [43.51371, 14.7292], [43.51157, 14.7363], [43.49704, 14.756299999000078], [43.48190121600004, 14.798112767000077], [43.473205576000055, 14.81190635400003], [43.473238808000076, 14.815827802000058], [43.47241648000005, 14.818333492000022], [43.46421730800006, 14.821418247000054], [43.462625365000065, 14.817147048000038], [43.447539937000045, 14.817203625000047], [43.43815745000006, 14.813668627000027], [43.43231624400005, 14.813944531000061], [43.42742997400006, 14.816751557000032], [43.42109525500007, 14.817970573000025], [43.402400001000046, 14.838430001000063], [43.40069, 14.842070001000025], [43.40205000100008, 14.84884], [43.40118, 14.85043]]]}}, {"type": "Feature", "properties": {"zoneId": "YEM-al-hodeidah-at-tuhayta"}, "geometry": {"type": "MultiPolygon", "coordinates": [[[[42.70059, 13.96497], [42.70165, 13.96813], [42.69869, 13.968129999000041], [42.69869, 13.96454], [42.70059, 13.96497]]], [[[43.28636, 13.90326], [43.27594, 14.12498], [43.28038, 14.1353], [43.28987, 14.14223], [43.28978, 14.15399], [43.29171, 14.1638], [43.29047, 14.16784], [43.29845222700004, 14.170080863000067], [43.30066898300004, 14.173961051000049], [43.30149, 14.18739], [43.29596, 14.19925], [43.29575, 14.21443], [43.26502, 14.21928], [43.12039, 14.26159], [43.11351, 14.27814], [43.055390001000035, 14.26455], [43.050529555000026, 14.264423327000031], [43.068999104000056, 14.232575835000034], [43.07179449500006, 14.224788674000024], [43.07618725200007, 14.202625216000058], [43.07491585100007, 14.196268971000052], [43.07628708800007, 14.187949412000023], [43.075488404000055, 14.182658136000043], [43.08805518500003, 14.153253492000033], [43.08973990800007, 14.13988802800003], [43.08844828700006, 14.134777704000044], [43.089122176000046, 14.12388316700003], [43.09541180600007, 14.109899971000061], [43.10557629700003, 14.094232053000042], [43.10849648200008, 14.087324692000038], [43.10596939900006, 14.074408487000028], [43.097377315000074, 14.063513950000072], [43.11186592800004, 14.056213487000036], [43.11663930800006, 14.051664736000077], [43.12247967800005, 14.04239876400004], [43.12337819700008, 14.032908161000023], [43.12719690100005, 14.026169272000061], [43.138989957000035, 14.01622941000005], [43.14629042000007, 14.006851123000047], [43.14550421700005, 13.986746769000035], [43.15551627600007, 13.97494808700003], [43.16032714000005, 13.953169464000041], [43.168358528000056, 13.948597022000058], [43.17089350900005, 13.944593174000033], [43.18965710400005, 13.933624053000074], [43.20125882000008, 13.917301309000038], [43.19884937000006, 13.912278095000033], [43.20069729900007, 13.909743114000037], [43.20060253300005, 13.90559711700007], [43.21292206600003, 13.89991118000006], [43.21120971300007, 13.896026663000043], [43.21292206500004, 13.893704030000038], [43.21157165600005, 13.896262703000048], [43.21356173400005, 13.899626883000053], [43.214011870000036, 13.89799217500007], [43.214888452000025, 13.899247820000028], [43.21706806200007, 13.897850027000061], [43.21439093300006, 13.895125515000075], [43.21775767300005, 13.897272454000074], [43.24111, 13.90091], [43.28636, 13.90326]]]]}}, {"type": "Feature", "properties": {"zoneId": "YEM-al-hodeidah-az-zaydiah"}, "geometry": {"type": "Polygon", "coordinates": [[[43.00348605200003, 15.364481785000066], [42.9972, 15.35832], [42.99334, 15.35783], [42.9896, 15.35226], [42.98415, 15.35047], [42.9688, 15.35619], [42.96139, 15.35384], [42.95466, 15.33507], [42.94815, 15.3263], [42.95213, 15.321259999000063], [42.96455, 15.31334], [42.97218, 15.3023], [42.97435, 15.29603], [42.97425, 15.29107], [42.96497, 15.28544], [42.94529, 15.2813], [42.92416, 15.28138], [42.92293, 15.277669999000068], [42.89563, 15.254379999000037], [42.88758584300007, 15.239297571000066], [42.886746619000064, 15.231576704000076], [42.88892860300007, 15.222848767000073], [42.89614593400006, 15.215631435000034], [42.90537740600007, 15.213281607000056], [42.92635, 15.21131], [42.92921138600008, 15.209421173000067], [42.92870785200006, 15.205560739000077], [42.91763008600003, 15.200861082000074], [42.89614593400006, 15.197504183000035], [42.88657877300005, 15.193140214000039], [42.877011613000036, 15.183237364000036], [42.86825, 15.16417], [42.87278, 15.16421], [42.87448, 15.1626], [42.88086, 15.16331], [42.88722, 15.161419999000032], [42.90203, 15.16284], [42.92047, 15.15607], [42.93268, 15.15531], [42.9518, 15.1594], [42.96491, 15.15886], [42.97061, 15.154689999000027], [42.97767, 15.155039999000053], [42.9853, 15.15768], [42.98481, 15.15951], [43.00066, 15.18218], [43.02853, 15.213699999000028], [43.0525, 15.2243], [43.07421, 15.248369999000033], [43.0891, 15.25837], [43.10514, 15.25954], [43.13193, 15.2551], [43.14498, 15.26029], [43.146760001000075, 15.27182], [43.14190000100007, 15.27698], [43.13116, 15.281070001000046], [43.12146, 15.28981], [43.11865000100005, 15.30484], [43.1073, 15.32565], [43.10599, 15.332150001000059], [43.10880000100008, 15.335970001000078], [43.09556, 15.35191], [43.09408, 15.35865], [43.09567627000007, 15.366439915000058], [43.12624, 15.36395], [43.14538, 15.36739], [43.18258, 15.36518], [43.19124, 15.366140001000076], [43.2284, 15.36236], [43.235461255000075, 15.358280595000053], [43.24760265000003, 15.354413836000049], [43.25198000100005, 15.36194000100005], [43.25185000100004, 15.37051], [43.25579000100004, 15.3901], [43.25708000100008, 15.39114999900005], [43.25054873700003, 15.418476335000037], [43.23981616000003, 15.430713085000036], [43.24355702100007, 15.437909816000058], [43.23022000100008, 15.440180001000044], [43.20160000100003, 15.43821], [43.15822, 15.43924000100003], [43.15277000100008, 15.42697], [43.13696, 15.411470001000055], [43.13297385900006, 15.400973155000031], [43.12673260300005, 15.39933837500007], [43.115336987000035, 15.404314916000033], [43.10635390900006, 15.410424935000037], [43.10350890600006, 15.414731121000045], [43.10269391500003, 15.42020774100007], [43.10473, 15.42366000100003], [43.11167, 15.425790001000053], [43.11592, 15.429990002000068], [43.11749725200008, 15.436150890000022], [43.11317000100007, 15.43826], [43.10507, 15.44548], [43.08638, 15.44013], [43.081, 15.44268], [43.07510999900006, 15.4421], [43.06859, 15.42271], [43.07463000100006, 15.41127], [43.073450001000026, 15.40639], [43.05878, 15.40104], [43.05412, 15.39674], [43.05128, 15.38804], [43.0466, 15.38499], [43.03514, 15.36488999900007], [43.02928, 15.36224], [43.02647, 15.365799999000046], [43.02192, 15.36831], [43.01158, 15.3678], [43.00348605200003, 15.364481785000066]], [[43.08279697000006, 15.366712303000043], [43.08357357500006, 15.361534938000034], [43.07021110200003, 15.357302937000043], [43.06526413800003, 15.360247055000059], [43.06596723700005, 15.365300993000062], [43.08279697000006, 15.366712303000043]]]}}, {"type": "Feature", "properties": {"zoneId": "YEM-al-hodeidah-az-zuhrah"}, "geometry": {"type": "Polygon", "coordinates": [[[42.88235, 15.81918], [42.88898, 15.78879], [42.89746, 15.77666], [42.90037, 15.77474], [42.90344, 15.76083], [42.91164, 15.7496], [42.91103, 15.73991], [42.91759, 15.72848], [42.93241, 15.716449999000076], [42.93936, 15.69753], [42.94482, 15.69235], [42.94959, 15.688639999000031], [42.95571, 15.6898], [42.95807, 15.68868], [42.96144, 15.68933], [42.96846, 15.69454], [42.97518, 15.697249999000064], [42.98825, 15.69031], [42.99568, 15.67626], [43.00776, 15.66477], [43.01976, 15.66181], [43.0382, 15.66011], [43.04414, 15.65227], [43.05999, 15.64607], [43.08148, 15.63062], [43.08981, 15.63019], [43.11372, 15.63343], [43.12882, 15.63255], [43.14451, 15.6236], [43.15191, 15.61206], [43.16533, 15.56012], [43.22658, 15.55821], [43.2279, 15.57028], [43.22454, 15.59017], [43.22251, 15.62038], [43.23509000100006, 15.668420001000072], [43.24334, 15.68223000100005], [43.24454, 15.68434], [43.24361, 15.68788], [43.23092, 15.69269], [43.22455, 15.69856], [43.21477, 15.712], [43.21394, 15.724809999000058], [43.2238, 15.74326], [43.23548, 15.75791], [43.2397, 15.76661], [43.24437, 15.80685], [43.24479, 15.84012], [43.24311, 15.86922], [43.23913, 15.874029999000072], [43.22359, 15.881679999000028], [43.21245, 15.8852], [43.20419, 15.88472], [43.180326422000064, 15.873420692000025], [43.13285808400008, 15.856631997000022], [43.10269061300005, 15.842814834000023], [43.03053109800004, 15.820863419000034], [42.96643, 15.814], [42.94291434000007, 15.813444427000036], [42.92778556300004, 15.813804635000054], [42.88235, 15.81918]]]}}, {"type": "Feature", "properties": {"zoneId": "YEM-al-hodeidah-jabal-ras"}, "geometry": {"type": "Polygon", "coordinates": [[[43.75066835600006, 14.105041475000064], [43.73092, 14.08486], [43.71884, 14.07459], [43.70541, 14.06817], [43.69289, 14.06629], [43.67896, 14.06667], [43.67544416900006, 14.071003165000036], [43.66126, 14.07699], [43.64353, 14.0914], [43.62859, 14.10581], [43.60201, 14.12424], [43.58583, 14.13156], [43.56965, 14.1292], [43.56533, 14.13078], [43.56005, 14.13039], [43.5523, 14.12848], [43.54208, 14.12977], [43.53802478000006, 14.132953130000033], [43.53184, 14.13243], [43.52159, 14.13917], [43.51222, 14.151339999000072], [43.50437711300003, 14.152851355000053], [43.50364, 14.144339999000067], [43.505, 14.13683], [43.49681, 14.127609999000072], [43.49544, 14.119419999000058], [43.49203, 14.116689999000073], [43.48361, 14.113499999000055], [43.47913, 14.10129], [43.4787, 14.09449], [43.48574, 14.0823], [43.49046, 14.0701], [43.49590322200004, 14.032397905000039], [43.51392521300005, 14.034561578000023], [43.537785384000074, 14.032576150000068], [43.54799, 14.00112], [43.55328, 13.97305], [43.55841, 13.96856], [43.57281, 13.96636], [43.57656, 13.964149999000028], [43.57665, 13.96128], [43.59278, 13.96241], [43.60069999900003, 13.95747], [43.60629000100005, 13.94554], [43.61027, 13.921610001000033], [43.610106709000036, 13.907325359000026], [43.61771173400007, 13.907666797000047], [43.62258295600003, 13.912746312000024], [43.62494672500003, 13.91315588200007], [43.63323628900008, 13.911815657000034], [43.639410404000046, 13.913831351000056], [43.644938394000064, 13.910725264000064], [43.65448220700006, 13.91033118200005], [43.65564360500008, 13.91250152400005], [43.657437206000054, 13.912148186000024], [43.65874387500003, 13.914169583000046], [43.661885211000026, 13.914583078000021], [43.66801359800007, 13.919831652000028], [43.67748000100005, 13.91848], [43.68586000100004, 13.9149], [43.68866000100007, 13.910380001000021], [43.70022000100005, 13.90688], [43.70813163100007, 13.907288151000046], [43.71050289400006, 13.91081004700004], [43.71016803800006, 13.922598100000073], [43.70619000100004, 13.92951000100004], [43.68250000100005, 13.933910001000072], [43.67085, 13.94246], [43.65166, 13.96772], [43.65273, 13.98103], [43.66078, 13.998590001000025], [43.66968, 14.00389], [43.67879, 14.00552], [43.68712505000008, 14.003196081000056], [43.691821090000076, 13.992996867000045], [43.70124, 13.98522], [43.70666672900006, 13.975595977000069], [43.70503800100005, 13.95845361000005], [43.70548590100003, 13.95674344500003], [43.70849904800008, 13.956051236000064], [43.71175650600003, 13.959634438000023], [43.714189299000054, 13.969075129000032], [43.71799916900005, 13.971752335000076], [43.72038876600004, 13.968796036000072], [43.72161031300004, 13.969243935000065], [43.73165, 14.02089], [43.73597, 14.0309], [43.74485, 14.04285], [43.75366, 14.05025], [43.76866, 14.04811], [43.77329, 14.04993999900006], [43.77696, 14.05722], [43.77451, 14.06848], [43.75697866100006, 14.092494239000075], [43.75066835600006, 14.105041475000064]]]}}, {"type": "Feature", "properties": {"zoneId": "YEM-al-jawf-al-humaydat"}, "geometry": {"type": "Polygon", "coordinates": [[[44.629045888000064, 16.437482429000056], [44.598002414000064, 16.45610644800007], [44.57380659900008, 16.457689041000037], [44.55176812500008, 16.461806729000045], [44.53909465800007, 16.465178414000036], [44.53007229900004, 16.46961490500007], [44.52273742700004, 16.47481571900005], [44.51821769900005, 16.48034885000004], [44.51346099600005, 16.490446537000025], [44.50528374600003, 16.516296837000027], [44.500644273000034, 16.52400314700003], [44.48555, 16.53379], [44.41804427100004, 16.57171621400005], [44.40214, 16.56633], [44.3891, 16.55972], [44.37429, 16.5467], [44.36461, 16.52788], [44.36662, 16.51146], [44.36563, 16.508], [44.36349, 16.50675], [44.3448, 16.50215], [44.32354, 16.50265], [44.31799, 16.49764], [44.31787, 16.49415], [44.3075, 16.48892], [44.26185729100007, 16.488598582000066], [44.26195, 16.43984], [44.25794, 16.40499], [44.25868, 16.39876], [44.26758, 16.38906], [44.29047, 16.37692], [44.29298, 16.37492], [44.29402848900003, 16.371416555000053], [44.31037, 16.37124], [44.34867, 16.37664], [44.41557, 16.36211], [44.44843, 16.37079], [44.4503, 16.37235], [44.46327, 16.38939], [44.4773, 16.39769], [44.5152, 16.39188], [44.5421, 16.38191], [44.60077, 16.38833], [44.629045888000064, 16.437482429000056]]]}}, {"type": "Feature", "properties": {"zoneId": "YEM-al-jawf-al-maslub"}, "geometry": {"type": "Polygon", "coordinates": [[[44.48439, 16.02024], [44.57504617400008, 16.00187415000005], [44.5928, 16.02845], [44.67574, 16.15252], [44.69818, 16.18608], [44.64767818200005, 16.18817281300005], [44.59513, 16.19034], [44.49806, 16.188319999000043], [44.49476, 16.17803], [44.49152, 16.174019999000052], [44.48366, 16.17548], [44.44003, 16.16885], [44.43528, 16.14004], [44.47139, 16.10022], [44.49057, 16.05763999900006], [44.48439, 16.02024]]]}}, {"type": "Feature", "properties": {"zoneId": "YEM-al-jawf-al-matammah"}, "geometry": {"type": "Polygon", "coordinates": [[[44.29402848900003, 16.371416555000053], [44.2941, 16.34972], [44.29211, 16.34026], [44.28606, 16.32453], [44.27701, 16.31193999900006], [44.27386, 16.30345], [44.2786, 16.30337], [44.28228, 16.2978], [44.28677, 16.294979999000077], [44.29635, 16.29551], [44.30186, 16.29135], [44.30309, 16.27731], [44.30208, 16.27236], [44.29748, 16.26599], [44.29498, 16.25074], [44.26462, 16.21364], [44.26377, 16.21049], [44.26636, 16.20837], [44.28389, 16.20241999900003], [44.29123, 16.18570999900004], [44.2904, 16.17886], [44.28802, 16.173949999000058], [44.28766, 16.16812], [44.28931, 16.16192999900005], [44.28609, 16.15387], [44.28716, 16.14777], [44.27819, 16.13923], [44.27592, 16.13359], [44.27708, 16.13072], [44.27938, 16.12907], [44.28131, 16.12334], [44.29455, 16.11432], [44.30714, 16.0978], [44.31936, 16.07861], [44.324630385000034, 16.064150479000034], [44.33015664800007, 16.059062938000068], [44.35720384100006, 16.046818230000042], [44.372752207000076, 16.037973260000058], [44.38287, 16.03002], [44.426715331000025, 16.031815880000067], [44.48439, 16.02024], [44.49057, 16.05763999900006], [44.47139, 16.10022], [44.43528, 16.14004], [44.44003, 16.16885], [44.48366, 16.17548], [44.49152, 16.174019999000052], [44.49476, 16.17803], [44.49806, 16.188319999000043], [44.51037, 16.23969], [44.51865, 16.26389], [44.51388, 16.26734], [44.51148, 16.27425], [44.51145, 16.28577], [44.50665, 16.29497], [44.49831, 16.29495], [44.48281, 16.29031], [44.47684, 16.29491], [44.47732, 16.2987], [44.47298, 16.30158], [44.47597, 16.304199999000048], [44.47606, 16.30623999900007], [44.47151, 16.30755], [44.47517, 16.31036], [44.4712, 16.30931], [44.46784, 16.30614], [44.46543, 16.30716], [44.4608, 16.31562], [44.46335, 16.32003], [44.45877, 16.32344], [44.46062, 16.32903], [44.46109, 16.32682999900004], [44.46325, 16.3274], [44.46378, 16.33114], [44.46061, 16.33285], [44.44811, 16.33282], [44.45405, 16.33861], [44.4588, 16.35014], [44.45758, 16.35936], [44.4503, 16.37235], [44.44843, 16.37079], [44.41557, 16.36211], [44.34867, 16.37664], [44.31037, 16.37124], [44.29402848900003, 16.371416555000053]]]}}, {"type": "Feature", "properties": {"zoneId": "YEM-al-jawf-al-mutun"}, "geometry": {"type": "Polygon", "coordinates": [[[44.60077, 16.38833], [44.5472, 16.29737], [44.54245, 16.28699], [44.53531, 16.28237], [44.53176, 16.27199], [44.51865, 16.26389], [44.51037, 16.23969], [44.49806, 16.188319999000043], [44.59513, 16.19034], [44.64767818200005, 16.18817281300005], [44.65706608600004, 16.21469311000004], [44.66149868100007, 16.23261285500007], [44.665219437000076, 16.26579023200003], [44.67100713200006, 16.295985268000038], [44.689973559000066, 16.356883267000057], [44.688929184000074, 16.365506237000034], [44.68547843500005, 16.37478903500005], [44.68615131000007, 16.383746243000076], [44.690950463000036, 16.391050990000053], [44.704042033000064, 16.39974755700007], [44.69360162800007, 16.41285808300006], [44.674579563000066, 16.423970679000035], [44.66429577900004, 16.428166399000077], [44.636409968000066, 16.43450573000007], [44.629045888000064, 16.437482429000056], [44.60077, 16.38833]]]}}, {"type": "Feature", "properties": {"zoneId": "YEM-al-jawf-az-zahir"}, "geometry": {"type": "Polygon", "coordinates": [[[45.4697, 13.90108], [45.46761, 13.92206], [45.46822, 13.9295], [45.4711, 13.93624], [45.48135, 13.94901], [45.48598, 13.96626], [45.49302, 13.9767], [45.49391, 14.03382], [45.47822, 14.02919], [45.448624851000034, 14.028036032000045], [45.43562, 14.03017], [45.42774, 14.03341], [45.421, 14.04062], [45.40938, 14.06135], [45.40489, 14.06402], [45.38764298700005, 14.096986166000022], [45.37570600500004, 14.086754029000076], [45.36728461900003, 14.075284134000071], [45.36025, 14.06955], [45.35462335400007, 14.057889643000067], [45.36245, 14.05709], [45.36888, 14.05378], [45.37278, 14.04787], [45.37008, 14.03407], [45.37127, 14.02697], [45.38058, 14.00751], [45.38186, 14.00058], [45.38347, 13.98598], [45.38317, 13.97155], [45.37633, 13.92942], [45.37695, 13.92253], [45.381295100000045, 13.911313428000028], [45.39503, 13.90631], [45.42286, 13.9027], [45.45732, 13.90275], [45.4697, 13.90108]]]}}, {"type": "Feature", "properties": {"zoneId": "YEM-al-jawf-barat-al-anan"}, "geometry": {"type": "Polygon", "coordinates": [[[44.95283411100007, 17.052686255000026], [44.90854613600004, 17.05493158300004], [44.85660693700004, 17.063436271000057], [44.845476476000044, 17.066415177000067], [44.83499058500007, 17.071758758000044], [44.79918612600005, 17.095187362000047], [44.781192098000076, 17.099524855000027], [44.749479800000074, 17.102848558000062], [44.64639386500005, 17.103752761000067], [44.553524795000044, 17.107738717000075], [44.54279337300005, 17.103358747000073], [44.53194050800005, 17.095990948000065], [44.51937034900004, 17.07735507900003], [44.50163589400006, 17.060286458000064], [44.48032809100005, 17.054657338000027], [44.42417162300006, 17.021972860000062], [44.404290649000075, 17.009096568000075], [44.402358271000026, 17.006601768000053], [44.39230113000008, 16.985420969000074], [44.37754, 16.96317], [44.37763, 16.95501], [44.37397, 16.94684], [44.35744, 16.93104], [44.34737, 16.91693], [44.34254, 16.91709], [44.33778, 16.91972], [44.33277, 16.91815], [44.32887, 16.91204], [44.32796, 16.90164], [44.33127, 16.89453], [44.32968, 16.89188], [44.31658, 16.89172], [44.3138, 16.88769], [44.31727, 16.87041], [44.31277, 16.8662], [44.30413, 16.8676], [44.2915, 16.88135], [44.28871, 16.87985], [44.28664, 16.86364], [44.27981, 16.84907], [44.27439, 16.84482], [44.25054, 16.808609999000055], [44.24308, 16.80506], [44.18451, 16.7937], [44.16718, 16.7937], [44.14758, 16.780849999000054], [44.10914, 16.76251], [44.121001539000076, 16.739672106000057], [44.121089881000046, 16.720396910000034], [44.19785199000006, 16.689335888000073], [44.20877462400006, 16.68299690400005], [44.22974153800004, 16.66526217200004], [44.28526779500004, 16.642528878000064], [44.32774919700006, 16.62273414400005], [44.33129, 16.65046], [44.33797, 16.67587], [44.3419, 16.68534], [44.34627, 16.71122], [44.35745, 16.73298], [44.36123, 16.7378], [44.3612, 16.74204], [44.364775234000035, 16.744554384000025], [44.36703312900005, 16.750211317000037], [44.38241186600004, 16.752052631000026], [44.391728010000065, 16.751282658000036], [44.40385631200007, 16.755771608000032], [44.41144, 16.76042], [44.44212, 16.76298], [44.4466, 16.7655], [44.45316080400005, 16.76448301100004], [44.45641093300003, 16.761899223000057], [44.46434061000008, 16.763581760000022], [44.481977390000054, 16.773198725000043], [44.50511, 16.79428], [44.51402755300006, 16.800297537000063], [44.53858, 16.80236], [44.58783080300003, 16.798755], [44.603449504000025, 16.80486852300004], [44.62635172200004, 16.82109374500004], [44.63832918700007, 16.833701439000038], [44.64763996100004, 16.846817612000052], [44.65376641200004, 16.851451561000033], [44.66336404800006, 16.854293016000042], [44.67830606200005, 16.85174835400005], [44.69030731400005, 16.85305113000004], [44.69750570000008, 16.85537363700007], [44.72282155200003, 16.87261925200005], [44.73268522300003, 16.877512756000044], [44.74361758900005, 16.881636538000066], [44.777759106000076, 16.887584280000056], [44.796694014000025, 16.894539276000046], [44.814825624000036, 16.90585849200005], [44.82576452200004, 16.906638689000033], [44.835367845000064, 16.90921528100006], [44.84336727900006, 16.915643162000038], [44.84683196700007, 16.920783064000034], [44.85108829600006, 16.93748235000004], [44.854288893000046, 16.939796428000022], [44.861492259000045, 16.942626937000057], [44.87136739700003, 16.94134907700004], [44.88593, 16.95181], [44.95286050500005, 16.94714041000003], [44.95283411100007, 17.052686255000026]]]}}, {"type": "Feature", "properties": {"zoneId": "YEM-al-jawf-khab-wa-ash-sha-f"}, "geometry": {"type": "Polygon", "coordinates": [[[47.002411506000044, 16.95000094100004], [47.0, 16.95], [46.75, 17.283333330000062], [46.36666667000003, 17.23333333000005], [46.1, 17.249999999000067], [45.75009256000004, 17.29197036900007], [45.4, 17.333333330000073], [45.21666667000005, 17.43333333000004], [44.953271002000065, 17.43353380900004], [44.95296943300008, 17.233346244000074], [44.951174922000064, 17.232914669000024], [44.95315116100005, 17.23021649900005], [44.95283411100007, 17.052686255000026], [44.95286050500005, 16.94714041000003], [44.88593, 16.95181], [44.87136739700003, 16.94134907700004], [44.861492259000045, 16.942626937000057], [44.854288893000046, 16.939796428000022], [44.85108829600006, 16.93748235000004], [44.84683196700007, 16.920783064000034], [44.84336727900006, 16.915643162000038], [44.835367845000064, 16.90921528100006], [44.82576452200004, 16.906638689000033], [44.814825624000036, 16.90585849200005], [44.796694014000025, 16.894539276000046], [44.777759106000076, 16.887584280000056], [44.74361758900005, 16.881636538000066], [44.73268522300003, 16.877512756000044], [44.72282155200003, 16.87261925200005], [44.69750570000008, 16.85537363700007], [44.69030731400005, 16.85305113000004], [44.67830606200005, 16.85174835400005], [44.66336404800006, 16.854293016000042], [44.65376641200004, 16.851451561000033], [44.64763996100004, 16.846817612000052], [44.63832918700007, 16.833701439000038], [44.62635172200004, 16.82109374500004], [44.603449504000025, 16.80486852300004], [44.58783080300003, 16.798755], [44.615300465000075, 16.78919813600004], [44.64163793000006, 16.78197479800002], [44.65464949100004, 16.77379097200003], [44.66022, 16.683389999000042], [44.66784, 16.644179999000073], [44.67938, 16.62048], [44.69163, 16.57595], [44.69501, 16.554969999000036], [44.69086, 16.533159999000077], [44.629045888000064, 16.437482429000056], [44.636409968000066, 16.43450573000007], [44.66429577900004, 16.428166399000077], [44.674579563000066, 16.423970679000035], [44.69360162800007, 16.41285808300006], [44.704042033000064, 16.39974755700007], [44.71122597600004, 16.39358966700007], [44.72080514800007, 16.388031967000074], [44.737493534000066, 16.380920311000068], [44.76381068500007, 16.382717798000044], [44.79055583100006, 16.379621111000063], [44.840883276000056, 16.365738472000032], [44.87847191600008, 16.345654652000064], [44.92921830300003, 16.29954948900007], [44.94962050200007, 16.289908445000037], [44.96481460600006, 16.28678646800006], [44.98436875300007, 16.289370381000026], [45.023438344000056, 16.285609795000028], [45.04379950200007, 16.229441806000068], [45.04452, 16.19215], [45.12536, 16.162929999000028], [45.20582, 16.09342], [45.24125, 15.98873], [45.25129, 15.75387], [45.48113, 15.75391], [45.48926, 15.757689999000036], [45.50422, 15.76942], [45.53416, 15.79895], [45.54689, 15.81549], [45.59086, 15.87977999900005], [45.63361, 15.92159], [45.67278, 15.94869], [45.71034, 15.9697], [45.74018, 15.98408], [45.78445, 16.00123], [45.8221, 16.01179], [46.00332, 16.04005], [46.44588, 16.113089999000067], [46.810777915000074, 16.16194674600007], [46.840977699000064, 16.195421046000035], [47.00215, 16.370569999000054], [47.00364347000004, 16.82994777500005], [47.00261129800003, 16.829856027000062], [47.002411506000044, 16.95000094100004]]]}}, {"type": "Feature", "properties": {"zoneId": "YEM-al-jawf-kharab-al-marashi"}, "geometry": {"type": "Polygon", "coordinates": [[[44.41804427100004, 16.57171621400005], [44.390543982000054, 16.587175477000073], [44.378811376000044, 16.595374811000056], [44.378799006000065, 16.599226170000065], [44.37631047600007, 16.602140468000073], [44.35588397400005, 16.614827587000036], [44.344156817000055, 16.620501555000033], [44.33534771400008, 16.618614282000067], [44.32774919700006, 16.62273414400005], [44.28526779500004, 16.642528878000064], [44.22974153800004, 16.66526217200004], [44.20877462400006, 16.68299690400005], [44.19785199000006, 16.689335888000073], [44.121089881000046, 16.720396910000034], [44.10179648800005, 16.644741778000025], [44.10702, 16.64178], [44.12114, 16.62857], [44.15392, 16.61014], [44.17292, 16.60681], [44.1901, 16.588229999000077], [44.21102, 16.57081], [44.219654759000036, 16.56855958500006], [44.228905276000035, 16.56382625300006], [44.236485178000066, 16.564186516000063], [44.24304247500004, 16.561684570000068], [44.25362, 16.54969], [44.25383, 16.5461], [44.26998, 16.54229], [44.263480909000066, 16.529471665000074], [44.26185729100007, 16.488598582000066], [44.3075, 16.48892], [44.31787, 16.49415], [44.31799, 16.49764], [44.32354, 16.50265], [44.3448, 16.50215], [44.36349, 16.50675], [44.36563, 16.508], [44.36662, 16.51146], [44.36461, 16.52788], [44.37429, 16.5467], [44.3891, 16.55972], [44.40214, 16.56633], [44.41804427100004, 16.57171621400005]]]}}, {"type": "Feature", "properties": {"zoneId": "YEM-al-mahwit-al-mahwit"}, "geometry": {"type": "Polygon", "coordinates": [[[43.48405007900004, 15.546986741000069], [43.484750001000066, 15.53295999900007], [43.48966000100006, 15.529080001000068], [43.48781000100007, 15.51380000100005], [43.49179982600003, 15.501045667000028], [43.47701, 15.49726], [43.47761000100007, 15.49393], [43.47616, 15.489900001000024], [43.48068999900005, 15.484830001000034], [43.46511, 15.47332], [43.46218, 15.462140001000023], [43.46178, 15.452489999000022], [43.46282, 15.451129999000045], [43.45993, 15.446030001000054], [43.45547, 15.442930001000036], [43.45582000100006, 15.441680001000066], [43.45292000100005, 15.43918], [43.45103000100005, 15.44029], [43.45108, 15.436], [43.4569, 15.43195], [43.46079, 15.40615], [43.4631, 15.40397], [43.46067, 15.3909], [43.46591, 15.3821], [43.47672, 15.37927], [43.47791576800006, 15.368132140000057], [43.48915, 15.37146], [43.48354, 15.381049999000027], [43.4911, 15.39927], [43.49061, 15.41812], [43.49373, 15.42017], [43.49503, 15.42393], [43.49879, 15.42055], [43.51945, 15.41414], [43.51878, 15.40899], [43.5376, 15.38919], [43.53912, 15.3593], [43.54158, 15.3565], [43.54236, 15.3454], [43.55276, 15.34559], [43.55741, 15.3381], [43.55476, 15.33471], [43.55593, 15.32742], [43.56239, 15.32816], [43.5654, 15.3242], [43.5692, 15.32199], [43.60011, 15.32845], [43.6017, 15.325639999000032], [43.60748, 15.32298], [43.61577, 15.31505], [43.61887, 15.30737], [43.64343, 15.27971], [43.64272, 15.26991], [43.64969, 15.27261], [43.656, 15.26994], [43.66077, 15.27347], [43.66682, 15.27026], [43.67364, 15.27642], [43.68292, 15.279520001000037], [43.67954, 15.28574], [43.68226000100003, 15.309540001000073], [43.68082, 15.31914], [43.67621, 15.327750001000027], [43.66912000100007, 15.33167], [43.67006000100008, 15.33977], [43.66722000100003, 15.349220001000049], [43.66892, 15.35170000100004], [43.66964000100006, 15.35833], [43.66755000100005, 15.361329999000077], [43.65192, 15.37131], [43.6359, 15.3778], [43.61702000100007, 15.39552], [43.60541, 15.40427], [43.59377, 15.43883], [43.59009, 15.45429], [43.58346, 15.45728], [43.57309, 15.44958], [43.56737, 15.44994], [43.56431, 15.45228], [43.56537, 15.44792], [43.56376, 15.43324], [43.55807, 15.43214], [43.54196, 15.45388], [43.52681, 15.46394], [43.52690000100006, 15.467180001000031], [43.53532, 15.46943], [43.53706, 15.485720001000061], [43.55221, 15.49477], [43.55150045600004, 15.500764644000071], [43.55299, 15.50329], [43.55633000100005, 15.50308], [43.55977, 15.51959], [43.5585, 15.52582], [43.56413000100008, 15.5284], [43.56517, 15.526860001000045], [43.57449000100007, 15.533310001000075], [43.57449407800004, 15.541911090000042], [43.560888555000076, 15.541351941000073], [43.554284007000035, 15.54551561900007], [43.54891175500006, 15.546734663000052], [43.54095235500006, 15.545985850000022], [43.539587804000064, 15.547972924000078], [43.53802348900007, 15.546889380000039], [43.53546550400006, 15.548568018000026], [43.531383891000075, 15.546544761000064], [43.53049991700004, 15.549436437000054], [43.52708786800008, 15.549778541000023], [43.51844199900006, 15.548239627000044], [43.51419825100004, 15.55222403700003], [43.50756783400004, 15.55174076000003], [43.50589513700004, 15.547741389000066], [43.499635570000066, 15.54663400800007], [43.498622373000046, 15.543787467000072], [43.48888549000003, 15.54699905900003], [43.48405007900004, 15.546986741000069]]]}}, {"type": "Feature", "properties": {"zoneId": "YEM-al-mahwit-bani-sa-d"}, "geometry": {"type": "Polygon", "coordinates": [[[43.51217161100004, 15.048441753000077], [43.51945, 15.05218], [43.52469, 15.05966], [43.52881, 15.074059999000042], [43.52855, 15.08397], [43.53051000100004, 15.08785000100005], [43.54017, 15.09463], [43.54789000100004, 15.09506], [43.55282000100004, 15.10134], [43.55597000100005, 15.11091], [43.56311, 15.113770001000034], [43.56382000100007, 15.12062], [43.55624063300007, 15.14634832400003], [43.55002, 15.160439999000062], [43.54912000100006, 15.180400001000066], [43.55459, 15.20362], [43.55665, 15.2075], [43.5608, 15.210189999000022], [43.56001, 15.21468], [43.56899, 15.22472], [43.57354, 15.224989999000059], [43.57466, 15.227519999000037], [43.57853, 15.22911], [43.57827, 15.23286], [43.58043, 15.23565], [43.58645, 15.23597], [43.58867, 15.23764], [43.59229, 15.23528], [43.59882, 15.23827], [43.6047, 15.23566], [43.61268, 15.239989999000045], [43.61554, 15.23799], [43.61864, 15.24298], [43.62612, 15.244319999000027], [43.6262, 15.24689], [43.6302, 15.250639999000043], [43.62851, 15.25568], [43.6303, 15.25615], [43.63611, 15.25276], [43.64302, 15.25543], [43.64487, 15.26077], [43.64129, 15.26551], [43.64331, 15.267], [43.64272, 15.26991], [43.64343, 15.27971], [43.61887, 15.30737], [43.61577, 15.31505], [43.60748, 15.32298], [43.6017, 15.325639999000032], [43.60011, 15.32845], [43.5692, 15.32199], [43.5654, 15.3242], [43.56239, 15.32816], [43.55593, 15.32742], [43.55476, 15.33471], [43.55741, 15.3381], [43.55276, 15.34559], [43.54236, 15.3454], [43.54158, 15.3565], [43.53912, 15.3593], [43.5376, 15.38919], [43.51878, 15.40899], [43.51945, 15.41414], [43.49879, 15.42055], [43.49503, 15.42393], [43.49373, 15.42017], [43.49061, 15.41812], [43.4911, 15.39927], [43.48354, 15.381049999000027], [43.48915, 15.37146], [43.47791576800006, 15.368132140000057], [43.48133, 15.3453], [43.48035, 15.32604], [43.47439, 15.32128], [43.46056, 15.318999999000027], [43.45459, 15.31642], [43.45369, 15.314289999000039], [43.44457, 15.31051], [43.43687, 15.31282], [43.43127, 15.29284], [43.42617, 15.28486], [43.42605, 15.27803], [43.42187000100006, 15.27359000100006], [43.41442000100005, 15.260200001000044], [43.40045000100008, 15.258050001000072], [43.39699, 15.25318], [43.397860001000026, 15.24081], [43.39664000100004, 15.22882], [43.39391000100005, 15.21896], [43.39368133500005, 15.207316953000031], [43.39087000100005, 15.19774], [43.38525999900003, 15.192870001000074], [43.402189657000065, 15.173457486000075], [43.421220332000075, 15.147203298000022], [43.43024158400004, 15.131242619000034], [43.43432, 15.11603000100007], [43.43683043900006, 15.09692115200005], [43.43989959400005, 15.089056441000025], [43.44622972800005, 15.081575374000067], [43.457163594000065, 15.074286130000075], [43.47596217200004, 15.068339640000033], [43.48018226200003, 15.064695019000055], [43.48730000100005, 15.05433], [43.495945007000046, 15.048278319000076], [43.50653846300003, 15.046912870000028], [43.51217161100004, 15.048441753000077]]]}}, {"type": "Feature", "properties": {"zoneId": "YEM-al-mahwit-hufash"}, "geometry": {"type": "Polygon", "coordinates": [[[43.42187000100006, 15.27359000100006], [43.42605, 15.27803], [43.42617, 15.28486], [43.43127, 15.29284], [43.43687, 15.31282], [43.44457, 15.31051], [43.45369, 15.314289999000039], [43.45459, 15.31642], [43.46056, 15.318999999000027], [43.47439, 15.32128], [43.48035, 15.32604], [43.48133, 15.3453], [43.47791576800006, 15.368132140000057], [43.47672, 15.37927], [43.46591, 15.3821], [43.46067, 15.3909], [43.4631, 15.40397], [43.46079, 15.40615], [43.4569, 15.43195], [43.45108, 15.436], [43.43628, 15.43132], [43.43255000100004, 15.42862000100007], [43.42789000100004, 15.43007], [43.42499, 15.431790001000024], [43.4189, 15.44264000100003], [43.41536, 15.445820001000072], [43.41521000100005, 15.44884], [43.41143, 15.45518], [43.40804, 15.467360001000031], [43.40379000100006, 15.47571], [43.38398, 15.47457], [43.37606000100004, 15.47011], [43.37222, 15.46399], [43.37286000100005, 15.45744], [43.37754, 15.45428000100003], [43.38397000100008, 15.445240001000059], [43.38133, 15.41205], [43.38718000100005, 15.404620001000069], [43.38984000100004, 15.39706], [43.38594, 15.39619], [43.38468, 15.390280001000065], [43.38866000100006, 15.381050001000062], [43.388280001000055, 15.373460001000069], [43.39215, 15.35558], [43.39072, 15.34685], [43.39689, 15.323999999000023], [43.39703, 15.30475], [43.40159, 15.2792], [43.42187000100006, 15.27359000100006]]]}}, {"type": "Feature", "properties": {"zoneId": "YEM-al-mahwit-melhan"}, "geometry": {"type": "Polygon", "coordinates": [[[43.27325950800008, 15.292607159000056], [43.28162023200008, 15.27509169800004], [43.303820001000076, 15.24822000100005], [43.31061749600008, 15.236102102000075], [43.322961304000046, 15.23396860400004], [43.33466713400003, 15.223231861000045], [43.34374434000006, 15.219340798000076], [43.359211696000045, 15.218150371000036], [43.36880878100004, 15.208579569000051], [43.36965264600008, 15.201607399000068], [43.37449434800004, 15.198189255000045], [43.37552696500006, 15.195558862000041], [43.38525999900003, 15.192870001000074], [43.39087000100005, 15.19774], [43.39368133500005, 15.207316953000031], [43.39391000100005, 15.21896], [43.39664000100004, 15.22882], [43.397860001000026, 15.24081], [43.39699, 15.25318], [43.40045000100008, 15.258050001000072], [43.41442000100005, 15.260200001000044], [43.42187000100006, 15.27359000100006], [43.40159, 15.2792], [43.39703, 15.30475], [43.39689, 15.323999999000023], [43.39072, 15.34685], [43.39215, 15.35558], [43.388280001000055, 15.373460001000069], [43.38866000100006, 15.381050001000062], [43.38468, 15.390280001000065], [43.38594, 15.39619], [43.38984000100004, 15.39706], [43.38718000100005, 15.404620001000069], [43.38133, 15.41205], [43.36597000100005, 15.41507000100006], [43.361090001000036, 15.41856], [43.35621, 15.41868], [43.35243, 15.4243], [43.35568000100005, 15.42537], [43.35498, 15.4291], [43.34413654300005, 15.447250441000051], [43.337343445000045, 15.454208792000031], [43.31498634400003, 15.447981612000035], [43.30279420000005, 15.441934457000059], [43.269750001000034, 15.43409], [43.25680409600005, 15.435039730000028], [43.24355702100007, 15.437909816000058], [43.23981616000003, 15.430713085000036], [43.25054873700003, 15.418476335000037], [43.25708000100008, 15.39114999900005], [43.25579000100004, 15.3901], [43.25185000100004, 15.37051], [43.25198000100005, 15.36194000100005], [43.24760265000003, 15.354413836000049], [43.24987276500008, 15.330245182000056], [43.252041975000054, 15.322436026000048], [43.262940514000036, 15.305017367000062], [43.27325950800008, 15.292607159000056]]]}}, {"type": "Feature", "properties": {"zoneId": "YEM-amran-al-ashah"}, "geometry": {"type": "Polygon", "coordinates": [[[43.62844, 16.47792], [43.64109, 16.46771], [43.64444, 16.46808], [43.65898, 16.46208], [43.69232, 16.44153], [43.72545, 16.42868], [43.7389, 16.42137], [43.74399, 16.41638], [43.76494, 16.38518], [43.77142, 16.37186999900007], [43.77936, 16.33267], [43.77898, 16.31358], [43.78224, 16.30099], [43.78606, 16.293029999000055], [43.79609, 16.28028], [43.81237, 16.26491], [43.82497, 16.25654], [43.83081, 16.24922], [43.84115, 16.24913], [43.84156, 16.24267], [43.83783, 16.23958999900003], [43.83392, 16.23959], [43.81935, 16.23131], [43.81586, 16.22227], [43.80426, 16.22029], [43.7996, 16.21575], [43.7998, 16.20368], [43.8044, 16.19996], [43.80688, 16.19525], [43.80094, 16.18203], [43.79369, 16.17869999900006], [43.7933, 16.17333], [43.79562, 16.1582], [43.80094, 16.14788], [43.79022, 16.12901], [43.77956, 16.1175], [43.77011, 16.102089999000043], [43.77038, 16.09748], [43.77771, 16.09135], [43.7877, 16.09599], [43.79711, 16.1069], [43.7955, 16.12254], [43.79785, 16.1282], [43.80069, 16.13272], [43.80753, 16.13514], [43.8057, 16.12521], [43.80862, 16.11826], [43.81028, 16.10703], [43.8141, 16.09976], [43.81751, 16.10094], [43.8271, 16.10897], [43.83791, 16.1229], [43.84214, 16.13031], [43.85605, 16.1381], [43.86521, 16.14631], [43.86771, 16.15136], [43.87298, 16.15537], [43.87779, 16.16611], [43.87842, 16.18245], [43.88615, 16.191789999000036], [43.88978, 16.20046], [43.88096, 16.21528], [43.87161, 16.223839999000063], [43.8665, 16.23127], [43.86285, 16.24143], [43.86282, 16.24556], [43.86352, 16.24802], [43.86725, 16.24859], [43.87103, 16.25174], [43.87383, 16.26192], [43.8841, 16.2787], [43.88457, 16.28458], [43.89509, 16.31979], [43.905273488000034, 16.36113133400005], [43.91135, 16.39791], [43.91115, 16.41268], [43.89546, 16.4427], [43.88786, 16.46333], [43.87754, 16.47733], [43.86776, 16.48477], [43.8123, 16.49113999900004], [43.80415, 16.49648], [43.79903, 16.50469], [43.79367, 16.52879], [43.79129, 16.53404], [43.77093, 16.56294], [43.75577, 16.57886], [43.75187, 16.57758], [43.74458, 16.56718999900005], [43.7387, 16.56878], [43.73348, 16.56639], [43.72956, 16.566999999000075], [43.7238, 16.56166], [43.71464, 16.55726], [43.70756, 16.55035], [43.70698, 16.54048], [43.70424, 16.5384], [43.68765, 16.53859], [43.68305, 16.5401], [43.67589, 16.5326], [43.6721, 16.52067], [43.66847, 16.51646], [43.655, 16.50522], [43.62844, 16.47792]]]}}, {"type": "Feature", "properties": {"zoneId": "YEM-amran-al-madan"}, "geometry": {"type": "Polygon", "coordinates": [[[43.60569, 16.18521000100003], [43.62036839500007, 16.175931520000063], [43.62544889700007, 16.16727684700004], [43.63887832000006, 16.155795271000045], [43.64234, 16.16564], [43.65231, 16.16834], [43.66103, 16.17843], [43.66998, 16.20289], [43.67614, 16.2043], [43.67524, 16.20633], [43.67847, 16.21069], [43.67696, 16.21283], [43.67418, 16.23162], [43.67743, 16.24615], [43.67731, 16.26378], [43.67318, 16.26749], [43.67146, 16.27123], [43.66526, 16.27012], [43.66298, 16.272689999000022], [43.65547, 16.27351], [43.640810001000034, 16.28925], [43.63928000100003, 16.29442], [43.636040001000026, 16.29516], [43.61964000100005, 16.307940001000077], [43.61255, 16.307780001000026], [43.60715, 16.30575], [43.60205, 16.30143000100003], [43.59865000100007, 16.29286], [43.59786, 16.281010001000027], [43.60326, 16.26096], [43.60458, 16.24821], [43.59728, 16.22688], [43.59609000100005, 16.217590001000076], [43.59989000100006, 16.20048], [43.60322, 16.19668], [43.60565, 16.18987], [43.60569, 16.18521000100003]]]}}, {"type": "Feature", "properties": {"zoneId": "YEM-amran-as-sawd"}, "geometry": {"type": "Polygon", "coordinates": [[[43.71662, 15.86395], [43.7196, 15.86105], [43.71904000100005, 15.85223], [43.72891127200006, 15.841538193000076], [43.72927374500006, 15.838847658000077], [43.728190357000074, 15.835324333000074], [43.72379295700006, 15.831194913000047], [43.721792263000054, 15.826960602000042], [43.71885279500003, 15.825486198000021], [43.71480323500003, 15.819842132000076], [43.70799, 15.81720000100006], [43.70519, 15.81353], [43.70629, 15.80861999900003], [43.71086, 15.80046], [43.711665476000064, 15.794507422000038], [43.708348812000054, 15.790732796000043], [43.70756004400005, 15.787381727000025], [43.715874900000074, 15.768942912000057], [43.7156, 15.76115], [43.71140384600005, 15.753011221000065], [43.72057, 15.75226], [43.73546, 15.753880001000027], [43.74412, 15.74356], [43.75111000100003, 15.741460001000064], [43.75375, 15.74461], [43.75743, 15.74607], [43.76231000100006, 15.74569], [43.76514, 15.74245], [43.77763876100005, 15.748264978000066], [43.79756860700007, 15.762288085000023], [43.80468096300007, 15.763054990000057], [43.81844, 15.75457], [43.83929, 15.75893], [43.84324, 15.769029999000054], [43.83708, 15.77725], [43.83566, 15.78732], [43.82913, 15.79418], [43.82315, 15.80473], [43.81814, 15.80818], [43.81546, 15.82197], [43.81696, 15.834779999000034], [43.81457, 15.84234], [43.81384, 15.85579], [43.8043, 15.88309], [43.8024, 15.905879999000035], [43.79692, 15.90184], [43.79705, 15.89863], [43.79033, 15.89012], [43.78209, 15.88446], [43.76778, 15.88252], [43.76203, 15.87972], [43.75309, 15.88349], [43.74345, 15.884], [43.74315, 15.8799], [43.73927, 15.87872], [43.72682, 15.88448], [43.71521, 15.88313], [43.71467, 15.86761], [43.71662, 15.86395]]]}}, {"type": "Feature", "properties": {"zoneId": "YEM-amran-as-sudah"}, "geometry": {"type": "Polygon", "coordinates": [[[43.71521, 15.88313], [43.72682, 15.88448], [43.73927, 15.87872], [43.74315, 15.8799], [43.74345, 15.884], [43.75309, 15.88349], [43.76203, 15.87972], [43.76778, 15.88252], [43.78209, 15.88446], [43.79033, 15.89012], [43.79705, 15.89863], [43.79692, 15.90184], [43.8024, 15.905879999000035], [43.80851, 15.90768], [43.81256, 15.91214], [43.83028, 15.92202], [43.84839398400004, 15.943036143000029], [43.83896154000007, 15.971648900000048], [43.83469, 15.976439999000036], [43.82869, 15.97896], [43.82599, 15.9856], [43.81914, 15.99269], [43.794301802000064, 15.988036308000062], [43.79708, 16.00453], [43.78833, 16.02997], [43.78698, 16.04377], [43.77942, 16.05294], [43.76921, 16.05678], [43.75827, 16.03736], [43.75672, 16.025989999000046], [43.75164, 16.01295], [43.75149, 16.001149999000063], [43.74556, 15.9926], [43.74830112400008, 15.981639003000055], [43.74383, 15.97923], [43.7377, 15.97918], [43.72328, 15.982039999000051], [43.71313, 15.9789], [43.71804, 15.96407], [43.71848, 15.95223], [43.70801, 15.94102], [43.70777, 15.93], [43.70416, 15.91518], [43.71178, 15.89799], [43.71521, 15.88313]]]}}, {"type": "Feature", "properties": {"zoneId": "YEM-amran-bani-surim"}, "geometry": {"type": "Polygon", "coordinates": [[[44.09067, 16.18883], [44.07918, 16.18934], [44.02397, 16.20513], [44.00095, 16.20829], [43.94863, 16.206379999000035], [43.91917, 16.20296], [43.90608, 16.20317], [43.88978, 16.20046], [43.88615, 16.191789999000036], [43.87842, 16.18245], [43.87779, 16.16611], [43.87298, 16.15537], [43.86771, 16.15136], [43.86521, 16.14631], [43.85605, 16.1381], [43.84214, 16.13031], [43.83791, 16.1229], [43.87268, 16.12401], [43.87145, 16.11688], [43.87544, 16.10577], [43.87803, 16.1035], [43.88746, 16.09703], [43.9313, 16.07799], [43.93613, 16.07514], [43.94421, 16.066369999000074], [43.96244, 16.06215], [43.97234, 16.07163], [43.99304, 16.07036], [43.99061, 16.05875], [43.99592581300004, 16.050939138000047], [44.00389, 16.05496], [44.02831, 16.052109999000038], [44.04046, 16.054], [44.05004, 16.04792], [44.0729, 16.05516], [44.06853, 16.06831], [44.06491, 16.09008], [44.0667, 16.11098], [44.06792, 16.11242], [44.0727, 16.12374], [44.07659, 16.14388], [44.09067, 16.18883]]]}}, {"type": "Feature", "properties": {"zoneId": "YEM-amran-dhibain"}, "geometry": {"type": "Polygon", "coordinates": [[[44.324630385000034, 16.064150479000034], [44.32051154200008, 16.059695404000024], [44.308447898000054, 16.05265827900007], [44.2882, 16.05092], [44.24682, 16.04437], [44.21173047000008, 16.046361640000043], [44.20345, 16.04887], [44.18141, 16.07391], [44.17, 16.08865], [44.16713, 16.09914], [44.16463, 16.10201], [44.08887, 16.102179999000043], [44.07768, 16.1067], [44.07444, 16.11242], [44.06792, 16.11242], [44.0667, 16.11098], [44.06491, 16.09008], [44.06853, 16.06831], [44.0729, 16.05516], [44.07544, 16.04702], [44.07461, 16.0432], [44.05272, 16.03362], [44.04895, 16.029], [44.05127, 16.00399999900003], [44.04986, 15.98233], [44.04761, 15.97189], [44.04236, 15.96143], [44.046110001000045, 15.95535], [44.054410001000065, 15.95088000100003], [44.05839000100008, 15.94665], [44.05782000100004, 15.93286], [44.06133, 15.92734], [44.07234000100004, 15.923110001000055], [44.07659, 15.91915], [44.1011, 15.91411000100004], [44.11282, 15.91007], [44.12497, 15.91068], [44.13074, 15.91374], [44.15133721600006, 15.914014080000072], [44.15147553700007, 15.923273594000023], [44.15646215900006, 15.95106675900007], [44.158421858000054, 15.971514881000076], [44.15091, 15.9875], [44.16011, 15.98755], [44.16731, 15.991609999000048], [44.18184, 15.99252], [44.18921, 15.99553], [44.20593, 15.99784], [44.21072, 15.99308], [44.21509, 15.99116], [44.22393, 15.99079], [44.23089, 15.99831], [44.23404, 16.01005], [44.23655, 16.01341], [44.2545, 16.0174], [44.26073, 16.02074], [44.26927, 16.02927], [44.28127, 16.031], [44.2888, 16.03433], [44.29154, 16.03788], [44.3024, 16.04048], [44.32401, 16.03832], [44.33182, 16.03944], [44.33579, 16.03728], [44.34036, 16.03885], [44.34613, 16.03785], [44.35720384100006, 16.046818230000042], [44.33015664800007, 16.059062938000068], [44.324630385000034, 16.064150479000034]]]}}, {"type": "Feature", "properties": {"zoneId": "YEM-amran-dhulaymat-habur"}, "geometry": {"type": "Polygon", "coordinates": [[[43.70801, 15.94102], [43.71848, 15.95223], [43.71804, 15.96407], [43.71313, 15.9789], [43.72328, 15.982039999000051], [43.7377, 15.97918], [43.74383, 15.97923], [43.74830112400008, 15.981639003000055], [43.74556, 15.9926], [43.75149, 16.001149999000063], [43.75164, 16.01295], [43.75672, 16.025989999000046], [43.75827, 16.03736], [43.76921, 16.05678], [43.77942, 16.05294], [43.78698, 16.04377], [43.78833, 16.02997], [43.79708, 16.00453], [43.794301802000064, 15.988036308000062], [43.81914, 15.99269], [43.81593, 15.99994], [43.80923, 16.00251], [43.80761, 16.00907], [43.80221, 16.01332], [43.79792, 16.02477], [43.79712, 16.03936], [43.79117, 16.04968], [43.79235, 16.05566], [43.7973, 16.06016], [43.8034, 16.06358], [43.8104, 16.0643], [43.81083, 16.0924], [43.8141, 16.09976], [43.81028, 16.10703], [43.80862, 16.11826], [43.8057, 16.12521], [43.80753, 16.13514], [43.80069, 16.13272], [43.79785, 16.1282], [43.7955, 16.12254], [43.79711, 16.1069], [43.7877, 16.09599], [43.77771, 16.09135], [43.77038, 16.09748], [43.77011, 16.102089999000043], [43.75803780600006, 16.100805104000074], [43.75409489100008, 16.101543622000065], [43.75062, 16.10462], [43.74865, 16.11243], [43.75646, 16.1211], [43.75666, 16.127369999000052], [43.73934, 16.128619999000023], [43.71442, 16.12723], [43.70769, 16.13138], [43.70033, 16.12948], [43.69753, 16.12776], [43.69569, 16.12255], [43.69421, 16.1079], [43.67429, 16.09233], [43.66438, 16.07823], [43.66611747500008, 16.063368917000048], [43.66412, 16.06121], [43.6619, 16.05158], [43.65903, 16.03381], [43.65922, 16.026770001000045], [43.65635, 16.01903], [43.65737000100006, 16.00278], [43.65611, 15.99849000100005], [43.66099027200005, 16.001064075000045], [43.66396177200005, 16.00661449000006], [43.67000965100004, 16.006939814000077], [43.67299425700003, 16.005551309000055], [43.67569489400006, 15.99630978500005], [43.68635, 15.988460001000021], [43.69704, 15.9781], [43.6979, 15.9681], [43.70429, 15.95558], [43.70801, 15.94102]]]}}, {"type": "Feature", "properties": {"zoneId": "YEM-amran-harf-sufyan"}, "geometry": {"type": "Polygon", "coordinates": [[[44.26185729100007, 16.488598582000066], [44.263480909000066, 16.529471665000074], [44.26998, 16.54229], [44.25383, 16.5461], [44.25362, 16.54969], [44.24304247500004, 16.561684570000068], [44.236485178000066, 16.564186516000063], [44.228905276000035, 16.56382625300006], [44.219654759000036, 16.56855958500006], [44.21102, 16.57081], [44.1901, 16.588229999000077], [44.17292, 16.60681], [44.15392, 16.61014], [44.12114, 16.62857], [44.10702, 16.64178], [44.10179648800005, 16.644741778000025], [44.091641483000046, 16.640110739000022], [44.075775606000036, 16.63683416500004], [44.06238191400007, 16.62806766800003], [44.05255887200008, 16.623499996000078], [44.02136, 16.61552], [43.97542732000005, 16.615276992000076], [43.94839839500003, 16.620408144000066], [43.92594324300006, 16.630591969000022], [43.89624352800007, 16.65156428000006], [43.79843317600006, 16.688476668000078], [43.787002822000034, 16.683117587000027], [43.777649643000075, 16.683862721000025], [43.77167829000007, 16.686332169000025], [43.75385, 16.69916999900005], [43.74958911400006, 16.700080522000064], [43.73171619000004, 16.69261399000004], [43.71382310800004, 16.68838116300003], [43.70803749000004, 16.684570629000063], [43.69845136200007, 16.67704856900002], [43.687806366000075, 16.671432737000032], [43.67786512200007, 16.660654903000022], [43.668300044000034, 16.65304475000005], [43.65841655300005, 16.649815373000024], [43.49996439900008, 16.612383884000053], [43.49620548200005, 16.612710605000075], [43.50117, 16.43607], [43.50187, 16.41792], [43.50616, 16.41265], [43.50888, 16.40399], [43.50989, 16.38046], [43.51524, 16.367209999000067], [43.51524, 16.36105], [43.52131, 16.35492], [43.51743, 16.344], [43.51751, 16.336059999000042], [43.52172586200004, 16.320924870000056], [43.52778869000008, 16.307671893000077], [43.53894, 16.311], [43.56334000100003, 16.33717], [43.57076, 16.36137000100007], [43.58404000200005, 16.38031], [43.61, 16.42501], [43.6184, 16.4461], [43.61898, 16.45801], [43.62181, 16.4706], [43.62844, 16.47792], [43.655, 16.50522], [43.66847, 16.51646], [43.6721, 16.52067], [43.67589, 16.5326], [43.68305, 16.5401], [43.68765, 16.53859], [43.70424, 16.5384], [43.70698, 16.54048], [43.70756, 16.55035], [43.71464, 16.55726], [43.7238, 16.56166], [43.72956, 16.566999999000075], [43.73348, 16.56639], [43.7387, 16.56878], [43.74458, 16.56718999900005], [43.75187, 16.57758], [43.75577, 16.57886], [43.77093, 16.56294], [43.79129, 16.53404], [43.79367, 16.52879], [43.79903, 16.50469], [43.80415, 16.49648], [43.8123, 16.49113999900004], [43.86776, 16.48477], [43.87754, 16.47733], [43.88786, 16.46333], [43.89546, 16.4427], [43.91115, 16.41268], [43.91135, 16.39791], [43.905273488000034, 16.36113133400005], [43.96763, 16.34897], [44.00735, 16.33617], [44.06438, 16.33095], [44.06963, 16.334], [44.07492, 16.32759], [44.07978, 16.31437], [44.08338, 16.28368], [44.08181, 16.27847], [44.08577165400004, 16.270744653000065], [44.09119, 16.26545], [44.08977, 16.25459], [44.09283, 16.23799], [44.08907, 16.23279], [44.09225, 16.19619], [44.09067, 16.18883], [44.07659, 16.14388], [44.0727, 16.12374], [44.06792, 16.11242], [44.07444, 16.11242], [44.07768, 16.1067], [44.08887, 16.102179999000043], [44.16463, 16.10201], [44.16713, 16.09914], [44.17, 16.08865], [44.18141, 16.07391], [44.20345, 16.04887], [44.21173047000008, 16.046361640000043], [44.24682, 16.04437], [44.2882, 16.05092], [44.308447898000054, 16.05265827900007], [44.32051154200008, 16.059695404000024], [44.324630385000034, 16.064150479000034], [44.31936, 16.07861], [44.30714, 16.0978], [44.29455, 16.11432], [44.28131, 16.12334], [44.27938, 16.12907], [44.27708, 16.13072], [44.27592, 16.13359], [44.27819, 16.13923], [44.28716, 16.14777], [44.28609, 16.15387], [44.28931, 16.16192999900005], [44.28766, 16.16812], [44.28802, 16.173949999000058], [44.2904, 16.17886], [44.29123, 16.18570999900004], [44.28389, 16.20241999900003], [44.26636, 16.20837], [44.26377, 16.21049], [44.26462, 16.21364], [44.29498, 16.25074], [44.29748, 16.26599], [44.30208, 16.27236], [44.30309, 16.27731], [44.30186, 16.29135], [44.29635, 16.29551], [44.28677, 16.294979999000077], [44.28228, 16.2978], [44.2786, 16.30337], [44.27386, 16.30345], [44.27701, 16.31193999900006], [44.28606, 16.32453], [44.29211, 16.34026], [44.2941, 16.34972], [44.29402848900003, 16.371416555000053], [44.29298, 16.37492], [44.29047, 16.37692], [44.26758, 16.38906], [44.25868, 16.39876], [44.25794, 16.40499], [44.26195, 16.43984], [44.26185729100007, 16.488598582000066]]]}}, {"type": "Feature", "properties": {"zoneId": "YEM-amran-huth"}, "geometry": {"type": "Polygon", "coordinates": [[[43.905273488000034, 16.36113133400005], [43.89509, 16.31979], [43.88457, 16.28458], [43.8841, 16.2787], [43.87383, 16.26192], [43.87103, 16.25174], [43.86725, 16.24859], [43.86352, 16.24802], [43.86282, 16.24556], [43.86285, 16.24143], [43.8665, 16.23127], [43.87161, 16.223839999000063], [43.88096, 16.21528], [43.88978, 16.20046], [43.90608, 16.20317], [43.91917, 16.20296], [43.94863, 16.206379999000035], [44.00095, 16.20829], [44.02397, 16.20513], [44.07918, 16.18934], [44.09067, 16.18883], [44.09225, 16.19619], [44.08907, 16.23279], [44.09283, 16.23799], [44.08977, 16.25459], [44.09119, 16.26545], [44.08577165400004, 16.270744653000065], [44.08181, 16.27847], [44.08338, 16.28368], [44.07978, 16.31437], [44.07492, 16.32759], [44.06963, 16.334], [44.06438, 16.33095], [44.00735, 16.33617], [43.96763, 16.34897], [43.905273488000034, 16.36113133400005]]]}}, {"type": "Feature", "properties": {"zoneId": "YEM-amran-khamir"}, "geometry": {"type": "Polygon", "coordinates": [[[43.92893, 15.87372], [43.93235, 15.894629999000074], [43.93698, 15.90255], [43.93943, 15.90387], [43.947064080000075, 15.902859745000058], [43.95966, 15.89216], [43.96216, 15.89357], [43.96247, 15.9022], [43.97092, 15.90856], [43.97908756500004, 15.924779632000025], [43.99677, 15.94786], [44.00225, 15.95017], [44.00702, 15.95583], [44.00769, 15.95859], [44.00499, 15.96333], [44.0096, 15.96518], [44.01378, 15.96355], [44.01792, 15.95842], [44.02438, 15.95437], [44.03225, 15.95406], [44.03525, 15.94811], [44.04031, 15.955529999000078], [44.04236, 15.96143], [44.04761, 15.97189], [44.04986, 15.98233], [44.05127, 16.00399999900003], [44.04895, 16.029], [44.05272, 16.03362], [44.07461, 16.0432], [44.07544, 16.04702], [44.0729, 16.05516], [44.05004, 16.04792], [44.04046, 16.054], [44.02831, 16.052109999000038], [44.00389, 16.05496], [43.99592581300004, 16.050939138000047], [43.99061, 16.05875], [43.99304, 16.07036], [43.97234, 16.07163], [43.96244, 16.06215], [43.94421, 16.066369999000074], [43.93613, 16.07514], [43.9313, 16.07799], [43.88746, 16.09703], [43.87803, 16.1035], [43.87544, 16.10577], [43.87145, 16.11688], [43.87268, 16.12401], [43.83791, 16.1229], [43.8271, 16.10897], [43.81751, 16.10094], [43.8141, 16.09976], [43.81083, 16.0924], [43.8104, 16.0643], [43.8034, 16.06358], [43.7973, 16.06016], [43.79235, 16.05566], [43.79117, 16.04968], [43.79712, 16.03936], [43.79792, 16.02477], [43.80221, 16.01332], [43.80761, 16.00907], [43.80923, 16.00251], [43.81593, 15.99994], [43.81914, 15.99269], [43.82599, 15.9856], [43.82869, 15.97896], [43.83469, 15.976439999000036], [43.83896154000007, 15.971648900000048], [43.84839398400004, 15.943036143000029], [43.87693, 15.94497], [43.88023, 15.94359], [43.88559, 15.945], [43.88877, 15.94966], [43.89258, 15.95042], [43.90624, 15.94694], [43.90782, 15.94001], [43.90918, 15.90956], [43.9052, 15.897819999000035], [43.9065, 15.89185], [43.914923172000044, 15.879281475000028], [43.922233703000074, 15.874533427000074], [43.92893, 15.87372]]]}}, {"type": "Feature", "properties": {"zoneId": "YEM-amran-maswar"}, "geometry": {"type": "Polygon", "coordinates": [[[43.68532, 15.66454], [43.67938, 15.6672], [43.66752, 15.66369], [43.66461, 15.66051], [43.65846, 15.65774], [43.65384, 15.64699], [43.64752, 15.64233], [43.64496, 15.62683], [43.63557, 15.6102], [43.63885, 15.5989], [43.64616, 15.59687], [43.66348359700004, 15.583539876000032], [43.64781, 15.55588], [43.63106292000003, 15.53848251900007], [43.631027165000035, 15.535949636000055], [43.628569482000046, 15.534611536000057], [43.62929533000005, 15.532636616000048], [43.638700001000075, 15.53422], [43.65210598500005, 15.534179098000038], [43.66424114300003, 15.539830128000062], [43.67239114400007, 15.549100127000031], [43.67998368700006, 15.553405787000031], [43.68971403200004, 15.548874083000044], [43.698210001000064, 15.54225], [43.70005000100008, 15.538920001000065], [43.70712, 15.53272], [43.71556, 15.52774000100004], [43.726610116000074, 15.529382944000076], [43.72839, 15.53325], [43.73342138000004, 15.536238941000022], [43.73480490700007, 15.541905320000069], [43.737014739000074, 15.543746847000023], [43.747849287000065, 15.541209562000063], [43.748674866000044, 15.569718054000077], [43.74256, 15.60982], [43.73196, 15.63014], [43.73131, 15.63397], [43.7442, 15.64169], [43.74708, 15.64107], [43.73738, 15.65346], [43.71217, 15.653369999000063], [43.70717, 15.65736], [43.68532, 15.66454]]]}}, {"type": "Feature", "properties": {"zoneId": "YEM-amran-qaflat-odhar"}, "geometry": {"type": "Polygon", "coordinates": [[[43.560824628000034, 16.192814921000036], [43.57044687400003, 16.189400082000077], [43.58228000100007, 16.17866], [43.58604000100007, 16.17684], [43.58994000100006, 16.17686], [43.59659, 16.18245], [43.60569, 16.18521000100003], [43.60565, 16.18987], [43.60322, 16.19668], [43.59989000100006, 16.20048], [43.59609000100005, 16.217590001000076], [43.59728, 16.22688], [43.60458, 16.24821], [43.60326, 16.26096], [43.59786, 16.281010001000027], [43.59865000100007, 16.29286], [43.60205, 16.30143000100003], [43.60715, 16.30575], [43.61255, 16.307780001000026], [43.61964000100005, 16.307940001000077], [43.636040001000026, 16.29516], [43.63928000100003, 16.29442], [43.640810001000034, 16.28925], [43.65547, 16.27351], [43.66298, 16.272689999000022], [43.66526, 16.27012], [43.67146, 16.27123], [43.68178, 16.28041], [43.70759, 16.27108], [43.71892, 16.26558], [43.72203, 16.26149], [43.72423, 16.25121], [43.73071707400004, 16.247130855000023], [43.74306, 16.24403], [43.74867, 16.23982], [43.75604, 16.22961], [43.75941, 16.21808], [43.7614, 16.19859], [43.75691, 16.173099999000044], [43.76209, 16.15895], [43.76196, 16.15356], [43.75766, 16.14225], [43.75666, 16.127369999000052], [43.75646, 16.1211], [43.74865, 16.11243], [43.75062, 16.10462], [43.75409489100008, 16.101543622000065], [43.75803780600006, 16.100805104000074], [43.77011, 16.102089999000043], [43.77956, 16.1175], [43.79022, 16.12901], [43.80094, 16.14788], [43.79562, 16.1582], [43.7933, 16.17333], [43.79369, 16.17869999900006], [43.80094, 16.18203], [43.80688, 16.19525], [43.8044, 16.19996], [43.7998, 16.20368], [43.7996, 16.21575], [43.80426, 16.22029], [43.81586, 16.22227], [43.81935, 16.23131], [43.83392, 16.23959], [43.83783, 16.23958999900003], [43.84156, 16.24267], [43.84115, 16.24913], [43.83081, 16.24922], [43.82497, 16.25654], [43.81237, 16.26491], [43.79609, 16.28028], [43.78606, 16.293029999000055], [43.78224, 16.30099], [43.77898, 16.31358], [43.77936, 16.33267], [43.77142, 16.37186999900007], [43.76494, 16.38518], [43.74399, 16.41638], [43.7389, 16.42137], [43.72545, 16.42868], [43.69232, 16.44153], [43.65898, 16.46208], [43.64444, 16.46808], [43.64109, 16.46771], [43.62844, 16.47792], [43.62181, 16.4706], [43.61898, 16.45801], [43.6184, 16.4461], [43.61, 16.42501], [43.58404000200005, 16.38031], [43.57076, 16.36137000100007], [43.56334000100003, 16.33717], [43.53894, 16.311], [43.52778869000008, 16.307671893000077], [43.53044507000004, 16.303359124000053], [43.52837479800007, 16.296842613000024], [43.52946717000003, 16.290133569000034], [43.52745618800003, 16.289426456000058], [43.52114108000006, 16.293045998000025], [43.51838649600006, 16.29124441500005], [43.51836599600006, 16.284874208000076], [43.524104977000036, 16.278296710000063], [43.52236618000006, 16.27320171300005], [43.51723490100005, 16.269403193000073], [43.51524501600005, 16.26592366600005], [43.51429148100004, 16.258258227000056], [43.516710346000025, 16.248187226000027], [43.513517354000044, 16.245660147000024], [43.51341840300006, 16.24337904600003], [43.51785098700003, 16.240568917000076], [43.521741045000056, 16.243026024000073], [43.523181994000026, 16.24180240100003], [43.520278114000064, 16.23424931200003], [43.52344990300003, 16.23442095200005], [43.529068401000075, 16.23860961200006], [43.530002910000064, 16.23783103100004], [43.52841108100006, 16.23333391500006], [43.51800358300005, 16.22535477300005], [43.51805430100006, 16.223747624000055], [43.52325796300005, 16.221241791000068], [43.518632883000066, 16.218816993000075], [43.51888011500006, 16.216799989000037], [43.52468175100006, 16.217102074000024], [43.52531053600006, 16.215798005000067], [43.523963424000044, 16.213879688000077], [43.51538644400006, 16.213149354000052], [43.51972761900004, 16.206936550000023], [43.51543934700004, 16.206084177000037], [43.51445053000003, 16.20379685000006], [43.51809557200005, 16.20270079000005], [43.52074830000004, 16.20496231100003], [43.560824628000034, 16.192814921000036]]]}}, {"type": "Feature", "properties": {"zoneId": "YEM-amran-shaharah"}, "geometry": {"type": "Polygon", "coordinates": [[[43.67146, 16.27123], [43.67318, 16.26749], [43.67731, 16.26378], [43.67743, 16.24615], [43.67418, 16.23162], [43.67696, 16.21283], [43.67847, 16.21069], [43.67524, 16.20633], [43.67614, 16.2043], [43.66998, 16.20289], [43.66103, 16.17843], [43.65231, 16.16834], [43.64234, 16.16564], [43.63887832000006, 16.155795271000045], [43.6354, 16.1522], [43.63549, 16.13293], [43.64288, 16.11497], [43.64904, 16.10629], [43.64818, 16.09685], [43.64917, 16.09304], [43.66366, 16.0953], [43.67429, 16.09233], [43.69421, 16.1079], [43.69569, 16.12255], [43.69753, 16.12776], [43.70033, 16.12948], [43.70769, 16.13138], [43.71442, 16.12723], [43.73934, 16.128619999000023], [43.75666, 16.127369999000052], [43.75766, 16.14225], [43.76196, 16.15356], [43.76209, 16.15895], [43.75691, 16.173099999000044], [43.7614, 16.19859], [43.75941, 16.21808], [43.75604, 16.22961], [43.74867, 16.23982], [43.74306, 16.24403], [43.73071707400004, 16.247130855000023], [43.72423, 16.25121], [43.72203, 16.26149], [43.71892, 16.26558], [43.70759, 16.27108], [43.68178, 16.28041], [43.67146, 16.27123]]]}}, {"type": "Feature", "properties": {"zoneId": "YEM-amran-suwayr"}, "geometry": {"type": "Polygon", "coordinates": [[[43.57323803600008, 15.958120954000037], [43.57486343700003, 15.946965971000054], [43.581293849000076, 15.952547105000065], [43.58366662900005, 15.951354220000042], [43.58392240000006, 15.946694552000054], [43.57949290100004, 15.942219860000023], [43.583724725000025, 15.936723141000073], [43.582227912000064, 15.930700946000059], [43.59749000100004, 15.93651], [43.6023, 15.939870001000031], [43.615600001000075, 15.958380001000023], [43.62145499600007, 15.969046358000071], [43.62645000100008, 15.974020001000042], [43.63889585100003, 15.992387877000056], [43.640786423000065, 15.993895635000058], [43.64943, 15.99205], [43.65611, 15.99849000100005], [43.65737000100006, 16.00278], [43.65635, 16.01903], [43.65922, 16.026770001000045], [43.65903, 16.03381], [43.6619, 16.05158], [43.66412, 16.06121], [43.66611747500008, 16.063368917000048], [43.66438, 16.07823], [43.67429, 16.09233], [43.66366, 16.0953], [43.64917, 16.09304], [43.64818, 16.09685], [43.64904, 16.10629], [43.64288, 16.11497], [43.63549, 16.13293], [43.6354, 16.1522], [43.63887832000006, 16.155795271000045], [43.62544889700007, 16.16727684700004], [43.62036839500007, 16.175931520000063], [43.60569, 16.18521000100003], [43.59659, 16.18245], [43.58994000100006, 16.17686], [43.58604000100007, 16.17684], [43.58228000100007, 16.17866], [43.57044687400003, 16.189400082000077], [43.560824628000034, 16.192814921000036], [43.57189999900004, 16.123770001000025], [43.57511, 16.112330001000032], [43.572822330000065, 16.098172977000047], [43.57821, 16.09166], [43.60096, 16.05029], [43.60469, 16.0385], [43.61338, 16.02749], [43.62287, 16.0208], [43.62856, 16.00508], [43.62562, 15.99995], [43.61286, 15.98782], [43.60132, 15.98493], [43.59858, 15.98233], [43.59672, 15.98277], [43.59438, 15.97958], [43.59057, 15.97889], [43.58320000100008, 15.96714], [43.581980001000034, 15.96162], [43.57323803600008, 15.958120954000037]]]}}, {"type": "Feature", "properties": {"zoneId": "YEM-dhamar-al-manar"}, "geometry": {"type": "Polygon", "coordinates": [[[44.26161, 14.65502], [44.24518, 14.66443], [44.234016602000054, 14.679141100000038], [44.22790303600004, 14.69117764400005], [44.22679, 14.70257], [44.21633, 14.70483], [44.20632, 14.69922], [44.17112, 14.69418], [44.15898, 14.699959999000043], [44.1489, 14.707], [44.14153, 14.7052], [44.14170510100007, 14.713191107000057], [44.13851703500006, 14.714341244000025], [44.12323, 14.71315], [44.12015, 14.71582], [44.11889, 14.72561], [44.1195, 14.72759], [44.12822, 14.73493], [44.1224, 14.73771], [44.12048, 14.74885], [44.11588, 14.74985], [44.10094, 14.74403], [44.09052, 14.70919], [44.09002, 14.70031], [44.08087, 14.70028], [44.07191, 14.69767], [44.06779, 14.69468], [44.0621, 14.69465], [44.05641, 14.69186], [44.05475, 14.689], [44.05026, 14.66577], [44.05498, 14.65359], [44.05772, 14.65193], [44.05778, 14.6407], [44.04637, 14.64135], [44.03041, 14.64462], [44.02643, 14.64349], [44.02303, 14.64014], [44.02202, 14.63616], [44.0083, 14.63106], [43.99752, 14.61286], [43.98619, 14.5995], [43.97075, 14.59613], [43.97772, 14.583379999000044], [44.00423, 14.58369], [44.00851, 14.57464], [44.01366, 14.57189], [44.01992, 14.57081], [44.031711090000044, 14.563450430000046], [44.03294, 14.56442], [44.05228, 14.55738], [44.05589, 14.56088], [44.07688447400005, 14.563122270000065], [44.07946394500004, 14.56240402000003], [44.08367, 14.55608999900005], [44.08934, 14.5564], [44.09171, 14.56048], [44.09491, 14.56207], [44.10275, 14.56202], [44.10883, 14.559359999000037], [44.13011, 14.56069], [44.13586, 14.55651], [44.15234, 14.56168], [44.15788, 14.57269], [44.15574, 14.57847], [44.16362, 14.586819999000056], [44.17566, 14.59626], [44.18405233400006, 14.609543958000074], [44.18824957500004, 14.613356378000049], [44.198481722000054, 14.596155865000071], [44.20487825500004, 14.592883220000033], [44.20750839100003, 14.580330737000054], [44.21342, 14.57429], [44.22791, 14.57293], [44.24834, 14.57465], [44.25186, 14.58134], [44.26067, 14.58504], [44.2639, 14.58942], [44.26079, 14.60496], [44.25207, 14.62388], [44.2578, 14.64613], [44.26161, 14.65502]]]}}, {"type": "Feature", "properties": {"zoneId": "YEM-hajjah-abs"}, "geometry": {"type": "Polygon", "coordinates": [[[42.82794902300003, 15.94821300700005], [42.82630627800006, 15.945204468000043], [42.82702536000005, 15.939316979000068], [42.82495799800006, 15.937519272000031], [42.82314993700004, 15.93853529300003], [42.81776717200006, 15.928395912000042], [42.82001430500003, 15.91931749400004], [42.821991782000055, 15.924081417000025], [42.82635122100004, 15.925204983000071], [42.82760961500003, 15.924351072000036], [42.82176706800004, 15.920530945000053], [42.82192298600006, 15.918351548000032], [42.82486811200005, 15.921474742000044], [42.82787927100003, 15.922058996000032], [42.83044100300003, 15.920800602000043], [42.831205028000056, 15.916710819000059], [42.826126507000026, 15.908171713000058], [42.82221649500008, 15.908441369000059], [42.82037384700004, 15.904756070000076], [42.81916039500004, 15.904980784000031], [42.817902, 15.898823639000057], [42.81996936200005, 15.901205600000026], [42.82217155300003, 15.900171919000059], [42.82190189700003, 15.897295589000066], [42.81978959200006, 15.897385474000032], [42.81974464900003, 15.896216964000075], [42.82203672400004, 15.893070978000026], [42.81794694200005, 15.887003718000074], [42.81830648400006, 15.879048867000051], [42.81628406400006, 15.877610702000027], [42.81776717200006, 15.875498396000069], [42.81543015300008, 15.873116435000043], [42.81540768200006, 15.870258363000062], [42.81287965700005, 15.86934827400006], [42.816166089000035, 15.867325854000057], [42.814826236000044, 15.864803447000043], [42.86016362500004, 15.838793300000077], [42.87189726300005, 15.825504571000067], [42.88235, 15.81918], [42.92778556300004, 15.813804635000054], [42.94291434000007, 15.813444427000036], [42.96643, 15.814], [43.03053109800004, 15.820863419000034], [43.10269061300005, 15.842814834000023], [43.13285808400008, 15.856631997000022], [43.180326422000064, 15.873420692000025], [43.20419, 15.88472], [43.21245, 15.8852], [43.22359, 15.881679999000028], [43.21931, 15.88859], [43.21986, 15.89371], [43.21385, 15.90114999900004], [43.2139, 15.91657], [43.21706, 15.92142], [43.21698, 15.92575], [43.22025, 15.93134], [43.22589, 15.936279999000021], [43.23643, 15.94234], [43.24625, 15.9455], [43.25813, 15.95446], [43.2763, 15.95466], [43.28987, 15.95687], [43.28801, 15.96734], [43.28274, 15.98228], [43.27489, 15.99653999900005], [43.25897, 16.01808999900004], [43.25719, 16.02448], [43.24217, 16.03462], [43.23113, 16.03892], [43.22378, 16.04856], [43.22317, 16.08523], [43.22985, 16.10423], [43.23425, 16.13141], [43.23293, 16.14562], [43.22823, 16.159279999000034], [43.23008, 16.17275], [43.22917, 16.17915], [43.21871, 16.18559], [43.20825, 16.209989999000072], [43.20397, 16.21516], [43.17406, 16.22027], [43.14238, 16.21924], [43.13029, 16.223009999000055], [43.07676, 16.21851], [43.06271, 16.21666], [43.05046, 16.21297], [43.03627, 16.21665], [43.02692, 16.216149999000038], [43.001, 16.21069], [42.98718, 16.21228], [42.95607, 16.20721], [42.96856, 16.161069999000063], [42.96253, 16.13702999900005], [42.95999, 16.11217], [42.95378, 16.0924], [42.95237, 16.04873], [42.95328, 16.02557], [42.95162, 16.01678], [42.94854, 16.0099], [42.94253, 16.00159], [42.92582, 15.98928], [42.9243, 15.98657], [42.92338, 15.97498], [42.91687, 15.962809999000058], [42.90644, 15.95662], [42.89572, 15.94796], [42.87469, 15.94576], [42.82794902300003, 15.94821300700005]]]}}, {"type": "Feature", "properties": {"zoneId": "YEM-hajjah-aflah-al-yaman"}, "geometry": {"type": "Polygon", "coordinates": [[[43.4321, 16.03798], [43.42888, 16.03813], [43.42923, 16.03491], [43.42642, 16.03091], [43.42313, 16.02035999900005], [43.41745, 16.01296], [43.41032, 16.01443], [43.40228, 16.01098], [43.39908, 16.01437], [43.38623, 16.008369999000024], [43.38606, 16.005389999000045], [43.38087, 15.99817], [43.38163, 15.98835], [43.39801, 15.9719], [43.40117, 15.96454], [43.39766, 15.95344], [43.39375, 15.952779999000029], [43.39244, 15.95011], [43.39393, 15.94421], [43.39105, 15.93766], [43.40081, 15.93618], [43.40302, 15.93735], [43.40811, 15.9358], [43.41218, 15.92324], [43.41417, 15.922009999000068], [43.42623, 15.92102], [43.42896, 15.927899999000033], [43.42921, 15.9395], [43.42548, 15.94621], [43.42373, 15.94682], [43.42431, 15.94867], [43.43455, 15.95242999900006], [43.43775166800003, 15.95501065700006], [43.438623764000056, 15.959075705000032], [43.436422261000075, 15.96830112300006], [43.44052, 15.972679999000036], [43.44733, 15.98912], [43.42997, 15.99224], [43.4316, 16.00198], [43.42757, 16.009549999000058], [43.4273, 16.01609], [43.43308, 16.02861], [43.4321, 16.03798]]]}}, {"type": "Feature", "properties": {"zoneId": "YEM-hajjah-aflah-ash-sham"}, "geometry": {"type": "Polygon", "coordinates": [[[43.43619, 16.08095], [43.42795, 16.07976], [43.42384, 16.082239999000024], [43.41153, 16.09766], [43.40194, 16.09759], [43.40294, 16.090519999000037], [43.40157, 16.07968], [43.40304, 16.07663], [43.39945, 16.07737], [43.40056, 16.0734], [43.39957, 16.06973], [43.39274, 16.06042], [43.39159, 16.05234], [43.38974, 16.05089], [43.3913, 16.04802], [43.39089, 16.04364], [43.38595, 16.02573], [43.38738, 16.01918], [43.38349, 16.01771], [43.37881, 16.02187], [43.37706, 16.02152], [43.3787, 16.01577], [43.38623, 16.008369999000024], [43.39908, 16.01437], [43.40228, 16.01098], [43.41032, 16.01443], [43.41745, 16.01296], [43.42313, 16.02035999900005], [43.42642, 16.03091], [43.42923, 16.03491], [43.42888, 16.03813], [43.4321, 16.03798], [43.44203, 16.03918], [43.44605, 16.04157], [43.44739, 16.04847], [43.44675, 16.05966], [43.44328, 16.06855], [43.43619, 16.08095]]]}}, {"type": "Feature", "properties": {"zoneId": "YEM-hajjah-al-jamimah"}, "geometry": {"type": "Polygon", "coordinates": [[[43.572822330000065, 16.098172977000047], [43.55586567000006, 16.09883626900006], [43.53922857800006, 16.10270783900006], [43.527305899000055, 16.103274963000047], [43.513349289000075, 16.098173020000047], [43.500608957000054, 16.083388246000027], [43.48633, 16.08392], [43.47946, 16.082339999000055], [43.4754, 16.08541], [43.46597, 16.08675], [43.4578, 16.09092], [43.43987, 16.09673], [43.43533, 16.08852], [43.43619, 16.08095], [43.44328, 16.06855], [43.45861, 16.0745], [43.48071, 16.07701], [43.48488, 16.07527], [43.49434, 16.06726], [43.4979, 16.06151999900004], [43.49864, 16.05722], [43.49777, 16.05477], [43.49026, 16.04872], [43.48943, 16.03686], [43.49398, 16.0321], [43.49622, 16.03213], [43.49657, 16.03424], [43.49866, 16.03486], [43.50007, 16.03304], [43.51542, 16.00266], [43.51932, 16.00068], [43.54147, 15.99905], [43.54522, 15.996680001000072], [43.54783, 15.990650001000063], [43.548590001000036, 15.983680001000039], [43.54136, 15.97235], [43.55658000100004, 15.970830001000024], [43.56048000100003, 15.96885], [43.56699, 15.97003], [43.57265999900005, 15.96343999800007], [43.57323803600008, 15.958120954000037], [43.581980001000034, 15.96162], [43.58320000100008, 15.96714], [43.59057, 15.97889], [43.59438, 15.97958], [43.59672, 15.98277], [43.59858, 15.98233], [43.60132, 15.98493], [43.61286, 15.98782], [43.62562, 15.99995], [43.62856, 16.00508], [43.62287, 16.0208], [43.61338, 16.02749], [43.60469, 16.0385], [43.60096, 16.05029], [43.57821, 16.09166], [43.572822330000065, 16.098172977000047]]]}}, {"type": "Feature", "properties": {"zoneId": "YEM-hajjah-al-maghrabah"}, "geometry": {"type": "Polygon", "coordinates": [[[43.50631, 15.92459], [43.50575, 15.9207], [43.50747, 15.91668], [43.52354, 15.903519999000025], [43.52789, 15.89811], [43.5334, 15.87912], [43.5334, 15.87173], [43.51901, 15.85872], [43.5186, 15.84305], [43.51149552600003, 15.826158071000066], [43.53051, 15.82906], [43.53854, 15.83453], [43.55238, 15.83629], [43.55866, 15.83333], [43.56848, 15.82587], [43.57647, 15.81646], [43.59354, 15.80509], [43.601147430000026, 15.802360819000057], [43.60674, 15.80148], [43.61293, 15.797259999000062], [43.62018, 15.79662], [43.62822, 15.80099], [43.63319, 15.80086], [43.64564, 15.80464], [43.65099, 15.812769999000068], [43.65238, 15.81761], [43.65681, 15.82293], [43.66449, 15.844640001000073], [43.66851, 15.84688], [43.67769, 15.84827000100006], [43.68786000100005, 15.853800001000025], [43.69689, 15.85574], [43.69858, 15.8541], [43.698250001000076, 15.84983], [43.69503, 15.848640001000035], [43.69723, 15.84091], [43.70098000100006, 15.84624], [43.701560001000075, 15.84316], [43.70521000100007, 15.84651000100007], [43.70993, 15.85838], [43.71662, 15.86395], [43.71467, 15.86761], [43.71521, 15.88313], [43.71178, 15.89799], [43.70416, 15.91518], [43.70777, 15.93], [43.70801, 15.94102], [43.70429, 15.95558], [43.6979, 15.9681], [43.69704, 15.9781], [43.68635, 15.988460001000021], [43.67569489400006, 15.99630978500005], [43.67299425700003, 16.005551309000055], [43.67000965100004, 16.006939814000077], [43.66396177200005, 16.00661449000006], [43.66099027200005, 16.001064075000045], [43.65611, 15.99849000100005], [43.64943, 15.99205], [43.640786423000065, 15.993895635000058], [43.63889585100003, 15.992387877000056], [43.62645000100008, 15.974020001000042], [43.62145499600007, 15.969046358000071], [43.615600001000075, 15.958380001000023], [43.6023, 15.939870001000031], [43.59749000100004, 15.93651], [43.582227912000064, 15.930700946000059], [43.57716, 15.92737], [43.56562, 15.92502999900006], [43.55944, 15.92652], [43.54582, 15.92544], [43.53583, 15.9306], [43.52449, 15.93382], [43.51115, 15.92999], [43.50631, 15.92459]]]}}, {"type": "Feature", "properties": {"zoneId": "YEM-hajjah-al-mahabishah"}, "geometry": {"type": "MultiPolygon", "coordinates": [[[[43.36431, 15.94507999900003], [43.36926934400003, 15.941404586000033], [43.37041, 15.94403], [43.37777, 15.94194999900003], [43.38201, 15.94017], [43.38205, 15.9378], [43.38355, 15.93763], [43.38435, 15.93942], [43.39105, 15.93766], [43.39393, 15.94421], [43.39244, 15.95011], [43.39375, 15.952779999000029], [43.39766, 15.95344], [43.40117, 15.96454], [43.39801, 15.9719], [43.38163, 15.98835], [43.37648, 15.97884], [43.38078, 15.96145], [43.36431, 15.94507999900003]]], [[[43.4215, 15.89276], [43.43364, 15.892569999000045], [43.44498, 15.89669], [43.4577, 15.897079999000027], [43.45991, 15.89604999900007], [43.46198, 15.89193], [43.47191, 15.8902], [43.48384, 15.877979999000047], [43.51901, 15.85872], [43.5334, 15.87173], [43.5334, 15.87912], [43.52789, 15.89811], [43.52354, 15.903519999000025], [43.50747, 15.91668], [43.50575, 15.9207], [43.50631, 15.92459], [43.49608, 15.93358], [43.48959, 15.94989], [43.48133, 15.95459], [43.47265, 15.94876], [43.46801, 15.94962], [43.46336, 15.95314], [43.46046, 15.95775], [43.45535, 15.97305], [43.46062509500007, 15.983230744000025], [43.45465, 15.9843], [43.44733, 15.98912], [43.44052, 15.972679999000036], [43.436422261000075, 15.96830112300006], [43.438623764000056, 15.959075705000032], [43.43775166800003, 15.95501065700006], [43.43455, 15.95242999900006], [43.42431, 15.94867], [43.42373, 15.94682], [43.42548, 15.94621], [43.42921, 15.9395], [43.42896, 15.927899999000033], [43.42623, 15.92102], [43.42312, 15.91497], [43.4215, 15.89276]]]]}}, {"type": "Feature", "properties": {"zoneId": "YEM-hajjah-al-miftah"}, "geometry": {"type": "Polygon", "coordinates": [[[43.54136, 15.97235], [43.52758, 15.97586], [43.51371, 15.9818], [43.50913, 15.981969999000057], [43.50524, 15.98753], [43.49955, 15.99181], [43.49376, 15.99397], [43.47678, 15.99049], [43.46843, 15.99397], [43.46293, 15.99892], [43.45857, 16.0], [43.45396, 15.9987], [43.44688, 15.9941], [43.44733, 15.98912], [43.45465, 15.9843], [43.46062509500007, 15.983230744000025], [43.45535, 15.97305], [43.46046, 15.95775], [43.46336, 15.95314], [43.46801, 15.94962], [43.47265, 15.94876], [43.48133, 15.95459], [43.48959, 15.94989], [43.49608, 15.93358], [43.50631, 15.92459], [43.51115, 15.92999], [43.52449, 15.93382], [43.53583, 15.9306], [43.54582, 15.92544], [43.55944, 15.92652], [43.56562, 15.92502999900006], [43.57716, 15.92737], [43.582227912000064, 15.930700946000059], [43.583724725000025, 15.936723141000073], [43.57949290100004, 15.942219860000023], [43.58392240000006, 15.946694552000054], [43.58366662900005, 15.951354220000042], [43.581293849000076, 15.952547105000065], [43.57486343700003, 15.946965971000054], [43.57323803600008, 15.958120954000037], [43.57265999900005, 15.96343999800007], [43.56699, 15.97003], [43.56048000100003, 15.96885], [43.55658000100004, 15.970830001000024], [43.54136, 15.97235]]]}}, {"type": "Feature", "properties": {"zoneId": "YEM-hajjah-aslam"}, "geometry": {"type": "Polygon", "coordinates": [[[43.28987, 15.95687], [43.29722, 15.954239999000038], [43.30743, 15.94286], [43.31763, 15.941049999000029], [43.33358, 15.93365], [43.34501, 15.93355], [43.34724, 15.93551], [43.34383, 15.94162], [43.34553, 15.95014], [43.34333, 15.9584], [43.34463, 15.96308], [43.34362, 15.97929], [43.34524, 15.98565], [43.3617, 15.99453], [43.36674, 16.00231], [43.36577, 16.006649999000047], [43.3568, 16.02022], [43.35459, 16.02092], [43.35207, 16.01731], [43.34975, 16.01793], [43.34923, 16.03857], [43.35235, 16.04489], [43.34831, 16.05256], [43.3485, 16.05908], [43.35174, 16.06233], [43.35472, 16.07054], [43.36595, 16.07844], [43.36679, 16.08304], [43.36243, 16.08422], [43.35993, 16.08178], [43.35426, 16.08167], [43.34387, 16.09092], [43.33594, 16.10817], [43.32672, 16.11537], [43.32231, 16.11466], [43.2769, 16.1567], [43.27365, 16.16326], [43.27686, 16.17592], [43.26583, 16.18268], [43.25252, 16.18433], [43.24992, 16.18429], [43.24532, 16.17517], [43.2417, 16.17278], [43.23946, 16.17941], [43.22917, 16.17915], [43.23008, 16.17275], [43.22823, 16.159279999000034], [43.23293, 16.14562], [43.23425, 16.13141], [43.22985, 16.10423], [43.22317, 16.08523], [43.22378, 16.04856], [43.23113, 16.03892], [43.24217, 16.03462], [43.25719, 16.02448], [43.25897, 16.01808999900004], [43.27489, 15.99653999900005], [43.28274, 15.98228], [43.28801, 15.96734], [43.28987, 15.95687]]]}}, {"type": "Feature", "properties": {"zoneId": "YEM-hajjah-bakil-al-mir"}, "geometry": {"type": "Polygon", "coordinates": [[[43.23472214700007, 16.642836815000067], [43.22686111000007, 16.641694440000038], [43.223611110000036, 16.64761111000007], [43.21885057700007, 16.649088130000052], [43.21807807500005, 16.641680251000025], [43.2197, 16.63764], [43.22272, 16.63421], [43.23387, 16.62829], [43.23716, 16.6224], [43.23659, 16.61628], [43.22482, 16.61866], [43.22085, 16.61787], [43.21561, 16.60538], [43.21678, 16.58634], [43.22139, 16.57791], [43.22617, 16.56103], [43.21542, 16.541329999000027], [43.19049, 16.51618], [43.18931, 16.5118], [43.19303, 16.50346], [43.21181, 16.49811], [43.22417, 16.49644], [43.24801, 16.48823], [43.2613, 16.48166], [43.27087, 16.47477], [43.27346, 16.47131], [43.27567, 16.4645], [43.27582, 16.45776], [43.27131, 16.436909999000022], [43.26829, 16.40107], [43.26765, 16.3738], [43.26912, 16.36735], [43.2901, 16.36799], [43.30878, 16.37434], [43.31966, 16.37586], [43.3315, 16.37876], [43.33878, 16.38391], [43.34666, 16.39341], [43.37446, 16.41744], [43.40535, 16.45632], [43.42974, 16.455629999000053], [43.45034, 16.45281], [43.47661, 16.44557], [43.48903, 16.43599], [43.50117, 16.43607], [43.49620548200005, 16.612710605000075], [43.47075074900005, 16.612493776000065], [43.44616868400004, 16.619574922000027], [43.43771294000004, 16.619753613000057], [43.42876354500004, 16.61887906000004], [43.41790967700007, 16.615487786000074], [43.412748915000066, 16.611978127000043], [43.40920113200008, 16.605736755000066], [43.40678533000005, 16.604346278000037], [43.34214170900003, 16.59803024400003], [43.330908124000075, 16.600200035000057], [43.32199660200007, 16.604808998000067], [43.30745264300003, 16.612196281000024], [43.27386502200005, 16.633708906000038], [43.25893, 16.63698], [43.245532395000055, 16.637441815000045], [43.23728516500006, 16.640296626000065], [43.23472214700007, 16.642836815000067]]]}}, {"type": "Feature", "properties": {"zoneId": "YEM-hajjah-bani-al-awam"}, "geometry": {"type": "Polygon", "coordinates": [[[43.56914, 15.60747], [43.56483, 15.59999], [43.57187, 15.589639999000042], [43.57134, 15.58245], [43.56771, 15.58295], [43.56215000100008, 15.57655], [43.556680001000075, 15.57291], [43.55281, 15.557160001000057], [43.54889, 15.554270001000077], [43.54891175500006, 15.546734663000052], [43.554284007000035, 15.54551561900007], [43.560888555000076, 15.541351941000073], [43.57449407800004, 15.541911090000042], [43.580039759000044, 15.540604375000044], [43.582121467000036, 15.537285499000063], [43.58405774800008, 15.538231617000065], [43.58581967900005, 15.542830833000039], [43.589403864000076, 15.540761055000075], [43.59161581600006, 15.542690851000032], [43.59459804900007, 15.541228861000036], [43.602154324000026, 15.541083710000066], [43.60332531500006, 15.542266286000029], [43.60667904400003, 15.53987279200004], [43.60891568300008, 15.540892202000066], [43.610764492000044, 15.538624846000062], [43.613934991000065, 15.539077804000044], [43.61689529600005, 15.534658363000062], [43.622753715000044, 15.53149833200007], [43.62929533000005, 15.532636616000048], [43.628569482000046, 15.534611536000057], [43.631027165000035, 15.535949636000055], [43.63106292000003, 15.53848251900007], [43.64781, 15.55588], [43.66348359700004, 15.583539876000032], [43.64616, 15.59687], [43.63885, 15.5989], [43.63557, 15.6102], [43.62723, 15.60838], [43.62492943800004, 15.605889282000078], [43.61403, 15.61493], [43.60534, 15.61702], [43.5985, 15.62346], [43.59641, 15.62845], [43.59236, 15.630729999000039], [43.58705, 15.63017], [43.58346, 15.62696], [43.58067, 15.61806], [43.58295, 15.61241], [43.58193, 15.61051], [43.57529, 15.607909999000071], [43.56914, 15.60747]]]}}, {"type": "Feature", "properties": {"zoneId": "YEM-hajjah-bani-qays"}, "geometry": {"type": "Polygon", "coordinates": [[[43.24334, 15.68223000100005], [43.23509000100006, 15.668420001000072], [43.22251, 15.62038], [43.22454, 15.59017], [43.2279, 15.57028], [43.22658, 15.55821], [43.22357, 15.53899], [43.223340001000054, 15.513260001000049], [43.22489302200006, 15.505761496000048], [43.24498059500007, 15.509497090000025], [43.288061311000035, 15.527708034000057], [43.30074, 15.52949], [43.31545, 15.53436], [43.363374289000035, 15.536411906000069], [43.37836491100006, 15.541408403000048], [43.41532051300004, 15.547711970000023], [43.43703251100004, 15.546848779000072], [43.43370969400007, 15.552198651000026], [43.431399999000064, 15.56536], [43.44238000100006, 15.572150001000068], [43.446630001000074, 15.57743], [43.44939, 15.58249], [43.45028, 15.592580001000044], [43.44587, 15.608], [43.44928, 15.62355000100007], [43.44646000100005, 15.62678], [43.43784, 15.624100001000045], [43.43587, 15.62509], [43.43734000100005, 15.63626], [43.43708, 15.654160001000037], [43.44129, 15.659440001000064], [43.44756, 15.65975], [43.44777000100004, 15.66495], [43.4399, 15.67003], [43.431710001000056, 15.68682], [43.42501000100003, 15.68994], [43.421980001000065, 15.69282000100003], [43.42102, 15.69604], [43.42601, 15.70281], [43.44317, 15.708869999000058], [43.44033, 15.71708], [43.44135, 15.732699999000033], [43.44355, 15.73856], [43.42917, 15.73833], [43.42172, 15.7399], [43.4149, 15.74339], [43.40429, 15.753309999000066], [43.39782, 15.75631], [43.38366, 15.75361], [43.37642, 15.75557], [43.37448, 15.75261], [43.37216, 15.741989999000054], [43.36161, 15.73346], [43.35944, 15.73325], [43.34052, 15.74338], [43.33352, 15.74964], [43.32914, 15.74976], [43.3282, 15.75128], [43.32695, 15.749609999000029], [43.32393, 15.75527], [43.32241, 15.75032], [43.31563, 15.74839], [43.28473, 15.731], [43.27763, 15.71959], [43.26968, 15.71283], [43.27016, 15.69714], [43.26671, 15.681570001000068], [43.24334, 15.68223000100005]]]}}, {"type": "Feature", "properties": {"zoneId": "YEM-hajjah-hajjah-city"}, "geometry": {"type": "Polygon", "coordinates": [[[43.558379960000025, 15.672506665000071], [43.56852, 15.67132], [43.58033, 15.66746], [43.59979146100005, 15.663711068000055], [43.60596205100006, 15.660283484000047], [43.61034101000007, 15.655130975000077], [43.60632, 15.65013], [43.6069, 15.64582], [43.60898, 15.64307], [43.61996, 15.64508], [43.62537, 15.66375], [43.63109, 15.67001], [43.63468, 15.66913], [43.63345, 15.67598], [43.63453818100004, 15.68615554300004], [43.626673468000035, 15.69617919600006], [43.63195, 15.6999], [43.63333, 15.70614], [43.63814, 15.71466], [43.635, 15.71766], [43.62207, 15.72334], [43.612024216000066, 15.725449651000076], [43.600681344000066, 15.715136219000044], [43.59356882800006, 15.711900376000074], [43.58588, 15.71251], [43.564401263000036, 15.703555736000055], [43.551386054000034, 15.682941796000023], [43.558379960000025, 15.672506665000071]]]}}, {"type": "Feature", "properties": {"zoneId": "YEM-hajjah-khayran-al-muharraq"}, "geometry": {"type": "Polygon", "coordinates": [[[43.27686, 16.17592], [43.27365, 16.16326], [43.2769, 16.1567], [43.32231, 16.11466], [43.32672, 16.11537], [43.33594, 16.10817], [43.34387, 16.09092], [43.35426, 16.08167], [43.35993, 16.08178], [43.36243, 16.08422], [43.36679, 16.08304], [43.36595, 16.07844], [43.35472, 16.07054], [43.35174, 16.06233], [43.3485, 16.05908], [43.34831, 16.05256], [43.35235, 16.04489], [43.34923, 16.03857], [43.34975, 16.01793], [43.35207, 16.01731], [43.35459, 16.02092], [43.3568, 16.02022], [43.36577, 16.006649999000047], [43.36674, 16.00231], [43.3617, 15.99453], [43.34524, 15.98565], [43.34362, 15.97929], [43.34463, 15.96308], [43.34333, 15.9584], [43.3504, 15.95565], [43.36059, 15.94521], [43.36431, 15.94507999900003], [43.38078, 15.96145], [43.37648, 15.97884], [43.38163, 15.98835], [43.38087, 15.99817], [43.38606, 16.005389999000045], [43.38623, 16.008369999000024], [43.3787, 16.01577], [43.37706, 16.02152], [43.37881, 16.02187], [43.38349, 16.01771], [43.38738, 16.01918], [43.38595, 16.02573], [43.39089, 16.04364], [43.3913, 16.04802], [43.38974, 16.05089], [43.39159, 16.05234], [43.39274, 16.06042], [43.39957, 16.06973], [43.40056, 16.0734], [43.39945, 16.07737], [43.40304, 16.07663], [43.40157, 16.07968], [43.40294, 16.090519999000037], [43.40194, 16.09759], [43.39916, 16.11447], [43.39408, 16.12804], [43.38595, 16.13648], [43.37583, 16.1398], [43.37777, 16.14409], [43.37821, 16.151539999000022], [43.37444, 16.1521], [43.37349, 16.1535], [43.37483, 16.16273], [43.37869, 16.16566], [43.37859, 16.16802], [43.37619, 16.16835], [43.37599, 16.17014], [43.37906, 16.17598], [43.37224, 16.18211], [43.37049, 16.19155999900005], [43.3619, 16.19144], [43.35514, 16.197599999000033], [43.34899, 16.2001], [43.3369, 16.20039], [43.33361, 16.20342], [43.3266, 16.20286999900003], [43.31117, 16.19712], [43.30923, 16.19925], [43.30217, 16.196659999000076], [43.3031, 16.186199999000053], [43.29706, 16.18118], [43.28923, 16.18013], [43.28208, 16.176499999000043], [43.27686, 16.17592]]]}}, {"type": "Feature", "properties": {"zoneId": "YEM-hajjah-ku-aydinah"}, "geometry": {"type": "Polygon", "coordinates": [[[43.22359, 15.881679999000028], [43.23913, 15.874029999000072], [43.24311, 15.86922], [43.24479, 15.84012], [43.24437, 15.80685], [43.2397, 15.76661], [43.23548, 15.75791], [43.2238, 15.74326], [43.21394, 15.724809999000058], [43.21477, 15.712], [43.22455, 15.69856], [43.23092, 15.69269], [43.24361, 15.68788], [43.24454, 15.68434], [43.24334, 15.68223000100005], [43.26671, 15.681570001000068], [43.27016, 15.69714], [43.26968, 15.71283], [43.27763, 15.71959], [43.28473, 15.731], [43.31563, 15.74839], [43.32241, 15.75032], [43.32393, 15.75527], [43.32695, 15.749609999000029], [43.3282, 15.75128], [43.32914, 15.74976], [43.33352, 15.74964], [43.34052, 15.74338], [43.35944, 15.73325], [43.36161, 15.73346], [43.37216, 15.741989999000054], [43.37448, 15.75261], [43.37642, 15.75557], [43.38366, 15.75361], [43.39782, 15.75631], [43.40429, 15.753309999000066], [43.4149, 15.74339], [43.42172, 15.7399], [43.42917, 15.73833], [43.44355, 15.73856], [43.46613, 15.73819], [43.49576, 15.73333], [43.49262, 15.74484], [43.47999, 15.75366], [43.48328, 15.758969999000044], [43.47881, 15.76338], [43.48277, 15.76836], [43.48369, 15.772919999000067], [43.48196, 15.775329999000064], [43.501, 15.778669999000044], [43.50604, 15.7864], [43.50844, 15.79565], [43.5092, 15.81655], [43.51149552600003, 15.826158071000066], [43.47838, 15.82967], [43.47044, 15.835], [43.46352, 15.83578], [43.45442, 15.83264], [43.45184, 15.82886], [43.45671, 15.82519], [43.45848, 15.82121999900005], [43.45847, 15.81911], [43.45464, 15.81672], [43.43149, 15.813], [43.41274, 15.81479], [43.40682, 15.81895], [43.39663, 15.83226], [43.3906, 15.847379999000054], [43.38378, 15.8539], [43.38174, 15.85831], [43.37655, 15.85703], [43.36631, 15.85616], [43.35472, 15.85982], [43.34938, 15.862669999000047], [43.34763, 15.86683], [43.33659, 15.87409], [43.33214, 15.87449], [43.32916, 15.87664], [43.32479, 15.87506], [43.32422, 15.88194], [43.32244, 15.88188], [43.32144, 15.87915], [43.31612, 15.88219], [43.3053, 15.88124], [43.30542, 15.89041], [43.29753, 15.90206], [43.29604, 15.90843], [43.29923, 15.93773999900003], [43.30233, 15.94076], [43.30743, 15.94286], [43.29722, 15.954239999000038], [43.28987, 15.95687], [43.2763, 15.95466], [43.25813, 15.95446], [43.24625, 15.9455], [43.23643, 15.94234], [43.22589, 15.936279999000021], [43.22025, 15.93134], [43.21698, 15.92575], [43.21706, 15.92142], [43.2139, 15.91657], [43.21385, 15.90114999900004], [43.21986, 15.89371], [43.21931, 15.88859], [43.22359, 15.881679999000028]]]}}, {"type": "Feature", "properties": {"zoneId": "YEM-hajjah-kuhlan-ash-sharaf"}, "geometry": {"type": "Polygon", "coordinates": [[[43.44328, 16.06855], [43.44675, 16.05966], [43.44739, 16.04847], [43.44605, 16.04157], [43.44203, 16.03918], [43.4321, 16.03798], [43.43308, 16.02861], [43.4273, 16.01609], [43.42757, 16.009549999000058], [43.4316, 16.00198], [43.42997, 15.99224], [43.44733, 15.98912], [43.44688, 15.9941], [43.45396, 15.9987], [43.45857, 16.0], [43.46293, 15.99892], [43.46843, 15.99397], [43.47678, 15.99049], [43.49376, 15.99397], [43.49955, 15.99181], [43.50524, 15.98753], [43.50913, 15.981969999000057], [43.51371, 15.9818], [43.52758, 15.97586], [43.54136, 15.97235], [43.548590001000036, 15.983680001000039], [43.54783, 15.990650001000063], [43.54522, 15.996680001000072], [43.54147, 15.99905], [43.51932, 16.00068], [43.51542, 16.00266], [43.50007, 16.03304], [43.49866, 16.03486], [43.49657, 16.03424], [43.49622, 16.03213], [43.49398, 16.0321], [43.48943, 16.03686], [43.49026, 16.04872], [43.49777, 16.05477], [43.49864, 16.05722], [43.4979, 16.06151999900004], [43.49434, 16.06726], [43.48488, 16.07527], [43.48071, 16.07701], [43.45861, 16.0745], [43.44328, 16.06855]]]}}, {"type": "Feature", "properties": {"zoneId": "YEM-hajjah-kushar"}, "geometry": {"type": "Polygon", "coordinates": [[[43.572822330000065, 16.098172977000047], [43.57511, 16.112330001000032], [43.57189999900004, 16.123770001000025], [43.560824628000034, 16.192814921000036], [43.52074830000004, 16.20496231100003], [43.51809557200005, 16.20270079000005], [43.51445053000003, 16.20379685000006], [43.51543934700004, 16.206084177000037], [43.51972761900004, 16.206936550000023], [43.51538644400006, 16.213149354000052], [43.523963424000044, 16.213879688000077], [43.52531053600006, 16.215798005000067], [43.52468175100006, 16.217102074000024], [43.51888011500006, 16.216799989000037], [43.518632883000066, 16.218816993000075], [43.52325796300005, 16.221241791000068], [43.51805430100006, 16.223747624000055], [43.51800358300005, 16.22535477300005], [43.52841108100006, 16.23333391500006], [43.530002910000064, 16.23783103100004], [43.529068401000075, 16.23860961200006], [43.52344990300003, 16.23442095200005], [43.520278114000064, 16.23424931200003], [43.523181994000026, 16.24180240100003], [43.521741045000056, 16.243026024000073], [43.51785098700003, 16.240568917000076], [43.51341840300006, 16.24337904600003], [43.513517354000044, 16.245660147000024], [43.516710346000025, 16.248187226000027], [43.51429148100004, 16.258258227000056], [43.4903, 16.253429999000048], [43.47801, 16.25337], [43.459, 16.25713], [43.44176, 16.26367], [43.43197, 16.26412], [43.42567, 16.26062], [43.41892, 16.25168], [43.41507, 16.24984], [43.4039, 16.24686], [43.39851, 16.238639999000043], [43.39186, 16.23395], [43.38946, 16.23025], [43.3869, 16.23158999900005], [43.38587, 16.22616], [43.37617, 16.21451], [43.37636, 16.20465], [43.37044, 16.19517], [43.37049, 16.19155999900005], [43.37224, 16.18211], [43.37906, 16.17598], [43.37599, 16.17014], [43.37619, 16.16835], [43.37859, 16.16802], [43.37869, 16.16566], [43.37483, 16.16273], [43.37349, 16.1535], [43.37444, 16.1521], [43.37821, 16.151539999000022], [43.37777, 16.14409], [43.37583, 16.1398], [43.38595, 16.13648], [43.39408, 16.12804], [43.39916, 16.11447], [43.40194, 16.09759], [43.41153, 16.09766], [43.42384, 16.082239999000024], [43.42795, 16.07976], [43.43619, 16.08095], [43.43533, 16.08852], [43.43987, 16.09673], [43.4578, 16.09092], [43.46597, 16.08675], [43.4754, 16.08541], [43.47946, 16.082339999000055], [43.48633, 16.08392], [43.500608957000054, 16.083388246000027], [43.513349289000075, 16.098173020000047], [43.527305899000055, 16.103274963000047], [43.53922857800006, 16.10270783900006], [43.55586567000006, 16.09883626900006], [43.572822330000065, 16.098172977000047]]]}}, {"type": "Feature", "properties": {"zoneId": "YEM-hajjah-mabyan"}, "geometry": {"type": "Polygon", "coordinates": [[[43.49576, 15.73333], [43.49683, 15.71886], [43.49403, 15.71509], [43.49557, 15.7098], [43.48956, 15.69725], [43.48773, 15.688819999000032], [43.49467, 15.68602], [43.5001, 15.67897], [43.50680084600003, 15.675271912000028], [43.51177, 15.67317], [43.51855, 15.674], [43.52653737300005, 15.685610316000066], [43.541645602000074, 15.677921168000069], [43.54691764300003, 15.679588403000025], [43.551386054000034, 15.682941796000023], [43.564401263000036, 15.703555736000055], [43.58588, 15.71251], [43.59356882800006, 15.711900376000074], [43.600681344000066, 15.715136219000044], [43.612024216000066, 15.725449651000076], [43.62836870000007, 15.74117347300006], [43.628588052000055, 15.742732862000025], [43.621422696000025, 15.754361319000054], [43.601147430000026, 15.802360819000057], [43.59354, 15.80509], [43.57647, 15.81646], [43.56848, 15.82587], [43.55866, 15.83333], [43.55238, 15.83629], [43.53854, 15.83453], [43.53051, 15.82906], [43.51149552600003, 15.826158071000066], [43.5092, 15.81655], [43.50844, 15.79565], [43.50604, 15.7864], [43.501, 15.778669999000044], [43.48196, 15.775329999000064], [43.48369, 15.772919999000067], [43.48277, 15.76836], [43.47881, 15.76338], [43.48328, 15.758969999000044], [43.47999, 15.75366], [43.49262, 15.74484], [43.49576, 15.73333]]]}}, {"type": "Feature", "properties": {"zoneId": "YEM-hajjah-mustaba"}, "geometry": {"type": "Polygon", "coordinates": [[[43.26912, 16.36735], [43.26133, 16.36224], [43.24876, 16.33468], [43.2419, 16.32859], [43.23703, 16.30932], [43.22873303000006, 16.290616100000022], [43.206280664000076, 16.284002658000077], [43.18656466200008, 16.283834523000053], [43.16946154100003, 16.28713842700006], [43.16161, 16.27312], [43.15577, 16.26729], [43.15787, 16.25965], [43.15465, 16.24631], [43.15159, 16.24328], [43.14056, 16.24065], [43.13029, 16.223009999000055], [43.14238, 16.21924], [43.17406, 16.22027], [43.20397, 16.21516], [43.20825, 16.209989999000072], [43.21871, 16.18559], [43.22917, 16.17915], [43.23946, 16.17941], [43.2417, 16.17278], [43.24532, 16.17517], [43.24992, 16.18429], [43.25252, 16.18433], [43.26583, 16.18268], [43.27686, 16.17592], [43.28208, 16.176499999000043], [43.28923, 16.18013], [43.29706, 16.18118], [43.3031, 16.186199999000053], [43.30217, 16.196659999000076], [43.30923, 16.19925], [43.31117, 16.19712], [43.3266, 16.20286999900003], [43.33361, 16.20342], [43.3369, 16.20039], [43.34899, 16.2001], [43.35514, 16.197599999000033], [43.3619, 16.19144], [43.37049, 16.19155999900005], [43.37044, 16.19517], [43.37636, 16.20465], [43.37617, 16.21451], [43.37494, 16.22299], [43.37173, 16.22366], [43.37934, 16.2354], [43.36735, 16.24579999900004], [43.36564, 16.25496], [43.35127, 16.25964], [43.34611, 16.2643], [43.34338, 16.27614], [43.32898, 16.30153], [43.32863, 16.30612], [43.33058, 16.31307], [43.33557, 16.3207], [43.34278, 16.327049999000053], [43.34372, 16.33156], [43.32269, 16.34804], [43.32237, 16.35351], [43.31405, 16.35738], [43.31123, 16.36074], [43.31966, 16.37586], [43.30878, 16.37434], [43.2901, 16.36799], [43.26912, 16.36735]]]}}, {"type": "Feature", "properties": {"zoneId": "YEM-hajjah-qafl-shammar"}, "geometry": {"type": "Polygon", "coordinates": [[[43.34333, 15.9584], [43.34553, 15.95014], [43.34383, 15.94162], [43.34724, 15.93551], [43.34501, 15.93355], [43.33358, 15.93365], [43.31763, 15.941049999000029], [43.30743, 15.94286], [43.30233, 15.94076], [43.29923, 15.93773999900003], [43.29604, 15.90843], [43.29753, 15.90206], [43.30542, 15.89041], [43.3053, 15.88124], [43.31612, 15.88219], [43.32144, 15.87915], [43.32244, 15.88188], [43.32422, 15.88194], [43.32479, 15.87506], [43.32916, 15.87664], [43.33214, 15.87449], [43.33659, 15.87409], [43.34763, 15.86683], [43.34938, 15.862669999000047], [43.35472, 15.85982], [43.36631, 15.85616], [43.37655, 15.85703], [43.37624, 15.86427], [43.37201, 15.87978], [43.3722, 15.8834], [43.37611, 15.8897], [43.3852, 15.89558], [43.39025, 15.89675], [43.39853, 15.89374], [43.40087, 15.891339999000024], [43.40809, 15.88968], [43.4215, 15.89276], [43.42312, 15.91497], [43.42623, 15.92102], [43.41417, 15.922009999000068], [43.41218, 15.92324], [43.40811, 15.9358], [43.40302, 15.93735], [43.40081, 15.93618], [43.39105, 15.93766], [43.38435, 15.93942], [43.38355, 15.93763], [43.38205, 15.9378], [43.38201, 15.94017], [43.37777, 15.94194999900003], [43.37041, 15.94403], [43.36926934400003, 15.941404586000033], [43.36431, 15.94507999900003], [43.36059, 15.94521], [43.3504, 15.95565], [43.34333, 15.9584]]]}}, {"type": "Feature", "properties": {"zoneId": "YEM-hajjah-qarah"}, "geometry": {"type": "Polygon", "coordinates": [[[43.40535, 16.45632], [43.42121, 16.4301], [43.43095, 16.42282], [43.43393, 16.41248999900006], [43.43568, 16.39074], [43.43288, 16.38416], [43.43533, 16.36899], [43.42974, 16.34719], [43.43294, 16.34064], [43.43618, 16.32801], [43.42789, 16.31631], [43.43343, 16.31475], [43.43239, 16.31161], [43.42848, 16.30772], [43.42541, 16.29859], [43.42498, 16.29228], [43.42774, 16.28475], [43.43208, 16.281], [43.42819, 16.27915], [43.42624, 16.27638], [43.42723, 16.2756], [43.42653, 16.26768], [43.4236, 16.26219], [43.4197, 16.26112], [43.41649, 16.25836], [43.41507, 16.24984], [43.41892, 16.25168], [43.42567, 16.26062], [43.43197, 16.26412], [43.44176, 16.26367], [43.459, 16.25713], [43.47801, 16.25337], [43.4903, 16.253429999000048], [43.51429148100004, 16.258258227000056], [43.51524501600005, 16.26592366600005], [43.51723490100005, 16.269403193000073], [43.52236618000006, 16.27320171300005], [43.524104977000036, 16.278296710000063], [43.51836599600006, 16.284874208000076], [43.51838649600006, 16.29124441500005], [43.52114108000006, 16.293045998000025], [43.52745618800003, 16.289426456000058], [43.52946717000003, 16.290133569000034], [43.52837479800007, 16.296842613000024], [43.53044507000004, 16.303359124000053], [43.52778869000008, 16.307671893000077], [43.52172586200004, 16.320924870000056], [43.51751, 16.336059999000042], [43.51743, 16.344], [43.52131, 16.35492], [43.51524, 16.36105], [43.51524, 16.367209999000067], [43.50989, 16.38046], [43.50888, 16.40399], [43.50616, 16.41265], [43.50187, 16.41792], [43.50117, 16.43607], [43.48903, 16.43599], [43.47661, 16.44557], [43.45034, 16.45281], [43.42974, 16.455629999000053], [43.40535, 16.45632]]]}}, {"type": "Feature", "properties": {"zoneId": "YEM-hajjah-sharas"}, "geometry": {"type": "Polygon", "coordinates": [[[43.601147430000026, 15.802360819000057], [43.621422696000025, 15.754361319000054], [43.628588052000055, 15.742732862000025], [43.62836870000007, 15.74117347300006], [43.612024216000066, 15.725449651000076], [43.62207, 15.72334], [43.635, 15.71766], [43.63814, 15.71466], [43.63333, 15.70614], [43.63195, 15.6999], [43.626673468000035, 15.69617919600006], [43.63453818100004, 15.68615554300004], [43.64142, 15.69322], [43.64783, 15.69512], [43.65097, 15.69383], [43.65226, 15.69027], [43.65048, 15.67409], [43.65443, 15.66325], [43.65846, 15.65774], [43.66461, 15.66051], [43.66752, 15.66369], [43.67938, 15.6672], [43.68532, 15.66454], [43.69063, 15.66712], [43.69821, 15.687609999000074], [43.70306, 15.692740001000061], [43.6981, 15.699310001000072], [43.68591, 15.706610001000058], [43.68410000100005, 15.710770001000071], [43.68541, 15.71262], [43.6922, 15.7143], [43.69819, 15.71822], [43.69876, 15.72227], [43.69272, 15.72528], [43.6838, 15.72456], [43.66748, 15.72876], [43.65488, 15.73509], [43.6514, 15.73828], [43.65066, 15.74042], [43.65679, 15.75931], [43.65703, 15.76535], [43.66209061600006, 15.776410116000022], [43.65923, 15.78031], [43.646643202000064, 15.789430174000074], [43.643469509000056, 15.79746693100003], [43.64564, 15.80464], [43.63319, 15.80086], [43.62822, 15.80099], [43.62018, 15.79662], [43.61293, 15.797259999000062], [43.60674, 15.80148], [43.601147430000026, 15.802360819000057]]]}}, {"type": "Feature", "properties": {"zoneId": "YEM-hajjah-wadrah"}, "geometry": {"type": "Polygon", "coordinates": [[[43.44355, 15.73856], [43.44135, 15.732699999000033], [43.44033, 15.71708], [43.44317, 15.708869999000058], [43.47112, 15.69836], [43.48124, 15.68966], [43.48773, 15.688819999000032], [43.48956, 15.69725], [43.49557, 15.7098], [43.49403, 15.71509], [43.49683, 15.71886], [43.49576, 15.73333], [43.46613, 15.73819], [43.44355, 15.73856]]]}}, {"type": "Feature", "properties": {"zoneId": "YEM-hajjah-washhah"}, "geometry": {"type": "Polygon", "coordinates": [[[43.31966, 16.37586], [43.31123, 16.36074], [43.31405, 16.35738], [43.32237, 16.35351], [43.32269, 16.34804], [43.34372, 16.33156], [43.34278, 16.327049999000053], [43.33557, 16.3207], [43.33058, 16.31307], [43.32863, 16.30612], [43.32898, 16.30153], [43.34338, 16.27614], [43.34611, 16.2643], [43.35127, 16.25964], [43.36564, 16.25496], [43.36735, 16.24579999900004], [43.37934, 16.2354], [43.37173, 16.22366], [43.37494, 16.22299], [43.37617, 16.21451], [43.38587, 16.22616], [43.3869, 16.23158999900005], [43.38946, 16.23025], [43.39186, 16.23395], [43.39851, 16.238639999000043], [43.4039, 16.24686], [43.41507, 16.24984], [43.41649, 16.25836], [43.4197, 16.26112], [43.4236, 16.26219], [43.42653, 16.26768], [43.42723, 16.2756], [43.42624, 16.27638], [43.42819, 16.27915], [43.43208, 16.281], [43.42774, 16.28475], [43.42498, 16.29228], [43.42541, 16.29859], [43.42848, 16.30772], [43.43239, 16.31161], [43.43343, 16.31475], [43.42789, 16.31631], [43.43618, 16.32801], [43.43294, 16.34064], [43.42974, 16.34719], [43.43533, 16.36899], [43.43288, 16.38416], [43.43568, 16.39074], [43.43393, 16.41248999900006], [43.43095, 16.42282], [43.42121, 16.4301], [43.40535, 16.45632], [43.37446, 16.41744], [43.34666, 16.39341], [43.33878, 16.38391], [43.3315, 16.37876], [43.31966, 16.37586]]]}}, {"type": "Feature", "properties": {"zoneId": "YEM-ibb-al-qafr"}, "geometry": {"type": "MultiPolygon", "coordinates": [[[[43.82967526400006, 14.18607267300007], [43.82574, 14.200060001000054], [43.826650001000075, 14.21048], [43.83003000100007, 14.220120001000055], [43.84501270100003, 14.243437365000034], [43.84566628500005, 14.246694025000068], [43.84425022000005, 14.250022429000069], [43.83951551300004, 14.252790553000068], [43.82074, 14.25801], [43.81748, 14.254920001000073], [43.81782000100003, 14.25288], [43.81900183500005, 14.249356411000065], [43.82586638400005, 14.246198064000055], [43.824792202000026, 14.238099207000062], [43.81986414000005, 14.234069074000047], [43.80895000100003, 14.231320001000029], [43.80415, 14.228590001000043], [43.78916000100003, 14.19282000100003], [43.783877690000054, 14.153707305000069], [43.80751265200007, 14.173678420000044], [43.822261215000026, 14.179507028000046], [43.82967526400006, 14.18607267300007]]], [[[44.171476709000046, 14.386645422000072], [44.1568, 14.38287], [44.145039172000054, 14.376069076000022], [44.12539, 14.3706], [44.10382, 14.36877], [44.0951, 14.3641], [44.08604, 14.36424], [44.08753629100005, 14.369402913000044], [44.08362240300005, 14.377719623000075], [44.08075727200003, 14.389734689000022], [44.07818511700003, 14.411309387000074], [44.08005117700003, 14.430016784000031], [44.07570844800006, 14.460529439000027], [44.069851001000075, 14.46170464200003], [44.06302, 14.45447], [44.05734, 14.453], [44.05316, 14.44888], [44.04835, 14.44709], [44.043649206000055, 14.439874478000036], [44.02973986200004, 14.425701194000055], [44.02602, 14.41919], [44.019002733000036, 14.413867692000053], [44.01988000100005, 14.409670001000052], [44.018740001000026, 14.403069999000024], [44.01389, 14.39683], [44.01012, 14.394539999000074], [44.00428, 14.39375], [43.99821, 14.38781], [43.99489902700003, 14.38103632900004], [43.98394, 14.38084], [43.97687317200007, 14.377396141000077], [43.97100616300003, 14.372411251000074], [43.96912291900003, 14.367497160000028], [43.968281501000035, 14.344482136000067], [43.96522767500005, 14.344075633000045], [43.96322667800007, 14.345453654000039], [43.95511628700007, 14.359611073000053], [43.94641, 14.360809999000026], [43.93364810000003, 14.356908344000033], [43.93056896100006, 14.353689494000037], [43.92885912500003, 14.347081209000066], [43.926317475000076, 14.346757726000021], [43.92054100200005, 14.349206951000042], [43.916381942000044, 14.348883468000054], [43.91009713900007, 14.341073676000065], [43.91035418000007, 14.337795921000065], [43.91873874300006, 14.32198820700006], [43.92613262900005, 14.317135970000038], [43.92959851400008, 14.311636768000028], [43.93159495700007, 14.287891256000023], [43.93672, 14.281990001000054], [43.92933, 14.26901], [43.92199000100004, 14.24878], [43.91332, 14.234860001000072], [43.90451103000004, 14.226673885000025], [43.91749567800008, 14.213314443000058], [43.92131683100007, 14.205615772000044], [43.92540753000003, 14.207787111000073], [43.959874359000025, 14.208320513000047], [43.96996666600006, 14.199501054000052], [43.992210690000036, 14.204773955000064], [43.99388569300004, 14.205988915000034], [43.998041716000046, 14.216076183000041], [44.00983600100005, 14.213316960000043], [44.01251386200005, 14.217124673000058], [44.017901367000036, 14.217438911000045], [44.023126776000026, 14.215594086000067], [44.028364639000074, 14.217352103000053], [44.03134722300007, 14.223626824000064], [44.031313631000046, 14.231512053000074], [44.03458093900008, 14.237658343000021], [44.04052994400007, 14.238082631000054], [44.04729650200005, 14.229160163000074], [44.05006381000004, 14.227872645000048], [44.06159586700005, 14.223093081000059], [44.08145374600008, 14.224110755000027], [44.080572044000064, 14.186898643000063], [44.094244322000065, 14.188032640000074], [44.102341128000035, 14.194515946000024], [44.12749549400007, 14.192483756000058], [44.13696974800007, 14.189584785000022], [44.15065307800006, 14.19411763200003], [44.15146433800004, 14.197569013000077], [44.14854712600004, 14.202496778000068], [44.14931736600005, 14.207623391000027], [44.15716860200007, 14.211191937000024], [44.16048078800003, 14.218062295000038], [44.17338909800003, 14.220366386000023], [44.18456190900008, 14.224331107000069], [44.188710495000066, 14.228142431000038], [44.19632735000005, 14.230132970000057], [44.19671328600003, 14.233061770000063], [44.201786653000056, 14.23875857400003], [44.206297816000074, 14.240553567000063], [44.21109835500005, 14.240533312000025], [44.21334951600005, 14.236614658000065], [44.21943194900007, 14.233819448000077], [44.22343027800008, 14.228300464000029], [44.23816741300004, 14.226608616000021], [44.25001141300004, 14.217094408000037], [44.25025637600004, 14.215351167000051], [44.262795321000056, 14.210323596000023], [44.26975653800008, 14.20501825100007], [44.26982331600004, 14.214361834000044], [44.266285234000065, 14.220747815000038], [44.26493124700005, 14.239071506000073], [44.258607512000026, 14.242863214000067], [44.258607512000026, 14.246409319000065], [44.264742556000044, 14.251667928000074], [44.264525613000046, 14.260237612000026], [44.25877668900006, 14.266456514000026], [44.256377583000074, 14.266811937000057], [44.25338454700005, 14.265142384000058], [44.26169900300005, 14.28239228600006], [44.26992770900006, 14.293387427000027], [44.27423348900004, 14.310862677000046], [44.27188205300007, 14.328093658000057], [44.26471324500005, 14.343742590000033], [44.25160083500003, 14.354580441000053], [44.24385334300007, 14.346977897000045], [44.23330353100005, 14.347304879000035], [44.23119877600004, 14.340726021000023], [44.22663180100005, 14.33332346800006], [44.230339110000045, 14.323485224000024], [44.228545143000076, 14.310942658000045], [44.22015247200005, 14.300809008000044], [44.195623857000044, 14.293128701000057], [44.176684684000065, 14.279729559000032], [44.16364565400005, 14.279068412000072], [44.159608039000034, 14.282465536000075], [44.14527412700005, 14.283189408000055], [44.14793726000005, 14.286611662000041], [44.15310734700006, 14.299699434000047], [44.15478224100008, 14.30111665100003], [44.165000346000056, 14.301246298000024], [44.16796249400005, 14.304232503000037], [44.170834495000065, 14.312381206000055], [44.17020802700006, 14.317014460000053], [44.157615891000034, 14.331384372000059], [44.15906783500003, 14.338532400000076], [44.16186003400003, 14.343055762000063], [44.17891585400008, 14.362434387000064], [44.171476709000046, 14.386645422000072]]]]}}, {"type": "Feature", "properties": {"zoneId": "YEM-ibb-far-al-odayn"}, "geometry": {"type": "Polygon", "coordinates": [[[43.77451, 14.06848], [43.77696, 14.05722], [43.77329, 14.04993999900006], [43.76866, 14.04811], [43.75366, 14.05025], [43.74485, 14.04285], [43.73597, 14.0309], [43.73165, 14.02089], [43.72161031300004, 13.969243935000065], [43.72038876600004, 13.968796036000072], [43.71799916900005, 13.971752335000076], [43.714189299000054, 13.969075129000032], [43.71175650600003, 13.959634438000023], [43.70849904800008, 13.956051236000064], [43.70548590100003, 13.95674344500003], [43.70503800100005, 13.95845361000005], [43.70666672900006, 13.975595977000069], [43.70124, 13.98522], [43.691821090000076, 13.992996867000045], [43.68712505000008, 14.003196081000056], [43.67879, 14.00552], [43.66968, 14.00389], [43.66078, 13.998590001000025], [43.65273, 13.98103], [43.65166, 13.96772], [43.67085, 13.94246], [43.68250000100005, 13.933910001000072], [43.70619000100004, 13.92951000100004], [43.71016803800006, 13.922598100000073], [43.71050289400006, 13.91081004700004], [43.70813163100007, 13.907288151000046], [43.70022000100005, 13.90688], [43.68866000100007, 13.910380001000021], [43.68586000100004, 13.9149], [43.67748000100005, 13.91848], [43.66801359800007, 13.919831652000028], [43.661885211000026, 13.914583078000021], [43.65874387500003, 13.914169583000046], [43.657437206000054, 13.912148186000024], [43.65564360500008, 13.91250152400005], [43.65448220700006, 13.91033118200005], [43.65481, 13.90139], [43.66485, 13.862530001000039], [43.6719, 13.85591000100004], [43.680244404000064, 13.853169691000062], [43.69950573700004, 13.853189101000055], [43.71738000100004, 13.84714], [43.73949, 13.852230001000066], [43.74863000100004, 13.86298000100004], [43.75227328500006, 13.879814276000047], [43.756775083000036, 13.882195487000047], [43.76273839600003, 13.880029492000062], [43.777404485000034, 13.867389481000032], [43.78281237400006, 13.861063758000057], [43.78588221100006, 13.84948210300007], [43.78977, 13.848675663000051], [43.79438135700008, 13.85476318700006], [43.793255997000074, 13.866861713000048], [43.795187688000055, 13.869786673000021], [43.82468001900003, 13.876615693000076], [43.82890894800005, 13.879497179000055], [43.83078436300008, 13.87890331500006], [43.83523866500008, 13.881710130000045], [43.83595100300005, 13.888199284000052], [43.83862417000006, 13.889791873000036], [43.850201524000056, 13.888930956000024], [43.86408030000007, 13.890827553000065], [43.86662809000006, 13.900250673000073], [43.85737727700007, 13.906268658000045], [43.85584292100003, 13.916408098000034], [43.85068526800006, 13.916976646000023], [43.84845178900008, 13.92096500100007], [43.848770857000034, 13.925431957000058], [43.86057638600005, 13.938194691000035], [43.86753039600006, 13.948770092000075], [43.86983082800003, 13.959936845000072], [43.866822040000045, 13.96081216600004], [43.86594715000007, 13.963932528000043], [43.888512899000034, 13.972396306000064], [43.89626520300004, 13.973725260000037], [43.89914773700008, 13.973473415000058], [43.90794937800007, 13.96842977800003], [43.91384045900003, 13.978794143000073], [43.91343336700004, 13.984890802000052], [43.90810842900004, 13.990410971000074], [43.902803395000035, 13.991680655000039], [43.89018220100007, 13.989998021000076], [43.85110893600006, 13.997829656000022], [43.82948009000006, 14.008916327000065], [43.80323436700007, 14.025529431000052], [43.79731202700003, 14.026574550000078], [43.796150784000076, 14.029593782000063], [43.799053892000074, 14.03005827800007], [43.79928614000005, 14.031684019000068], [43.79255093100005, 14.031567895000023], [43.79017643700007, 14.03842172000003], [43.78790595900006, 14.040625591000037], [43.78373446100005, 14.039010975000053], [43.78307284600004, 14.04011366800006], [43.78732533800007, 14.043760946000077], [43.78673521500008, 14.04587755600005], [43.788302076000036, 14.044389107000029], [43.78951650400006, 14.045062194000025], [43.79982301900003, 14.055540499000074], [43.80810627900007, 14.058705344000032], [43.80280365500005, 14.064533116000064], [43.77451, 14.06848]]]}}, {"type": "Feature", "properties": {"zoneId": "YEM-ibb-hazm-al-odayn"}, "geometry": {"type": "Polygon", "coordinates": [[[43.783877690000054, 14.153707305000069], [43.77863000100007, 14.139470001000063], [43.76149000100003, 14.11538], [43.75066835600006, 14.105041475000064], [43.75697866100006, 14.092494239000075], [43.77451, 14.06848], [43.80280365500005, 14.064533116000064], [43.80810627900007, 14.058705344000032], [43.81586005500003, 14.059427989000028], [43.82068600500003, 14.055395654000051], [43.83079330600003, 14.055854199000066], [43.84162257100007, 14.058473822000053], [43.85416805400007, 14.064436233000038], [43.86986121600006, 14.079988745000037], [43.90324269300004, 14.097155763000046], [43.90843336300003, 14.109216437000043], [43.91132552800008, 14.127258034000022], [43.91442257500006, 14.132294624000053], [43.925088956000025, 14.137974216000032], [43.931045820000065, 14.134522394000044], [43.93181524000005, 14.125486551000051], [43.93461263300003, 14.121970692000048], [43.935034305000045, 14.116319924000038], [43.92911151000004, 14.102699789000042], [43.92564815700007, 14.097998325000049], [43.92370916600004, 14.09027528100006], [43.91216418300007, 14.077066457000058], [43.904925296000044, 14.059536974000025], [43.90975803500004, 14.053896654000027], [43.91621177500008, 14.040870776000077], [43.90498878500006, 14.025534546000074], [43.89759074400007, 14.01210119700005], [43.901730316000055, 14.007421475000058], [43.90436841500008, 14.010021343000062], [43.90711784400003, 14.010033749000058], [43.91488024800003, 13.999289581000028], [43.91782874100005, 13.997750301000053], [43.92574729700004, 13.997019010000031], [43.92572084500006, 13.993629890000022], [43.928959665000036, 13.990958670000055], [43.93495950100004, 13.993803455000034], [43.951605423000046, 14.011249715000076], [43.95554963200004, 14.013527366000062], [43.960777188000066, 14.014100615000075], [43.96152371100004, 14.00837376000004], [43.96919044200007, 13.999478149000026], [43.97345421600005, 13.996782660000065], [43.97956399200007, 13.986164065000025], [43.98152434800005, 13.98591902000004], [43.98985586100008, 13.999314785000024], [43.996793568000044, 14.003380690000029], [44.00731442500006, 14.017067651000048], [44.00690144400005, 14.02875270900006], [44.00020404600008, 14.03281430800007], [44.001617063000026, 14.042413218000036], [44.00379613900003, 14.046280841000055], [44.00724102000004, 14.044881456000041], [44.007563092000055, 14.04262841600007], [44.01581791500007, 14.038372003000063], [44.019596421000074, 14.037972351000064], [44.026841896000064, 14.039948390000063], [44.03068419400006, 14.052408412000034], [44.039278746000036, 14.067861485000037], [44.05091671100007, 14.069712457000037], [44.06082739000004, 14.079859105000025], [44.05926664200007, 14.089085606000026], [44.05071802400005, 14.102929967000023], [44.052583371000026, 14.106107821000023], [44.05230387800003, 14.113303332000044], [44.044293167000035, 14.112493846000064], [44.04129605900005, 14.11630204100004], [44.05650796200007, 14.126084469000034], [44.06006123900005, 14.137962368000046], [44.05837144800006, 14.140685837000035], [44.05855, 14.15148741400003], [44.06380722100005, 14.160894516000042], [44.05981707800004, 14.16327297600003], [44.059715667000035, 14.165199792000067], [44.04915662800005, 14.166843535000055], [44.04131520400006, 14.160309016000042], [44.03878307700006, 14.14291085700006], [44.04098847800003, 14.126901284000041], [44.03844805400007, 14.115073818000042], [44.032799845000056, 14.113203320000025], [44.029280250000056, 14.11592814200003], [44.01594385100003, 14.117243476000056], [44.015873259000045, 14.133677042000045], [44.00946346400008, 14.155562454000062], [44.012237811000034, 14.16310604000006], [44.034664915000064, 14.170044762000032], [44.042493824000076, 14.176290058000063], [44.050152670000045, 14.212704847000055], [44.05006381000004, 14.227872645000048], [44.04729650200005, 14.229160163000074], [44.04052994400007, 14.238082631000054], [44.03458093900008, 14.237658343000021], [44.031313631000046, 14.231512053000074], [44.03134722300007, 14.223626824000064], [44.028364639000074, 14.217352103000053], [44.023126776000026, 14.215594086000067], [44.017901367000036, 14.217438911000045], [44.01251386200005, 14.217124673000058], [44.00983600100005, 14.213316960000043], [43.998041716000046, 14.216076183000041], [43.99388569300004, 14.205988915000034], [43.992210690000036, 14.204773955000064], [43.96996666600006, 14.199501054000052], [43.959874359000025, 14.208320513000047], [43.92540753000003, 14.207787111000073], [43.92131683100007, 14.205615772000044], [43.91749567800008, 14.213314443000058], [43.90451103000004, 14.226673885000025], [43.88185927400008, 14.221771945000057], [43.86121942300008, 14.20212129500004], [43.84291226000005, 14.19462758900005], [43.82967526400006, 14.18607267300007], [43.822261215000026, 14.179507028000046], [43.80751265200007, 14.173678420000044], [43.783877690000054, 14.153707305000069]], [[44.01362517600006, 14.10215179000005], [44.02889961600005, 14.09994639000007], [44.02938970500003, 14.097904352000057], [44.02955306900003, 14.088265936000028], [44.02595908200004, 14.073726629000078], [44.02236509700003, 14.067355473000077], [44.01983297000004, 14.065966887000059], [44.01467315900004, 14.068852451000055], [44.014688109000076, 14.072847650000028], [44.01179872100005, 14.078598992000025], [44.00949925300006, 14.089072001000034], [44.00791265500004, 14.090029430000072], [44.00567983600007, 14.088634637000041], [44.00565805600007, 14.093648686000051], [44.00854287000004, 14.097174275000043], [44.003093128000046, 14.106522382000037], [44.002843218000066, 14.10942144300003], [44.01256331700006, 14.112198614000022], [44.01362517600006, 14.10215179000005]]]}}, {"type": "Feature", "properties": {"zoneId": "YEM-lahj-al-madaribah-wa-al-aarah"}, "geometry": {"type": "Polygon", "coordinates": [[[43.517457954000065, 12.686229056000059], [43.52171929700006, 12.685863398000038], [43.522535935000064, 12.681612709000035], [43.52607142800008, 12.682584662000068], [43.55112166300006, 12.715250043000026], [43.565190736000034, 12.730186506000052], [43.584948944000075, 12.744141126000045], [43.59509599200004, 12.748256611000045], [43.600323520000074, 12.748571522000077], [43.61329786700003, 12.742714172000035], [43.616224499000054, 12.739349663000041], [43.615361230000076, 12.73644039100003], [43.61644144100006, 12.739305301000059], [43.61644144100006, 12.738178123000068], [43.617734023000025, 12.739494473000036], [43.62224171100007, 12.739422716000036], [43.62949791900007, 12.734373898000058], [43.63251890300006, 12.734254962000023], [43.634276818000046, 12.729704129000027], [43.63264828300004, 12.734251500000028], [43.63709543700003, 12.735065767000037], [43.65043786600006, 12.730464071000029], [43.655642208000074, 12.725866901000074], [43.66721319700008, 12.726942466000025], [43.678506620000064, 12.723785164000049], [43.689196725000045, 12.72378130900006], [43.69604911000005, 12.717501403000028], [43.70288256400005, 12.714870706000056], [43.721854818000054, 12.712306197000032], [43.745713823000074, 12.704193031000045], [43.75097215000005, 12.700493705000042], [43.75297079500007, 12.696858385000041], [43.75837349200003, 12.695605142000034], [43.75957257500005, 12.693206976000056], [43.766633840000054, 12.693806517000041], [43.77079808700006, 12.689589857000044], [43.78921656700004, 12.692807282000047], [43.798875846000044, 12.690209269000036], [43.81712855100005, 12.678018593000047], [43.82165842000006, 12.677352436000035], [43.825388900000064, 12.674554576000048], [43.83344940100005, 12.672023179000064], [43.83731311200006, 12.666627306000066], [43.84444099400008, 12.66456221900006], [43.848970862000044, 12.659632657000031], [43.85629859100004, 12.660165581000058], [43.86282693100003, 12.658433573000025], [43.86609110100005, 12.65590217600004], [43.87128712600003, 12.656901411000035], [43.87841500800005, 12.655502482000031], [43.88287409800006, 12.653651814000057], [43.88542214800003, 12.650803992000021], [43.90651851300004, 12.644883520000064], [43.911536744000045, 12.640723324000021], [43.91466677200003, 12.634052255000029], [43.91599466200006, 12.625294500000052], [43.914856471000064, 12.610766745000035], [43.91627921000003, 12.60687792300007], [43.927060417000064, 12.59837309900007], [43.93894128300008, 12.59713264800007], [43.94637510000007, 12.593629151000073], [43.954386904000046, 12.596421278000037], [43.960991044000025, 12.593867756000066], [43.96696655200003, 12.595337921000066], [43.970618251000076, 12.59456331900003], [43.987928253000064, 12.60349496300006], [43.99752384400006, 12.601518936000048], [44.00204499400007, 12.603194607000034], [44.00754625600007, 12.601218579000033], [44.01692843400008, 12.604189043000076], [44.02971322800005, 12.60379970200006], [44.035414, 12.606365781000022], [44.045789065000065, 12.602840628000024], [44.06140176200006, 12.610856481000042], [44.06556454100007, 12.610965788000044], [44.06885286200003, 12.614600249000034], [44.07565115600005, 12.61834857100007], [44.079440469000076, 12.617607712000051], [44.08597460500005, 12.621008377000067], [44.09029830700007, 12.620449697000026], [44.09567864500008, 12.623473859000057], [44.09701462100003, 12.622818017000043], [44.10382127100007, 12.629063637000058], [44.107304028000044, 12.629149673000029], [44.10781173300006, 12.630931033000024], [44.11434586900003, 12.635898433000023], [44.123054, 12.640355733000035], [44.125762387000066, 12.644108610000046], [44.13377824100007, 12.648116537000021], [44.13820041900004, 12.647735617000023], [44.14997998100006, 12.653083937000076], [44.14940915600005, 12.654322751000052], [44.15297985400008, 12.656715362000057], [44.155832634000035, 12.654245156000059], [44.166067017000046, 12.650423457000045], [44.174682035000046, 12.648501811000074], [44.177532116000066, 12.646450616000038], [44.18299477200003, 12.646234701000026], [44.184592545000044, 12.642283451000026], [44.18934268100003, 12.639152680000052], [44.190055201000064, 12.636475331000042], [44.190163159000065, 12.626435272000037], [44.18776649900008, 12.620044181000026], [44.16904664700007, 12.617237282000076], [44.16045322100007, 12.622246516000075], [44.157797463000065, 12.62647845600003], [44.15406212800008, 12.623282910000057], [44.150996132000046, 12.626456864000033], [44.148102867000034, 12.62459999300006], [44.146332363000056, 12.62513978000004], [44.14177655200007, 12.632545674000028], [44.14143108700006, 12.63159564600005], [44.12931824200007, 12.636475331000042], [44.12541017600006, 12.635115065000036], [44.12437378300007, 12.633193419000065], [44.14229474800004, 12.62315336100005], [44.150002922000056, 12.622116967000068], [44.168753165000055, 12.616329650000068], [44.186751697000034, 12.618619140000021], [44.189821737000045, 12.616149721000056], [44.19481084000006, 12.62110623500007], [44.20728451600007, 12.62806550700003], [44.22393687300007, 12.633865766000042], [44.235258902000055, 12.633042154000066], [44.24087457400003, 12.628893861000051], [44.25512184200005, 12.624844030000077], [44.26160737400005, 12.627878401000032], [44.272370323000075, 12.630394515000035], [44.279110143000025, 12.630189720000033], [44.28373576700005, 12.627822538000032], [44.28872984000003, 12.629100080000057], [44.30439208300004, 12.639666025000054], [44.319197193000036, 12.645841953000058], [44.32403812200005, 12.649676151000051], [44.36267533400007, 12.669727584000043], [44.390271229000064, 12.67835991100003], [44.40557144700006, 12.681345554000075], [44.43734000100005, 12.76286], [44.34403, 12.85605], [44.27678539000004, 12.931097498000042], [44.25954340200008, 12.964148780000073], [44.25902810800005, 12.972183440000038], [44.267653221000046, 12.982344008000041], [44.26436747100007, 12.99297948900005], [44.20281, 13.04066], [44.20164, 13.0401], [44.19623, 13.0448], [44.17675, 13.03654], [44.17244, 13.03109], [44.16597, 13.027829999000062], [44.15327220700004, 13.03444945900003], [44.14617, 13.03422], [44.13978960900005, 13.031090430000063], [44.124010001000045, 13.01652000100006], [44.11685507800007, 13.01743182100006], [44.11000177300008, 13.015775700000063], [44.09743922200005, 13.008660564000024], [44.09006263300006, 13.008240366000052], [44.08373696600006, 13.011273066000058], [44.07847265700008, 13.01619568600006], [44.06057000100003, 13.03857000100004], [44.05347000100005, 13.03907], [44.04766, 13.035030001000052], [44.04663038000007, 13.028090084000041], [44.039970794000055, 13.025240019000023], [44.021355121000056, 13.035621261000074], [43.99979433300007, 13.03920860900007], [43.97348209900008, 13.051919767000072], [43.94591365000008, 13.065821578000055], [43.93566542000008, 13.087983773000076], [43.925492166000026, 13.087686205000068], [43.90938318800005, 13.097085874000072], [43.89392445300007, 13.10106933700007], [43.88475847800004, 13.09783834700005], [43.87782285600008, 13.103256643000066], [43.865004085000066, 13.119430548000025], [43.83932615100008, 13.120580464000057], [43.82288853700004, 13.11183108800003], [43.81012544600003, 13.112797471000022], [43.801592957000025, 13.106674557000076], [43.78983525500007, 13.093073848000074], [43.76579621800005, 13.08028517300005], [43.76606140800004, 13.076567294000029], [43.75445009800006, 13.06885857900005], [43.74657531500003, 13.06861821900003], [43.73971131400003, 13.070864221000022], [43.736249513000075, 13.075568807000025], [43.716092917000026, 13.074789745000032], [43.701873645000035, 13.065439017000074], [43.69891069800008, 13.061007804000042], [43.70173962900003, 13.037011362000044], [43.70679692300007, 13.032134391000056], [43.71991136100007, 13.027915375000077], [43.72879260500008, 13.014157345000058], [43.73152145600005, 13.001685486000042], [43.730571680000025, 12.986293552000063], [43.711204516000066, 12.970765846000063], [43.70978479200005, 12.950089583000022], [43.64861197400006, 12.935850456000026], [43.64423982300008, 12.932097449000025], [43.51383780300006, 12.70595376500006], [43.526030621000075, 12.698429155000042], [43.517457954000065, 12.686229056000059]]]}}, {"type": "Feature", "properties": {"zoneId": "YEM-lahj-habil-jabr"}, "geometry": {"type": "Polygon", "coordinates": [[[45.17519295400007, 13.653283172000044], [45.160389999000074, 13.646460001000037], [45.14223544600003, 13.641437149000069], [45.13263880000005, 13.635045776000027], [45.11503735000008, 13.64172676800007], [45.09806, 13.64567], [45.07223000100004, 13.655370001000051], [45.05130000100007, 13.66926], [45.02300046600004, 13.701640721000047], [45.00582, 13.69593], [44.98925, 13.69509], [44.97035000100004, 13.68923], [44.94332, 13.674200001000031], [44.92398, 13.64725], [44.91161000100004, 13.634300001000042], [44.90320000100007, 13.62862], [44.88488, 13.619630001000075], [44.87931500600007, 13.614982343000065], [44.87001324500005, 13.596348585000044], [44.86917000100004, 13.58260000100006], [44.88147, 13.5735], [44.91046000100005, 13.57344], [44.92524000100008, 13.563850001000048], [44.95516, 13.55248], [44.96592, 13.53410000100007], [44.97122, 13.5338], [44.98739853200004, 13.537133507000021], [44.991507195000054, 13.53202919000006], [44.999970001000065, 13.51567], [45.01147000100008, 13.503820001000065], [45.01620000100007, 13.50241], [45.04311, 13.50562], [45.049700001000076, 13.50868], [45.05665, 13.51904], [45.06378999900005, 13.52287], [45.09331, 13.52981], [45.11683, 13.54137], [45.13474, 13.54679999900003], [45.15229, 13.54975], [45.15992, 13.549630001000025], [45.18298, 13.542400001000033], [45.21855000100004, 13.578830001000028], [45.23539000100004, 13.5921], [45.26036, 13.606910001000074], [45.27431, 13.63146000100005], [45.283727354000064, 13.64451768500004], [45.28345608700005, 13.648088254000072], [45.27571808500005, 13.647964957000056], [45.27277827100005, 13.646759958000075], [45.266579973000034, 13.647116423000057], [45.265511987000025, 13.651469801000076], [45.26734429600003, 13.655421734000072], [45.25771, 13.65903], [45.25209502900003, 13.65728156800003], [45.24018855600008, 13.661191990000077], [45.241080027000066, 13.663862829000038], [45.25500064500005, 13.673405585000069], [45.25483345200007, 13.676024074000054], [45.251647287000026, 13.677481951000061], [45.23590448200008, 13.672551721000048], [45.22429204800005, 13.662712615000032], [45.20945504200006, 13.653674008000053], [45.189689127000065, 13.649087458000054], [45.18068601900006, 13.649627805000023], [45.17519295400007, 13.653283172000044]]]}}, {"type": "Feature", "properties": {"zoneId": "YEM-ma-rib-al-abdiyah"}, "geometry": {"type": "Polygon", "coordinates": [[[45.46118, 14.59558], [45.47574, 14.5961], [45.48558324000004, 14.599660559000029], [45.48866910900006, 14.602252690000057], [45.49435, 14.61148], [45.49512, 14.62354], [45.493072185000074, 14.627476444000024], [45.48779788100006, 14.631488799000067], [45.47212, 14.63763], [45.45595, 14.64902], [45.45118, 14.655], [45.44865, 14.6616], [45.44777, 14.66884], [45.449910585000055, 14.67347456400006], [45.46047, 14.68216], [45.46756176000008, 14.691989783000054], [45.47398036900006, 14.693347565000067], [45.48744, 14.68346], [45.4823, 14.67565], [45.48236, 14.6729], [45.49397, 14.65565], [45.49863, 14.65394], [45.51051, 14.65753], [45.52349, 14.6663], [45.52858, 14.677789999000026], [45.52861, 14.70617], [45.52744, 14.71111], [45.52505, 14.71409], [45.51523, 14.71922], [45.48748, 14.72516], [45.48158, 14.72964], [45.47922, 14.73402], [45.47954, 14.75418], [45.48348, 14.79984], [45.48416, 14.8362], [45.48588, 14.84292], [45.49516, 14.8568], [45.48483, 14.85785], [45.45364, 14.85678], [45.42983, 14.85439], [45.41322, 14.84946], [45.37913, 14.84355], [45.36749, 14.83886], [45.36312, 14.836489999000037], [45.35497, 14.82794], [45.34835, 14.82507], [45.33145, 14.81054], [45.32673, 14.81077], [45.31609, 14.80457], [45.31592, 14.79997], [45.32158, 14.786469999000076], [45.32459, 14.77487], [45.32294, 14.76798], [45.30717, 14.761889999000061], [45.28249, 14.74942], [45.27062, 14.74615], [45.26102, 14.74708], [45.25614, 14.7382], [45.25845, 14.73724], [45.26229, 14.73104], [45.27092, 14.72191], [45.27912, 14.70646], [45.29441, 14.68986], [45.30089582200003, 14.67779056300003], [45.28310108800008, 14.67431986500003], [45.27363, 14.66918], [45.26478, 14.658719999000027], [45.25923, 14.64907], [45.25457998500008, 14.632031681000058], [45.267220148000035, 14.616564115000074], [45.27946, 14.59448], [45.27848, 14.58847], [45.28018, 14.58605], [45.29161, 14.58882], [45.31833, 14.57654], [45.35386, 14.57704], [45.36472, 14.57814], [45.37329, 14.58147], [45.3836, 14.59647], [45.399056538000025, 14.62928041300006], [45.404118477000054, 14.63466371000004], [45.41219, 14.63462], [45.41919171500007, 14.63029950200007], [45.43234, 14.60791], [45.43887512900005, 14.602037078000023], [45.45042, 14.59772], [45.46118, 14.59558]]]}}, {"type": "Feature", "properties": {"zoneId": "YEM-ma-rib-bidbadah"}, "geometry": {"type": "Polygon", "coordinates": [[[44.69402962300006, 15.356855974000041], [44.69392419700006, 15.351203259000044], [44.70572750600007, 15.331866536000064], [44.72221, 15.32259], [44.74537, 15.317249999000069], [44.75705521000003, 15.321531674000028], [44.77945858600003, 15.322735949000048], [44.790342604000045, 15.327169912000045], [44.79843778400004, 15.335532834000048], [44.802575733000026, 15.344874993000076], [44.80725936600004, 15.415285934000053], [44.80410000100005, 15.42629000100004], [44.79696000100006, 15.439720001000069], [44.78988000100003, 15.447110001000055], [44.77755, 15.45501], [44.76378, 15.46641], [44.75264, 15.48815], [44.74826, 15.48779], [44.72792000100003, 15.474740001000043], [44.70201, 15.45637], [44.67487166900003, 15.426460057000043], [44.680696709000074, 15.419490814000028], [44.68641773000007, 15.407840734000047], [44.69462999900003, 15.384896877000074], [44.69402962300006, 15.356855974000041]]]}}, {"type": "Feature", "properties": {"zoneId": "YEM-ma-rib-harib-al-qaramish"}, "geometry": {"type": "Polygon", "coordinates": [[[44.72792000100003, 15.474740001000043], [44.72317, 15.496], [44.72122, 15.517670001000056], [44.716000001000054, 15.52048], [44.700495387000046, 15.518787692000046], [44.69799705200006, 15.526773307000042], [44.68494000100003, 15.52331], [44.644520001000046, 15.49556], [44.59895, 15.48824], [44.52864222800008, 15.472872763000055], [44.52852214200004, 15.463515939000047], [44.54116109200004, 15.45692596400005], [44.54272746500004, 15.440418829000066], [44.536354963000065, 15.439168873000028], [44.53527915900003, 15.435580100000038], [44.54819017300008, 15.420209407000073], [44.55536372800003, 15.40827222200005], [44.56198991300005, 15.405560668000078], [44.595933528000046, 15.405870694000043], [44.61289837700008, 15.40983278300007], [44.652239845000054, 15.429456218000041], [44.66467785000003, 15.430828837000035], [44.67487166900003, 15.426460057000043], [44.70201, 15.45637], [44.72792000100003, 15.474740001000043]]]}}, {"type": "Feature", "properties": {"zoneId": "YEM-ma-rib-jabal-murad"}, "geometry": {"type": "Polygon", "coordinates": [[[45.10565, 15.10611], [45.10327, 15.09393], [45.13364, 15.07264], [45.13985, 15.06254], [45.14193, 15.0491], [45.14075, 15.040769999000076], [45.13538, 15.03181], [45.12862, 15.02705], [45.15461, 15.00275], [45.15816, 14.99644], [45.1691, 14.99518], [45.1801, 14.99162], [45.19045, 14.98617], [45.20203, 14.98463], [45.25091, 14.99008], [45.24713, 15.00618], [45.24009, 15.055979999000044], [45.23701, 15.06258], [45.22353, 15.073549999000022], [45.22132, 15.09262], [45.21886, 15.10204], [45.2163, 15.10612], [45.10565, 15.10611]]]}}, {"type": "Feature", "properties": {"zoneId": "YEM-ma-rib-madghal-al-jid-an"}, "geometry": {"type": "Polygon", "coordinates": [[[44.89856, 15.72152], [44.89195, 15.70751], [44.88902, 15.69556], [44.88604, 15.63633], [44.87575, 15.62337], [44.87412, 15.61395], [44.87739, 15.604149999000072], [44.88951, 15.59205], [44.90275, 15.58168], [44.91053, 15.56914], [44.93418, 15.57473], [44.94259, 15.57537], [44.98474, 15.573819999000023], [45.01207, 15.57512], [45.12140000100004, 15.550650001000065], [45.17214000100006, 15.54378], [45.19757000100003, 15.53644], [45.2165, 15.528560001000073], [45.21066, 15.55121], [45.20817, 15.56792], [45.20905, 15.59837], [45.20726, 15.6284], [45.20927, 15.64121], [45.21877, 15.667729999000073], [45.11389, 15.68125], [45.09395, 15.69807], [45.01754, 15.70488], [44.99042, 15.71903], [44.96056, 15.72726], [44.92877, 15.72848], [44.89856, 15.72152]]]}}, {"type": "Feature", "properties": {"zoneId": "YEM-ma-rib-majzar"}, "geometry": {"type": "Polygon", "coordinates": [[[44.84674, 16.022949999000048], [44.83806, 16.02877], [44.71544331000007, 16.028703568000026], [44.5928, 16.02845], [44.57504617400008, 16.00187415000005], [44.62842051300004, 15.989128040000026], [44.64099, 15.9775], [44.64517, 15.97124], [44.67232, 15.86645], [44.67751687900005, 15.816248140000027], [44.68535510400005, 15.79047095900006], [44.72896553500004, 15.668487521000031], [44.76282, 15.63895], [44.78585, 15.62924], [44.79031, 15.62551], [44.79245, 15.62092], [44.79063, 15.61529], [44.77961, 15.60031], [44.83789, 15.556399999000064], [44.84855, 15.557169999000052], [44.86868, 15.56933], [44.87437, 15.57118], [44.88593, 15.57166], [44.90135, 15.56766], [44.91053, 15.56914], [44.90275, 15.58168], [44.88951, 15.59205], [44.87739, 15.604149999000072], [44.87412, 15.61395], [44.87575, 15.62337], [44.88604, 15.63633], [44.88902, 15.69556], [44.89195, 15.70751], [44.89856, 15.72152], [44.90478, 15.74257], [44.90906, 15.76612], [44.91326, 15.77544], [44.91936, 15.7793], [44.92696, 15.77988], [44.95056, 15.78876], [44.96356, 15.78993], [44.97446, 15.80154999900003], [44.97736, 15.80827], [44.98554, 15.81391], [44.99954, 15.82042], [45.0057, 15.828399999000055], [45.02005, 15.84101], [45.02526, 15.85038], [45.02827, 15.863529999000036], [45.04975, 15.87395], [45.05978, 15.881209999000077], [44.84674, 16.022949999000048]]]}}, {"type": "Feature", "properties": {"zoneId": "YEM-ma-rib-rahabah"}, "geometry": {"type": "Polygon", "coordinates": [[[45.06248, 14.80706], [45.08686, 14.80918], [45.10629, 14.81402], [45.13909, 14.83424], [45.15643536600004, 14.841705818000037], [45.16390566900003, 14.847696112000051], [45.17135, 14.866859999000042], [45.17832, 14.8768], [45.18618, 14.88381], [45.23088348600004, 14.912710932000039], [45.27196902600008, 14.931732923000027], [45.25541, 14.97459], [45.25091, 14.99008], [45.20203, 14.98463], [45.19045, 14.98617], [45.1801, 14.99162], [45.1691, 14.99518], [45.15816, 14.99644], [45.15461, 15.00275], [45.12862, 15.02705], [45.13538, 15.03181], [45.14075, 15.040769999000076], [45.14193, 15.0491], [45.13985, 15.06254], [45.13364, 15.07264], [45.10327, 15.09393], [45.10565, 15.10611], [45.106071634000045, 15.107434200000057], [45.06936606600004, 15.108921985000052], [45.058001862000026, 15.09482289500005], [45.044303401000036, 15.084672795000074], [45.0257, 15.07961], [45.01973000100003, 15.07535000100006], [45.01330000100006, 15.06276], [44.97889999900008, 15.00918], [44.96191999700005, 14.98979461700003], [44.94503982200007, 14.964257252000039], [44.93679043000003, 14.94601657100003], [44.936792565000076, 14.938721144000056], [44.957908141000075, 14.838967887000024], [44.962456720000034, 14.806300940000028], [45.020571725000025, 14.820841296000026], [45.03121, 14.81567], [45.04367, 14.81735], [45.06248, 14.80706]]]}}, {"type": "Feature", "properties": {"zoneId": "YEM-ma-rib-sirwah"}, "geometry": {"type": "Polygon", "coordinates": [[[44.80725936600004, 15.415285934000053], [44.83652275700007, 15.410701620000054], [44.87187205400005, 15.393952486000046], [44.917481655000074, 15.357296005000023], [44.93476990800008, 15.347348864000026], [44.95810425600007, 15.339559764000057], [45.034450366000044, 15.314978126000028], [45.10586239700007, 15.282924652000077], [45.12499529100006, 15.28136704700006], [45.14127, 15.29343], [45.14470000100005, 15.294440001000055], [45.18882000100007, 15.29907], [45.23052000100006, 15.307730001000039], [45.23997, 15.311809999000047], [45.25129000100003, 15.32037], [45.28741, 15.33359], [45.30138, 15.34683], [45.28895, 15.36104], [45.26473000100003, 15.38092000100005], [45.239910001000055, 15.39579], [45.242810001000066, 15.440370001000076], [45.240259999000045, 15.462479999000038], [45.23409, 15.48631000100005], [45.2313, 15.495500001000039], [45.22259000100007, 15.512500001000035], [45.2165, 15.528560001000073], [45.19757000100003, 15.53644], [45.17214000100006, 15.54378], [45.12140000100004, 15.550650001000065], [45.01207, 15.57512], [44.98474, 15.573819999000023], [44.94259, 15.57537], [44.93418, 15.57473], [44.91053, 15.56914], [44.90135, 15.56766], [44.88593, 15.57166], [44.87437, 15.57118], [44.86868, 15.56933], [44.84855, 15.557169999000052], [44.83789, 15.556399999000064], [44.77961, 15.60031], [44.75411, 15.56564], [44.73151, 15.5472], [44.69799705200006, 15.526773307000042], [44.700495387000046, 15.518787692000046], [44.716000001000054, 15.52048], [44.72122, 15.517670001000056], [44.72317, 15.496], [44.72792000100003, 15.474740001000043], [44.74826, 15.48779], [44.75264, 15.48815], [44.76378, 15.46641], [44.77755, 15.45501], [44.78988000100003, 15.447110001000055], [44.79696000100006, 15.439720001000069], [44.80410000100005, 15.42629000100004], [44.80725936600004, 15.415285934000053]]]}}, {"type": "Feature", "properties": {"zoneId": "YEM-raymah-as-salafiyyah"}, "geometry": {"type": "Polygon", "coordinates": [[[43.74885434500004, 14.855498767000029], [43.747036482000055, 14.855693190000068], [43.74542386500008, 14.853379895000046], [43.74213084200005, 14.852458169000045], [43.737510378000025, 14.85613808200003], [43.73348688300007, 14.856951884000068], [43.73286877100003, 14.851356077000048], [43.736072309000065, 14.843369105000022], [43.73601812000004, 14.82703114900005], [43.70728000100007, 14.78616], [43.73251, 14.75409], [43.74053, 14.72039], [43.74179, 14.69777], [43.74541, 14.69498], [43.75481, 14.69263], [43.75756, 14.68386], [43.76666, 14.66636], [43.76642, 14.66116], [43.76983, 14.65137], [43.76602, 14.6461], [43.77073, 14.63592], [43.76819, 14.63491], [43.77918, 14.6262], [43.78477, 14.61279], [43.79108, 14.6057], [43.7996, 14.60337], [43.80388, 14.59546], [43.79057, 14.57477], [43.79232, 14.556], [43.79512, 14.55134], [43.79811, 14.54901], [43.81848, 14.55609000100003], [43.82865000100003, 14.5626], [43.84091, 14.559440001000041], [43.85033000100003, 14.56370000100003], [43.85697, 14.5597], [43.85953000100005, 14.56102], [43.86516000100005, 14.55732], [43.87236, 14.546170001000064], [43.88427000100006, 14.537740001000031], [43.88759197200005, 14.533364630000051], [43.89025302700003, 14.537434365000024], [43.89498924800006, 14.539769173000025], [43.89703111000006, 14.543948740000076], [43.90283963500008, 14.549851859000057], [43.906611326000075, 14.55055186100003], [43.906980918000045, 14.554533995000043], [43.909845259000065, 14.557112982000035], [43.910453517000064, 14.563453355000036], [43.91364758100008, 14.564054340000041], [43.917684922000035, 14.569128443000068], [43.920394413000054, 14.568847903000062], [43.91988119500007, 14.57382765400007], [43.925960462000035, 14.576749694000057], [43.924589851000064, 14.580150288000027], [43.93012718700004, 14.586293470000044], [43.93020977700007, 14.59255814200003], [43.93225711400004, 14.597036776000039], [43.93661522600007, 14.598192304000065], [43.93926948500007, 14.60358435300003], [43.94116000100007, 14.61053000100003], [43.94044000100007, 14.612520001000064], [43.933650001000046, 14.613459999000042], [43.92249000100003, 14.61865], [43.92001000100004, 14.624720001000071], [43.907477861000075, 14.631472247000033], [43.90123209600006, 14.636571469000046], [43.89678540800003, 14.642997814000069], [43.89389069300006, 14.650017562000073], [43.89322038700004, 14.65684010800004], [43.90340925700008, 14.66897182300005], [43.90451774300004, 14.674750213000038], [43.90243623300006, 14.680732162000027], [43.89099, 14.6922], [43.87904, 14.717209999000033], [43.85952, 14.72955], [43.83571, 14.75229], [43.81316974500004, 14.75904805600004], [43.79873922300004, 14.770782342000075], [43.78705, 14.78915], [43.76921000100003, 14.809890001000042], [43.75666000100006, 14.8329], [43.75195510800006, 14.853034018000074], [43.74885434500004, 14.855498767000029]]]}}, {"type": "Feature", "properties": {"zoneId": "YEM-raymah-bilad-atta-am"}, "geometry": {"type": "Polygon", "coordinates": [[[43.57, 14.94661], [43.5713, 14.93214], [43.56715, 14.90850000100005], [43.5517, 14.900340001000075], [43.54469000100005, 14.894949999000062], [43.54208, 14.89022], [43.53792000100003, 14.88764], [43.53018607400003, 14.88415829400003], [43.525037456000064, 14.885553223000045], [43.51873659700004, 14.883656225000038], [43.51126911600005, 14.880609107000055], [43.50542672000006, 14.876144380000028], [43.50417893200006, 14.869232239000041], [43.50030848500006, 14.861768667000035], [43.50188073400005, 14.854149880000023], [43.500057155000036, 14.848463877000029], [43.50144871400005, 14.845707421000043], [43.49948143600005, 14.839543664000075], [43.48482751200004, 14.832152324000049], [43.47933715000005, 14.81819316700006], [43.473238808000076, 14.815827802000058], [43.473205576000055, 14.81190635400003], [43.48190121600004, 14.798112767000077], [43.49704, 14.756299999000078], [43.51157, 14.7363], [43.51371, 14.7292], [43.52853, 14.73002], [43.53124, 14.72894], [43.55254, 14.7309], [43.55596, 14.73379], [43.55695, 14.7462], [43.56243, 14.75092], [43.57585, 14.75209], [43.58478, 14.75541], [43.60156, 14.75551], [43.61271, 14.762109999000074], [43.61937, 14.77196], [43.61932, 14.77871], [43.62423, 14.77929], [43.63059000100003, 14.787090001000024], [43.64042, 14.78603], [43.67582, 14.758740001000035], [43.68650000100007, 14.760510001000057], [43.69545, 14.769350001000078], [43.70728000100007, 14.78616], [43.73601812000004, 14.82703114900005], [43.736072309000065, 14.843369105000022], [43.73286877100003, 14.851356077000048], [43.73348688300007, 14.856951884000068], [43.727337609000074, 14.855946389000053], [43.723617294000064, 14.852356390000068], [43.720352544000036, 14.853191390000063], [43.71557467200006, 14.860591816000067], [43.705137130000026, 14.872788643000035], [43.67937435700003, 14.883780777000027], [43.672003751000034, 14.888450830000068], [43.665692437000075, 14.89589036500007], [43.65855782500006, 14.91045919800007], [43.643727643000034, 14.926122537000026], [43.630313828000055, 14.930121686000064], [43.61852, 14.93157], [43.606989999000064, 14.935580001000062], [43.59895000100005, 14.94142000100004], [43.58462, 14.94641], [43.57, 14.94661]]]}}, {"type": "Feature", "properties": {"zoneId": "YEM-sa-dah-adh-dhahir"}, "geometry": {"type": "Polygon", "coordinates": [[[43.32199660200007, 16.604808998000067], [43.32101333600008, 16.643912700000044], [43.32477, 16.66353], [43.32286, 16.68936], [43.31971, 16.69535], [43.31097, 16.70138], [43.30202, 16.71009], [43.29365, 16.73811], [43.32096, 16.77063], [43.33129, 16.77516], [43.33269, 16.78422], [43.33488, 16.78799], [43.34212, 16.78999], [43.3378, 16.80579], [43.32989, 16.818039999000064], [43.33052, 16.82174], [43.33729, 16.82225], [43.34031, 16.82555], [43.34029, 16.82787], [43.3393, 16.84942], [43.32408, 16.85154], [43.32075, 16.86845], [43.31681, 16.87072], [43.31634, 16.87314], [43.306, 16.8692], [43.30446, 16.8641], [43.3048, 16.858489999000028], [43.30225, 16.85326], [43.29529, 16.85367], [43.28595, 16.85018], [43.28326, 16.82001], [43.26125, 16.8172], [43.24004, 16.82219], [43.23722, 16.82315], [43.2326, 16.83393], [43.22340040900008, 16.828657802000066], [43.22461111000007, 16.82325], [43.23255556000004, 16.806944440000052], [43.24136111000007, 16.80547222000007], [43.24617923000005, 16.80780266000005], [43.26163889000003, 16.800861110000028], [43.26661111000004, 16.79494444000005], [43.26252778000003, 16.786972220000052], [43.25736111000003, 16.786277780000034], [43.251621080000064, 16.774321099000076], [43.251291750000064, 16.76914165900007], [43.25677827000004, 16.760439690000055], [43.26143644000007, 16.758789120000074], [43.265110390000075, 16.75398450000006], [43.25204949000005, 16.74727487000007], [43.25144444000006, 16.742638890000023], [43.24788889000007, 16.743777780000073], [43.23969444000005, 16.741444440000066], [43.23543297000003, 16.744274130000065], [43.23290602000003, 16.741709280000066], [43.22630556000007, 16.74588888900007], [43.224, 16.737166670000022], [43.230527780000045, 16.730527780000045], [43.21751936000004, 16.718589919000067], [43.21166667000006, 16.709694440000078], [43.21919444000008, 16.70008333000004], [43.22763889000004, 16.701944440000034], [43.229583330000025, 16.692861110000024], [43.23325, 16.685111110000037], [43.233777780000025, 16.67608332900005], [43.23641667000004, 16.66702778000007], [43.23466667000008, 16.6595], [43.23472214700007, 16.642836815000067], [43.23728516500006, 16.640296626000065], [43.245532395000055, 16.637441815000045], [43.25893, 16.63698], [43.27386502200005, 16.633708906000038], [43.30745264300003, 16.612196281000024], [43.32199660200007, 16.604808998000067]]]}}, {"type": "Feature", "properties": {"zoneId": "YEM-sa-dah-al-hashwah"}, "geometry": {"type": "Polygon", "coordinates": [[[44.42417162300006, 17.021972860000062], [44.35938, 17.06942], [44.33576, 17.06209], [44.33197, 17.05936], [44.32544, 17.05377], [44.31589, 17.041419999000027], [44.31216, 17.0328], [44.31053, 17.02324], [44.31053, 16.97501], [44.30391, 16.96418], [44.29174, 16.95974], [44.27555, 16.9622], [44.26634, 16.954449999000076], [44.24275, 16.94966], [44.21577, 16.94895], [44.1992, 16.94666], [44.1949, 16.944859999000073], [44.19073, 16.94067], [44.18637, 16.92765], [44.18868, 16.91905], [44.18437, 16.91192], [44.1663, 16.897379999000066], [44.15152, 16.88792], [44.15459, 16.8793], [44.15917, 16.87388], [44.12468, 16.84922], [44.11586, 16.83656], [44.10928, 16.78042], [44.10914, 16.76251], [44.14758, 16.780849999000054], [44.16718, 16.7937], [44.18451, 16.7937], [44.24308, 16.80506], [44.25054, 16.808609999000055], [44.27439, 16.84482], [44.27981, 16.84907], [44.28664, 16.86364], [44.28871, 16.87985], [44.2915, 16.88135], [44.30413, 16.8676], [44.31277, 16.8662], [44.31727, 16.87041], [44.3138, 16.88769], [44.31658, 16.89172], [44.32968, 16.89188], [44.33127, 16.89453], [44.32796, 16.90164], [44.32887, 16.91204], [44.33277, 16.91815], [44.33778, 16.91972], [44.34254, 16.91709], [44.34737, 16.91693], [44.35744, 16.93104], [44.37397, 16.94684], [44.37763, 16.95501], [44.37754, 16.96317], [44.39230113000008, 16.985420969000074], [44.402358271000026, 17.006601768000053], [44.404290649000075, 17.009096568000075], [44.42417162300006, 17.021972860000062]]]}}, {"type": "Feature", "properties": {"zoneId": "YEM-sa-dah-baqim"}, "geometry": {"type": "Polygon", "coordinates": [[[43.42278, 17.248019999000064], [43.45453, 17.25512], [43.49286, 17.22101], [43.51187, 17.21476], [43.51387, 17.24023], [43.50347, 17.27656], [43.50555, 17.28699], [43.51338, 17.29534], [43.56836, 17.3057], [43.56826, 17.31895], [43.68342, 17.33412], [43.68092947100007, 17.36882388400005], [43.61780556000008, 17.426111109000033], [43.56652778000006, 17.483361110000033], [43.52719444000007, 17.51425], [43.52033333000003, 17.509055560000036], [43.50616667000003, 17.52402778000004], [43.49569444000008, 17.526888890000066], [43.48463889000004, 17.54511111000005], [43.464527780000026, 17.55241667000007], [43.44541667000004, 17.549999999000022], [43.43127778000007, 17.563916670000026], [43.41961111000006, 17.565833330000032], [43.39922222000007, 17.556638890000045], [43.37944444000004, 17.555388890000074], [43.375555560000066, 17.544], [43.35475, 17.55638889000005], [43.335888890000035, 17.53983333000002], [43.31022222000007, 17.52766667000003], [43.30472222000003, 17.531888889000072], [43.30269444000004, 17.5275], [43.28536111000005, 17.51727778000003], [43.26044444000007, 17.489944440000045], [43.24075, 17.480527780000045], [43.25644816000005, 17.45790802700003], [43.26286092000004, 17.45840131600005], [43.26278126400007, 17.457259581000073], [43.29416, 17.44978], [43.29422, 17.44337], [43.30708, 17.44109], [43.31013, 17.44585], [43.32164, 17.44585], [43.33391, 17.45098], [43.33781, 17.44976], [43.34603, 17.42592999900006], [43.35079, 17.4186], [43.3581, 17.41002], [43.37138, 17.40029], [43.34044, 17.39506], [43.34277, 17.38643999900006], [43.3437, 17.36644], [43.34974, 17.3606], [43.36178, 17.35494], [43.39022, 17.32197], [43.40431, 17.323119999000028], [43.40721, 17.32062], [43.40339, 17.31509], [43.40342, 17.292569999000023], [43.405, 17.28962], [43.40988, 17.287869999000065], [43.4172, 17.27048], [43.42278, 17.248019999000064]]]}}, {"type": "Feature", "properties": {"zoneId": "YEM-sa-dah-ghamr"}, "geometry": {"type": "Polygon", "coordinates": [[[43.23078041400004, 17.06451845400005], [43.23272358000003, 17.05859717000004], [43.23969444000005, 17.047388890000036], [43.24855410500004, 17.01550670000006], [43.25946, 17.00873], [43.27937, 16.99989], [43.29307, 16.98482], [43.29811, 16.98521], [43.29891, 16.98272], [43.31237, 16.97879], [43.31491, 16.97543], [43.30899, 16.95504], [43.31186, 16.93381], [43.30627, 16.92783], [43.31283, 16.92679], [43.31576, 16.91584], [43.32144, 16.91058], [43.3222, 16.90428], [43.31656, 16.8942], [43.31708, 16.89061], [43.32113, 16.88643], [43.32422, 16.89077], [43.32674, 16.89849], [43.33291, 16.90239], [43.34273, 16.90302], [43.34587, 16.90459], [43.35393, 16.91055], [43.3615, 16.92254], [43.36552, 16.936689999000066], [43.36743, 16.95217], [43.37194, 16.95668], [43.37112, 16.95894], [43.36449, 16.96115], [43.3671, 16.97538], [43.37185, 16.97545], [43.3891, 16.98195], [43.38512, 16.99573], [43.38028, 17.00224], [43.3659, 17.01192], [43.34226, 17.02026], [43.33674, 17.02342], [43.32876, 17.034639999000035], [43.32445, 17.03667], [43.32084, 17.04116], [43.31642, 17.05216], [43.31304, 17.05621], [43.30492, 17.05936], [43.25876, 17.06079], [43.23078041400004, 17.06451845400005]]]}}, {"type": "Feature", "properties": {"zoneId": "YEM-sa-dah-haydan"}, "geometry": {"type": "Polygon", "coordinates": [[[43.49620548200005, 16.612710605000075], [43.49775787100003, 16.677755692000062], [43.5206, 16.72403], [43.50661, 16.75082], [43.49227, 16.77169], [43.46459, 16.79509], [43.45088, 16.79269], [43.44606, 16.795529999000053], [43.43718, 16.80962], [43.43899, 16.82033], [43.43562, 16.82621], [43.4208, 16.82341], [43.40732, 16.81782], [43.40205, 16.82714], [43.39814, 16.82898], [43.39791, 16.83726], [43.39005, 16.84547], [43.38485, 16.84716], [43.37771, 16.84665], [43.37576, 16.83863], [43.37073, 16.84236], [43.35409, 16.83237], [43.34029, 16.82787], [43.34031, 16.82555], [43.33729, 16.82225], [43.33052, 16.82174], [43.32989, 16.818039999000064], [43.3378, 16.80579], [43.34212, 16.78999], [43.33488, 16.78799], [43.33269, 16.78422], [43.33129, 16.77516], [43.32096, 16.77063], [43.29365, 16.73811], [43.30202, 16.71009], [43.31097, 16.70138], [43.31971, 16.69535], [43.32286, 16.68936], [43.32477, 16.66353], [43.32101333600008, 16.643912700000044], [43.32199660200007, 16.604808998000067], [43.330908124000075, 16.600200035000057], [43.34214170900003, 16.59803024400003], [43.40678533000005, 16.604346278000037], [43.40920113200008, 16.605736755000066], [43.412748915000066, 16.611978127000043], [43.41790967700007, 16.615487786000074], [43.42876354500004, 16.61887906000004], [43.43771294000004, 16.619753613000057], [43.44616868400004, 16.619574922000027], [43.47075074900005, 16.612493776000065], [43.49620548200005, 16.612710605000075]]]}}, {"type": "Feature", "properties": {"zoneId": "YEM-sa-dah-kitaf-wa-al-boqa"}, "geometry": {"type": "MultiPolygon", "coordinates": [[[[43.8171, 16.86326], [43.80806, 16.85549], [43.81951, 16.83829], [43.82798, 16.835459999000022], [43.85369, 16.83313], [43.8342, 16.86246], [43.82405, 16.865], [43.8171, 16.86326]]], [[[44.953271002000065, 17.43353380900004], [44.65, 17.43333333000004], [44.566666670000075, 17.40555556000004], [44.46666667000005, 17.43333332900005], [44.36611111000008, 17.43333333000004], [44.22697222000005, 17.41788889000003], [44.20833333000007, 17.413888890000067], [44.179277780000064, 17.41380556000007], [44.138055560000055, 17.40888889000007], [44.13083333000003, 17.38361111000006], [44.11083333000005, 17.366388890000053], [44.100611110000045, 17.366055560000063], [44.066666670000075, 17.405833330000064], [44.049583330000075, 17.404916670000034], [44.02327778000006, 17.391305560000035], [44.01136111000005, 17.40247222000005], [43.96666667000005, 17.33055556000005], [43.908138457000064, 17.341197256000044], [43.90556848400007, 17.317827532000024], [43.90693, 17.09878], [43.8967, 17.0798], [43.88701, 17.06946], [43.86246, 17.05202], [43.85019, 17.0391], [43.84567, 17.02424], [43.82956, 17.00124], [43.90757, 16.986879999000053], [43.90778, 16.95101], [43.81125, 16.950469999000063], [43.81479, 16.93674], [43.82135, 16.92659], [43.87326, 16.9087], [43.89653, 16.89855], [43.90428, 16.88781], [43.90826, 16.86624], [43.90841, 16.84081], [43.90405, 16.81803], [43.90395, 16.80703], [43.90693, 16.79693], [43.91175, 16.79042], [43.92157, 16.78524], [43.98119, 16.76978], [44.05593, 16.74687], [44.121001539000076, 16.739672106000057], [44.10914, 16.76251], [44.10928, 16.78042], [44.11586, 16.83656], [44.12468, 16.84922], [44.15917, 16.87388], [44.15459, 16.8793], [44.15152, 16.88792], [44.1663, 16.897379999000066], [44.18437, 16.91192], [44.18868, 16.91905], [44.18637, 16.92765], [44.19073, 16.94067], [44.1949, 16.944859999000073], [44.1992, 16.94666], [44.21577, 16.94895], [44.24275, 16.94966], [44.26634, 16.954449999000076], [44.27555, 16.9622], [44.29174, 16.95974], [44.30391, 16.96418], [44.31053, 16.97501], [44.31053, 17.02324], [44.31216, 17.0328], [44.31589, 17.041419999000027], [44.32544, 17.05377], [44.33197, 17.05936], [44.33576, 17.06209], [44.35938, 17.06942], [44.42417162300006, 17.021972860000062], [44.48032809100005, 17.054657338000027], [44.50163589400006, 17.060286458000064], [44.51937034900004, 17.07735507900003], [44.53194050800005, 17.095990948000065], [44.54279337300005, 17.103358747000073], [44.553524795000044, 17.107738717000075], [44.64639386500005, 17.103752761000067], [44.749479800000074, 17.102848558000062], [44.781192098000076, 17.099524855000027], [44.79918612600005, 17.095187362000047], [44.83499058500007, 17.071758758000044], [44.845476476000044, 17.066415177000067], [44.85660693700004, 17.063436271000057], [44.90854613600004, 17.05493158300004], [44.95283411100007, 17.052686255000026], [44.95315116100005, 17.23021649900005], [44.951174922000064, 17.232914669000024], [44.95296943300008, 17.233346244000074], [44.953271002000065, 17.43353380900004]]]]}}, {"type": "Feature", "properties": {"zoneId": "YEM-sa-dah-monabbih"}, "geometry": {"type": "Polygon", "coordinates": [[[43.33093213700005, 17.303387374000067], [43.31498304000007, 17.30427418000005], [43.30997222000008, 17.30108332900005], [43.30975, 17.299277780000068], [43.302444440000045, 17.293194439000047], [43.28948088000004, 17.290108820000057], [43.267222220000065, 17.292222220000042], [43.25765572000006, 17.28177696000006], [43.24557102000006, 17.27416567000006], [43.23244444000005, 17.268916670000067], [43.22406501000006, 17.26026292000006], [43.21921265000003, 17.259691960000055], [43.20854250000008, 17.26196765000003], [43.20321558000006, 17.259570180000026], [43.202009660000044, 17.256404860000032], [43.20368280000008, 17.249493060000077], [43.198769, 17.244912790000058], [43.21630556000008, 17.210361110000065], [43.21031004000008, 17.207212510000033], [43.18395675000005, 17.185585780000054], [43.15194679000007, 17.17471129000006], [43.15914380000004, 17.13160184000003], [43.15788889000004, 17.104472220000048], [43.16016667000008, 17.086972219000074], [43.185277780000035, 17.098611110000036], [43.20805556000005, 17.07833332900003], [43.227222220000044, 17.075361110000074], [43.23078041400004, 17.06451845400005], [43.25876, 17.06079], [43.30492, 17.05936], [43.31304, 17.05621], [43.31642, 17.05216], [43.32084, 17.04116], [43.32445, 17.03667], [43.32876, 17.034639999000035], [43.33492, 17.05617], [43.33528, 17.06581], [43.33344, 17.08062], [43.33644, 17.0899], [43.33687, 17.12043999900004], [43.3307, 17.13414], [43.3313, 17.15003], [43.33367, 17.15773], [43.33248, 17.16563], [43.32841, 17.18184], [43.3228, 17.19201], [43.31773, 17.20747], [43.32752, 17.20622], [43.33818, 17.20226], [43.38327, 17.2105], [43.40023, 17.21583], [43.39963, 17.22502], [43.39339, 17.2523], [43.38052, 17.26875], [43.35686, 17.28906], [43.34098, 17.29261], [43.33093213700005, 17.303387374000067]]]}}, {"type": "Feature", "properties": {"zoneId": "YEM-sa-dah-qatabir"}, "geometry": {"type": "Polygon", "coordinates": [[[43.42278, 17.248019999000064], [43.4172, 17.27048], [43.40988, 17.287869999000065], [43.405, 17.28962], [43.40342, 17.292569999000023], [43.40339, 17.31509], [43.40721, 17.32062], [43.40431, 17.323119999000028], [43.39022, 17.32197], [43.36178, 17.35494], [43.34974, 17.3606], [43.3437, 17.36644], [43.34277, 17.38643999900006], [43.34044, 17.39506], [43.37138, 17.40029], [43.3581, 17.41002], [43.35079, 17.4186], [43.34603, 17.42592999900006], [43.33781, 17.44976], [43.33391, 17.45098], [43.32164, 17.44585], [43.31013, 17.44585], [43.30708, 17.44109], [43.29422, 17.44337], [43.29416, 17.44978], [43.26278126400007, 17.457259581000073], [43.26286092000004, 17.45840131600005], [43.25644816000005, 17.45790802700003], [43.22967124000007, 17.432073890000026], [43.247055560000035, 17.4015], [43.23739714000004, 17.391190180000024], [43.22802778000005, 17.385527780000075], [43.25883333000007, 17.36230556000004], [43.27675, 17.35816667000006], [43.326, 17.32836111000006], [43.3365, 17.30399999900004], [43.33093213700005, 17.303387374000067], [43.34098, 17.29261], [43.35686, 17.28906], [43.38052, 17.26875], [43.39339, 17.2523], [43.39963, 17.22502], [43.40023, 17.21583], [43.41703, 17.2007], [43.42482, 17.22587], [43.42278, 17.248019999000064]]]}}, {"type": "Feature", "properties": {"zoneId": "YEM-sa-dah-razih"}, "geometry": {"type": "Polygon", "coordinates": [[[43.24855410500004, 17.01550670000006], [43.239777780000054, 17.023777780000046], [43.23747222000003, 17.02925], [43.23094444000003, 17.029527780000024], [43.232333330000074, 17.022083330000044], [43.22747222000004, 17.020694440000057], [43.22538889000003, 17.011416670000074], [43.21458333000004, 17.021944440000027], [43.21152778000004, 17.02261111000007], [43.207305560000066, 17.020972219000043], [43.202722220000055, 17.010083330000043], [43.198027780000075, 17.013944440000046], [43.19572222000005, 17.01352777900007], [43.191, 17.016083330000072], [43.19188889000003, 17.018], [43.19041667000005, 17.024833330000035], [43.17922222000004, 17.02583333000007], [43.179, 17.01675], [43.18408333000008, 17.01425], [43.180027780000046, 17.009], [43.17804765000005, 16.993731480000065], [43.184861340000054, 16.989340060000075], [43.18469613000008, 16.985351920000028], [43.18824096000003, 16.981141450000052], [43.18119444000007, 16.978722220000066], [43.17986920000004, 16.97673941000005], [43.177666670000065, 16.978027780000048], [43.17775, 16.968083329000024], [43.18652778000006, 16.95936111000003], [43.19491290000008, 16.955486989000065], [43.193999983000026, 16.944682164000028], [43.19925456900006, 16.941848400000026], [43.2086, 16.92785], [43.20778, 16.91403], [43.21029, 16.90719], [43.21578, 16.905569999000022], [43.22726, 16.90539], [43.22781, 16.89081], [43.23576, 16.88672], [43.23609, 16.88406], [43.23135, 16.88052], [43.23058, 16.87248], [43.22548, 16.86279999900006], [43.22548, 16.85105], [43.23263, 16.84092], [43.2326, 16.83393], [43.23722, 16.82315], [43.24004, 16.82219], [43.26125, 16.8172], [43.28326, 16.82001], [43.28595, 16.85018], [43.29529, 16.85367], [43.30225, 16.85326], [43.3048, 16.858489999000028], [43.30446, 16.8641], [43.306, 16.8692], [43.31634, 16.87314], [43.31878, 16.87923], [43.32335, 16.88388], [43.32276, 16.88656], [43.32518, 16.88917], [43.32422, 16.89077], [43.32113, 16.88643], [43.31708, 16.89061], [43.31656, 16.8942], [43.3222, 16.90428], [43.32144, 16.91058], [43.31576, 16.91584], [43.31283, 16.92679], [43.30627, 16.92783], [43.31186, 16.93381], [43.30899, 16.95504], [43.31491, 16.97543], [43.31237, 16.97879], [43.29891, 16.98272], [43.29811, 16.98521], [43.29307, 16.98482], [43.27937, 16.99989], [43.25946, 17.00873], [43.24855410500004, 17.01550670000006]]]}}, {"type": "Feature", "properties": {"zoneId": "YEM-sa-dah-saqin"}, "geometry": {"type": "Polygon", "coordinates": [[[43.32422, 16.89077], [43.32518, 16.88917], [43.32276, 16.88656], [43.32335, 16.88388], [43.31878, 16.87923], [43.31634, 16.87314], [43.31681, 16.87072], [43.32075, 16.86845], [43.32408, 16.85154], [43.3393, 16.84942], [43.34029, 16.82787], [43.35409, 16.83237], [43.37073, 16.84236], [43.37576, 16.83863], [43.37771, 16.84665], [43.38485, 16.84716], [43.39005, 16.84547], [43.39791, 16.83726], [43.39814, 16.82898], [43.40205, 16.82714], [43.40732, 16.81782], [43.4208, 16.82341], [43.43562, 16.82621], [43.43899, 16.82033], [43.43718, 16.80962], [43.44606, 16.795529999000053], [43.45088, 16.79269], [43.46459, 16.79509], [43.49227, 16.77169], [43.50661, 16.75082], [43.5206, 16.72403], [43.49775787100003, 16.677755692000062], [43.49620548200005, 16.612710605000075], [43.49996439900008, 16.612383884000053], [43.65841655300005, 16.649815373000024], [43.65822501700006, 16.658604041000046], [43.65544, 16.66811], [43.64557, 16.67534], [43.64068, 16.68358], [43.6343, 16.708519999000032], [43.63485, 16.713129999000046], [43.6375, 16.7167], [43.6541, 16.7225], [43.65748, 16.72673], [43.65945, 16.73659], [43.65804, 16.74223], [43.6555, 16.745329999000035], [43.64508, 16.74814], [43.62614, 16.74623], [43.61804, 16.74781], [43.59837, 16.75842], [43.5823, 16.77257], [43.57235, 16.78909], [43.56345, 16.81717], [43.55636, 16.82823], [43.55674, 16.85011], [43.55334, 16.86369], [43.54476, 16.87432], [43.53213, 16.88524], [43.53045, 16.89052], [43.53281, 16.90182], [43.54043, 16.90407], [43.5458, 16.90752], [43.55216, 16.91567], [43.54797, 16.9324], [43.54845, 16.95776999900005], [43.53188, 16.9713], [43.51009, 16.98482], [43.48992, 16.98251], [43.47136, 16.96582], [43.4519, 16.95815], [43.4406, 16.95938], [43.41788, 16.97024], [43.41215, 16.98008], [43.39965, 16.97759], [43.39669, 16.98367], [43.3891, 16.98195], [43.37185, 16.97545], [43.3671, 16.97538], [43.36449, 16.96115], [43.37112, 16.95894], [43.37194, 16.95668], [43.36743, 16.95217], [43.36552, 16.936689999000066], [43.3615, 16.92254], [43.35393, 16.91055], [43.34587, 16.90459], [43.34273, 16.90302], [43.33291, 16.90239], [43.32674, 16.89849], [43.32422, 16.89077]]]}}, {"type": "Feature", "properties": {"zoneId": "YEM-sa-dah-shada-a"}, "geometry": {"type": "Polygon", "coordinates": [[[43.193999983000026, 16.944682164000028], [43.19022222000007, 16.94188889000003], [43.175472220000074, 16.936888890000034], [43.17225, 16.931444440000064], [43.16427778000008, 16.930555559000027], [43.15994046000003, 16.927720580000027], [43.154194440000026, 16.928916670000035], [43.1465, 16.925111110000046], [43.144321010000056, 16.925306060000025], [43.14192566000003, 16.91845114000006], [43.138110820000065, 16.91758292000003], [43.13792399000005, 16.90715299900006], [43.14341041000006, 16.894088200000056], [43.14417112000007, 16.888702460000047], [43.150466540000025, 16.877647430000025], [43.15683703000008, 16.876591030000043], [43.17169921000004, 16.865525670000068], [43.179972220000025, 16.849055560000068], [43.20198777000007, 16.844785080000065], [43.20227778000003, 16.849666670000033], [43.22127778000004, 16.83813889000004], [43.22340040900008, 16.828657802000066], [43.2326, 16.83393], [43.23263, 16.84092], [43.22548, 16.85105], [43.22548, 16.86279999900006], [43.23058, 16.87248], [43.23135, 16.88052], [43.23609, 16.88406], [43.23576, 16.88672], [43.22781, 16.89081], [43.22726, 16.90539], [43.21578, 16.905569999000022], [43.21029, 16.90719], [43.20778, 16.91403], [43.2086, 16.92785], [43.19925456900006, 16.941848400000026], [43.193999983000026, 16.944682164000028]]]}}, {"type": "Feature", "properties": {"zoneId": "YEM-sana-a-sa-fan"}, "geometry": {"type": "Polygon", "coordinates": [[[43.643128673000035, 15.007759204000024], [43.64225, 15.0166], [43.64651, 15.02547], [43.64649, 15.02894], [43.65003, 15.03243], [43.65942, 15.05389], [43.65936, 15.06372], [43.65635, 15.06948999900004], [43.65747, 15.0799], [43.65567, 15.08336], [43.65089, 15.08565], [43.64135, 15.087329999000076], [43.64134, 15.0908], [43.63893, 15.09368], [43.63178, 15.09537], [43.62699, 15.09881], [43.6263, 15.11327], [43.61673, 15.12073], [43.6149, 15.12766], [43.60948, 15.1363], [43.59569, 15.150669999000058], [43.59092, 15.15238], [43.58381, 15.14713], [43.57665, 15.148239999000054], [43.57608, 15.1442], [43.57192, 15.14416], [43.56951, 15.14762], [43.56475, 15.14874], [43.55624063300007, 15.14634832400003], [43.56382000100007, 15.12062], [43.56311, 15.113770001000034], [43.55597000100005, 15.11091], [43.55282000100004, 15.10134], [43.54789000100004, 15.09506], [43.54017, 15.09463], [43.53051000100004, 15.08785000100005], [43.52855, 15.08397], [43.52881, 15.074059999000042], [43.52469, 15.05966], [43.51945, 15.05218], [43.51217161100004, 15.048441753000077], [43.513700001000075, 15.036050001000035], [43.52165, 15.02768], [43.53011, 15.02291], [43.54582, 15.021], [43.56800559100003, 15.008300568000038], [43.57378883200005, 15.001975469000058], [43.58328103500003, 14.998266735000072], [43.59295, 14.99161], [43.62215, 14.99327], [43.62829000100004, 15.00706], [43.63343000100008, 15.008690001000048], [43.643128673000035, 15.007759204000024]]]}}, {"type": "Feature", "properties": {"zoneId": "YEM-shabwah-hatib"}, "geometry": {"type": "Polygon", "coordinates": [[[46.7631, 14.17469], [46.72513, 14.25792], [46.68899, 14.247699999000076], [46.67433, 14.2463], [46.66242, 14.24717], [46.6529, 14.25124], [46.63973, 14.26271], [46.62794, 14.28208], [46.62296, 14.28757], [46.51583, 14.28892], [46.50545, 14.29198], [46.48584, 14.302859999000077], [46.47476, 14.30013], [46.46042, 14.28886], [46.43483, 14.27946], [46.41241, 14.27785], [46.39542, 14.28244], [46.37875, 14.27762], [46.36996, 14.26905], [46.31559, 14.239519999000038], [46.33425, 14.212829999000064], [46.34633, 14.18985], [46.34679, 14.15818], [46.33781, 14.14203], [46.278653330000054, 14.083034571000042], [46.28142, 14.076959999000053], [46.29586, 14.05755], [46.30219, 14.054209999000022], [46.31296, 14.05443], [46.33864, 14.06084], [46.37366, 14.07649], [46.3769, 14.07615], [46.3841, 14.06904], [46.39259, 14.06714], [46.407, 14.06498], [46.44373, 14.06745], [46.47877, 14.07231], [46.51381, 14.08168], [46.55121, 14.09389], [46.5824, 14.111639999000033], [46.58779, 14.11621], [46.59772, 14.12747], [46.60975, 14.151319999000066], [46.61741, 14.15938], [46.62658, 14.16493], [46.64029, 14.16981], [46.67374, 14.17678], [46.71199, 14.17716], [46.75185, 14.17615], [46.7631, 14.17469]]]}}, {"type": "Feature", "properties": {"zoneId": "YEM-ta-iz-al-ma-afer"}, "geometry": {"type": "Polygon", "coordinates": [[[43.78183, 13.28753], [43.78226, 13.28759], [43.8227, 13.29489], [43.84588, 13.2924], [43.86032560700005, 13.285092160000033], [43.89642, 13.27966], [43.917, 13.27446], [43.93627, 13.27355], [43.94469, 13.27508], [43.95193, 13.28449], [43.96256, 13.29129], [43.96608, 13.2883], [43.98279, 13.28416], [43.98222, 13.308], [43.99263, 13.31001], [43.99882, 13.31763], [44.00408975600004, 13.320119919000035], [44.00671429400006, 13.328272741000035], [44.0181, 13.32903], [44.01903, 13.33319], [44.02178, 13.3328], [44.03323, 13.33997], [44.04666890400006, 13.343470328000024], [44.05289, 13.34829], [44.06556, 13.34237], [44.07026, 13.34124], [44.07424, 13.34217], [44.07936914900006, 13.346653743000047], [44.08013801800007, 13.350271948000056], [44.071864008000034, 13.354539585000055], [44.07199457200005, 13.356432760000075], [44.07602559700007, 13.358453548000057], [44.07861, 13.36193], [44.08189, 13.36263], [44.09092896800007, 13.360860643000024], [44.09671, 13.36626], [44.07901, 13.38189], [44.06276, 13.39973], [44.05805, 13.40545], [44.05636, 13.41198], [44.02158, 13.40775], [44.01877, 13.40884], [44.01754, 13.43549], [44.01551, 13.44099], [44.01829128300005, 13.443973579000044], [44.01434661800005, 13.445025489000045], [44.00927114800004, 13.448996452000074], [44.00750243900006, 13.453200976000062], [44.00818, 13.45824], [44.00141, 13.46536], [44.00141, 13.46783], [43.99604, 13.46728], [43.99312783800008, 13.465426958000023], [43.98846878000006, 13.46594906300004], [43.98652, 13.47134], [43.97610562800003, 13.477496463000023], [43.96709, 13.46391], [43.96549, 13.44338], [43.95213, 13.4343], [43.94429755500005, 13.415576394000027], [43.93966, 13.41047], [43.92796, 13.40467], [43.91627, 13.39396], [43.89955, 13.38486], [43.89959, 13.37584], [43.89545, 13.36598], [43.88459, 13.35772], [43.8812, 13.35771], [43.86939, 13.36194], [43.8564, 13.36328], [43.84521, 13.35919], [43.83034, 13.35938], [43.822388981000074, 13.354006729000048], [43.80913, 13.34566], [43.79675, 13.33107], [43.79175, 13.32776], [43.78552003100003, 13.327903513000024], [43.75711, 13.33409], [43.76171, 13.31634], [43.78192558600006, 13.290633699000068], [43.78183, 13.28753]]]}}, {"type": "Feature", "properties": {"zoneId": "YEM-ta-iz-dimnat-khadir"}, "geometry": {"type": "Polygon", "coordinates": [[[44.26138, 13.36735], [44.26136, 13.37304], [44.26418, 13.37632], [44.27498, 13.37761], [44.27731, 13.37535], [44.27717296800006, 13.366102438000041], [44.278705968000054, 13.36371777200003], [44.27583, 13.35317], [44.27609419100003, 13.345264997000072], [44.28878, 13.323370001000058], [44.30482680400007, 13.31924975100003], [44.30576792700003, 13.319426212000053], [44.30494444500005, 13.320837895000068], [44.31041, 13.32151], [44.31500268900004, 13.328190412000026], [44.32217874400004, 13.329955016000042], [44.32188464400008, 13.33177844100004], [44.335633821000044, 13.331969965000042], [44.3378, 13.337840001000075], [44.337750001000074, 13.34392], [44.32922520200003, 13.354081160000021], [44.32227392100003, 13.355144253000049], [44.31845000100003, 13.360020001000066], [44.30579699300006, 13.363449967000065], [44.30072626100008, 13.356528475000061], [44.29746, 13.355720001000066], [44.29421830200005, 13.356951502000072], [44.29288, 13.3676], [44.31036, 13.36768], [44.32450999900004, 13.37346], [44.33003, 13.381560001000025], [44.33328, 13.383540001000028], [44.34916000100003, 13.38549], [44.36627000100003, 13.384580001000074], [44.37630000100006, 13.38125], [44.38305000100007, 13.38057], [44.410643408000055, 13.379986245000055], [44.42938521100007, 13.373232285000029], [44.43595546300003, 13.376019460000066], [44.43750105000004, 13.379153076000023], [44.431239712000036, 13.40037347200007], [44.41143569600007, 13.422451273000036], [44.37448217200006, 13.44403016800004], [44.361428068000066, 13.443532719000075], [44.347197582000035, 13.43919797600006], [44.34132491500003, 13.439922488000036], [44.33125129700005, 13.450797536000039], [44.33326941800004, 13.457592882000029], [44.33061, 13.46054], [44.32408000100003, 13.460830001000033], [44.2862, 13.4797], [44.28247494000004, 13.48423944700005], [44.28167, 13.49505], [44.27829, 13.49833], [44.26953893600006, 13.500735011000074], [44.26642933000005, 13.50688512000005], [44.27046698400005, 13.517780388000062], [44.27263201900007, 13.519636131000027], [44.28159, 13.52046], [44.28542, 13.528], [44.28587, 13.53648], [44.28368340600008, 13.543796210000039], [44.270157693000044, 13.552214742000046], [44.26893, 13.56126], [44.24903, 13.56282], [44.2409, 13.55181], [44.2395, 13.54416], [44.2333, 13.53649], [44.22635, 13.53907], [44.21962, 13.54688], [44.17415, 13.55507], [44.15925, 13.5571], [44.15451117500004, 13.556368147000057], [44.15055, 13.54178], [44.14486, 13.54262], [44.14006, 13.54151], [44.13353905900004, 13.54789863800005], [44.1291, 13.54242], [44.11528928400003, 13.53297617000004], [44.11166903600008, 13.521564721000061], [44.110801749000075, 13.50734121000005], [44.116757121000035, 13.50248440100006], [44.115887342000065, 13.494685454000034], [44.11508, 13.48821], [44.12476, 13.4748], [44.12293, 13.45769], [44.11966, 13.45028], [44.1107, 13.44424], [44.10636936600008, 13.439219571000024], [44.10259, 13.43921], [44.09842, 13.42626], [44.0884, 13.42294], [44.08255, 13.41238], [44.08612, 13.40724], [44.090780917000075, 13.41074425100004], [44.1052, 13.40742], [44.12613, 13.41159], [44.12927, 13.41401], [44.13171, 13.41353], [44.14196, 13.40433], [44.14627, 13.40674], [44.15947731800003, 13.403183417000037], [44.16471, 13.40352], [44.17677, 13.39944], [44.18096, 13.40367], [44.19939, 13.40035000100005], [44.22558, 13.38585], [44.23568, 13.384910001000037], [44.23983, 13.37943], [44.26138, 13.36735]]]}}, {"type": "Feature", "properties": {"zoneId": "YEM-ta-iz-maqbanah"}, "geometry": {"type": "Polygon", "coordinates": [[[43.65448220700006, 13.91033118200005], [43.644938394000064, 13.910725264000064], [43.639410404000046, 13.913831351000056], [43.63323628900008, 13.911815657000034], [43.62494672500003, 13.91315588200007], [43.62258295600003, 13.912746312000024], [43.61771173400007, 13.907666797000047], [43.610106709000036, 13.907325359000026], [43.60286198400007, 13.908035260000077], [43.57977, 13.89842], [43.56451000100003, 13.89607], [43.552061663000075, 13.900148623000064], [43.53526731100004, 13.901044322000075], [43.48712350200003, 13.895670129000052], [43.481973233000076, 13.890743787000076], [43.48354, 13.8757], [43.48188, 13.853320001000043], [43.473340001000054, 13.83715], [43.46945, 13.832530001000066], [43.46899, 13.82456], [43.469881300000054, 13.815952938000066], [43.473464094000065, 13.810578746000033], [43.483202755000036, 13.803339295000058], [43.48430612100003, 13.798523895000073], [43.48299, 13.7939], [43.481518591000054, 13.793784641000059], [43.50318, 13.78656], [43.50339, 13.76162], [43.50941731900008, 13.737282477000065], [43.50803396800006, 13.728152357000056], [43.50865, 13.71303], [43.56568, 13.68478], [43.57973, 13.67392], [43.58515, 13.66522], [43.58939, 13.62483], [43.58278, 13.58644], [43.59877, 13.57596], [43.61765, 13.5085], [43.64102, 13.45303], [43.67017438400006, 13.409915424000076], [43.7554, 13.34144], [43.75711, 13.33409], [43.78552003100003, 13.327903513000024], [43.79175, 13.32776], [43.79675, 13.33107], [43.80913, 13.34566], [43.822388981000074, 13.354006729000048], [43.82256, 13.36401], [43.82587, 13.37387], [43.82416, 13.3796], [43.81828, 13.38285], [43.81657, 13.39023], [43.82238, 13.40174], [43.830219320000026, 13.411041002000047], [43.83824, 13.41412], [43.837618590000034, 13.416695504000074], [43.82857320000005, 13.421670468000059], [43.826663618000055, 13.432575189000033], [43.817216210000026, 13.442575371000032], [43.81461, 13.44929], [43.81374, 13.45749], [43.81705, 13.46243], [43.82207, 13.46491], [43.82008, 13.46876], [43.81951725500005, 13.478975690000027], [43.81214, 13.48002], [43.81443, 13.48456], [43.81022, 13.4862], [43.80743, 13.49026], [43.80796186900005, 13.492725214000075], [43.80012, 13.4968], [43.79504, 13.5058], [43.78579, 13.51722], [43.78909, 13.52136], [43.80799, 13.52154], [43.80833, 13.52388], [43.81838, 13.53392], [43.81833, 13.54447], [43.8208, 13.55187], [43.82748, 13.55764], [43.83837, 13.56097], [43.8459, 13.56101], [43.85747, 13.56398], [43.8616, 13.56706], [43.86614, 13.56731], [43.8657, 13.57172], [43.86106, 13.58002], [43.84844, 13.58259], [43.840964126000074, 13.58693689000006], [43.835432129000026, 13.594030128000043], [43.83156528600006, 13.59463745000005], [43.828259641000045, 13.597184888000072], [43.82639230500007, 13.595619446000057], [43.82505, 13.60132], [43.81951, 13.60949], [43.81343, 13.61411], [43.79412, 13.61903], [43.78682, 13.61899], [43.76996, 13.6339], [43.76473669200004, 13.635503802000073], [43.76261, 13.64474], [43.75198, 13.66198], [43.748876694000046, 13.671681185000068], [43.75282, 13.67689], [43.75559, 13.68994], [43.7602, 13.69793], [43.75009, 13.70828], [43.74862214400008, 13.715006534000054], [43.74456938800006, 13.718866695000031], [43.74448, 13.72203], [43.73951058400007, 13.732302970000035], [43.73915, 13.73994], [43.73336, 13.74884], [43.73074, 13.75002], [43.72479, 13.76155], [43.71251, 13.77074], [43.7089, 13.77072], [43.70046, 13.76712], [43.6993, 13.76006], [43.68968, 13.75529], [43.66673019500007, 13.752648032000025], [43.66089205700007, 13.754240251000056], [43.65779, 13.76627], [43.6205, 13.82449], [43.62647, 13.83513], [43.65178000100008, 13.84235], [43.6719, 13.85591000100004], [43.66485, 13.862530001000039], [43.65481, 13.90139], [43.65448220700006, 13.91033118200005]]]}}, {"type": "Feature", "properties": {"zoneId": "YEM-ta-iz-salah"}, "geometry": {"type": "Polygon", "coordinates": [[[44.074102296000035, 13.603219514000045], [44.06520281200005, 13.60404832200004], [44.05984, 13.60302], [44.05904090200005, 13.59981177700007], [44.05872, 13.603], [44.04775, 13.60281], [44.047034618000055, 13.59981177700007], [44.044353011000055, 13.599689887000068], [44.04397, 13.60274], [44.023, 13.60197], [44.0177, 13.60266], [44.0172, 13.60056], [44.01951, 13.59933], [44.02008, 13.59552], [44.02096, 13.59616], [44.01946, 13.5935], [44.0265, 13.59516], [44.02693, 13.58987], [44.02152, 13.58979], [44.01788, 13.58547], [44.02188, 13.57873], [44.02529, 13.57867], [44.02553, 13.57504], [44.02148, 13.57421], [44.02362, 13.56824], [44.02693, 13.56504], [44.02801, 13.55752], [44.04601, 13.55757], [44.04623, 13.56034], [44.04774, 13.55934], [44.04981, 13.56036], [44.0492, 13.56495], [44.05091, 13.5687], [44.04145, 13.57421], [44.04461, 13.57726], [44.04341, 13.57903], [44.05285, 13.58079], [44.05632, 13.58919], [44.06048, 13.58887], [44.06172, 13.58659], [44.06735, 13.58877], [44.07116, 13.5882], [44.07035, 13.59608], [44.073537387000044, 13.598902998000028], [44.074102296000035, 13.603219514000045]]]}}]}